======================首次抽取 user_info==================================
=============业务数据库最小日期：2026-09-28================== 
======================datax开始抽取 user_info的分区2026-09-28==============================

DataX (DATAX-OPENSOURCE-3.0), From Alibaba !
Copyright (C) 2010-2017, Alibaba Group. All Rights Reserved.


2026-10-05 07:51:04.792 [main] INFO  MessageSource - JVM TimeZone: GMT+08:00, Locale: zh_CN
2026-10-05 07:51:04.794 [main] INFO  MessageSource - use Locale: zh_CN timeZone: sun.util.calendar.ZoneInfo[id="GMT+08:00",offset=28800000,dstSavings=0,useDaylight=false,transitions=0,lastRule=null]
2026-10-05 07:51:04.806 [main] INFO  VMInfo - VMInfo# operatingSystem class => sun.management.OperatingSystemImpl
2026-10-05 07:51:04.810 [main] INFO  Engine - the machine info  => 

	osInfo:	Oracle Corporation 1.8 25.212-b10
	jvmInfo:	Linux amd64 5.4.0-216-generic
	cpu num:	4

	totalPhysicalMemory:	-0.00G
	freePhysicalMemory:	-0.00G
	maxFileDescriptorCount:	-1
	currentOpenFileDescriptorCount:	-1

	GC Names	[PS MarkSweep, PS Scavenge]

	MEMORY_NAME                    | allocation_size                | init_size                      
	PS Eden Space                  | 256.00MB                       | 256.00MB                       
	Code Cache                     | 240.00MB                       | 2.44MB                         
	Compressed Class Space         | 1,024.00MB                     | 0.00MB                         
	PS Survivor Space              | 42.50MB                        | 42.50MB                        
	PS Old Gen                     | 683.00MB                       | 683.00MB                       
	Metaspace                      | -0.00MB                        | 0.00MB                         


2026-10-05 07:51:04.828 [main] INFO  Engine - 
{
	"content":[
		{
			"reader":{
				"name":"mysqlreader",
				"parameter":{
					"connection":[
						{
							"jdbcUrl":[
								"jdbc:mysql://192.168.110.131:3306/cloud_ecommerce?useUnicode=true&characterEncoding=utf-8"
							],
							"querySql":[
								"SELECT * FROM user_info "
							]
						}
					],
					"password":"*******",
					"username":"bigdata"
				}
			},
			"writer":{
				"name":"hdfswriter",
				"parameter":{
					"column":[
						{
							"name":"user_id",
							"type":"BIGINT"
						},
						{
							"name":"username",
							"type":"STRING"
						},
						{
							"name":"password",
							"type":"STRING"
						},
						{
							"name":"real_name",
							"type":"STRING"
						},
						{
							"name":"gender",
							"type":"TINYINT"
						},
						{
							"name":"age",
							"type":"INT"
						},
						{
							"name":"phone",
							"type":"STRING"
						},
						{
							"name":"email",
							"type":"STRING"
						},
						{
							"name":"city",
							"type":"STRING"
						},
						{
							"name":"province",
							"type":"STRING"
						},
						{
							"name":"address",
							"type":"STRING"
						},
						{
							"name":"register_date",
							"type":"STRING"
						},
						{
							"name":"register_channel",
							"type":"STRING"
						},
						{
							"name":"user_level",
							"type":"TINYINT"
						},
						{
							"name":"status",
							"type":"TINYINT"
						},
						{
							"name":"create_time",
							"type":"STRING"
						},
						{
							"name":"update_time",
							"type":"STRING"
						}
					],
					"defaultFS":"hdfs://192.168.42.101:8020",
					"fieldDelimiter":"\t",
					"fileName":"user_info",
					"fileType":"text",
					"path":"/hive3/warehouse/ods.db/ods_user_info",
					"writeMode":"truncate"
				}
			}
		}
	],
	"setting":{
		"speed":{
			"channel":1
		}
	}
}

2026-10-05 07:51:04.845 [main] WARN  Engine - prioriy set to 0, because NumberFormatException, the value is: null
2026-10-05 07:51:04.846 [main] INFO  PerfTrace - PerfTrace traceId=job_-1, isEnable=false, priority=0
2026-10-05 07:51:04.846 [main] INFO  JobContainer - DataX jobContainer starts job.
2026-10-05 07:51:04.848 [main] INFO  JobContainer - Set jobId = 0
2026-10-05 07:51:05.402 [job-0] INFO  OriginalConfPretreatmentUtil - Available jdbcUrl:jdbc:mysql://192.168.110.131:3306/cloud_ecommerce?useUnicode=true&characterEncoding=utf-8&yearIsDateType=false&zeroDateTimeBehavior=convertToNull&tinyInt1isBit=false&rewriteBatchedStatements=true.
2026-10-05 07:51:06.696 [job-0] INFO  JobContainer - jobContainer starts to do prepare ...
2026-10-05 07:51:06.696 [job-0] INFO  JobContainer - DataX Reader.Job [mysqlreader] do prepare work .
2026-10-05 07:51:06.697 [job-0] INFO  JobContainer - DataX Writer.Job [hdfswriter] do prepare work .
2026-10-05 07:51:06.811 [job-0] INFO  JobContainer - jobContainer starts to do split ...
2026-10-05 07:51:06.812 [job-0] INFO  JobContainer - Job set Channel-Number to 1 channels.
2026-10-05 07:51:06.814 [job-0] INFO  JobContainer - DataX Reader.Job [mysqlreader] splits to [1] tasks.
2026-10-05 07:51:06.814 [job-0] INFO  HdfsWriter$Job - begin do split...
2026-10-05 07:51:06.820 [job-0] INFO  HdfsWriter$Job - splited write file name:[hdfs://192.168.42.101:8020/hive3/warehouse/ods.db/ods_user_info__e7a8f832_d1c9_4349_85d3_208f38e760b4/user_info__e5e81cc8_4a73_40ec_aeeb_5496ce263ad0]
2026-10-05 07:51:06.821 [job-0] INFO  HdfsWriter$Job - end do split.
2026-10-05 07:51:06.821 [job-0] INFO  JobContainer - DataX Writer.Job [hdfswriter] splits to [1] tasks.
2026-10-05 07:51:06.835 [job-0] INFO  JobContainer - jobContainer starts to do schedule ...
2026-10-05 07:51:06.839 [job-0] INFO  JobContainer - Scheduler starts [1] taskGroups.
2026-10-05 07:51:06.842 [job-0] INFO  JobContainer - Running by standalone Mode.
2026-10-05 07:51:06.848 [taskGroup-0] INFO  TaskGroupContainer - taskGroupId=[0] start [1] channels for [1] tasks.
2026-10-05 07:51:06.855 [taskGroup-0] INFO  Channel - Channel set byte_speed_limit to -1, No bps activated.
2026-10-05 07:51:06.855 [taskGroup-0] INFO  Channel - Channel set record_speed_limit to -1, No tps activated.
2026-10-05 07:51:06.876 [taskGroup-0] INFO  TaskGroupContainer - taskGroup[0] taskId[0] attemptCount[1] is started
2026-10-05 07:51:06.883 [0-0-0-reader] INFO  CommonRdbmsReader$Task - Begin to read record by Sql: [SELECT * FROM user_info 
] jdbcUrl:[jdbc:mysql://192.168.110.131:3306/cloud_ecommerce?useUnicode=true&characterEncoding=utf-8&yearIsDateType=false&zeroDateTimeBehavior=convertToNull&tinyInt1isBit=false&rewriteBatchedStatements=true].
2026-10-05 07:51:06.892 [0-0-0-writer] INFO  HdfsWriter$Task - begin do write...
2026-10-05 07:51:06.892 [0-0-0-writer] INFO  HdfsWriter$Task - write to file : [hdfs://192.168.42.101:8020/hive3/warehouse/ods.db/ods_user_info__e7a8f832_d1c9_4349_85d3_208f38e760b4/user_info__e5e81cc8_4a73_40ec_aeeb_5496ce263ad0]
2026-10-05 07:51:09.080 [0-0-0-reader] INFO  CommonRdbmsReader$Task - Finished read record by Sql: [SELECT * FROM user_info 
] jdbcUrl:[jdbc:mysql://192.168.110.131:3306/cloud_ecommerce?useUnicode=true&characterEncoding=utf-8&yearIsDateType=false&zeroDateTimeBehavior=convertToNull&tinyInt1isBit=false&rewriteBatchedStatements=true].
2026-10-05 07:51:09.092 [0-0-0-writer] INFO  HdfsWriter$Task - end do write
2026-10-05 07:51:09.180 [taskGroup-0] INFO  TaskGroupContainer - taskGroup[0] taskId[0] is successed, used[2308]ms
2026-10-05 07:51:09.180 [taskGroup-0] INFO  TaskGroupContainer - taskGroup[0] completed it's tasks.
2026-10-05 07:51:16.876 [job-0] INFO  StandAloneJobContainerCommunicator - Total 200000 records, 26452908 bytes | Speed 2.52MB/s, 20000 records/s | Error 0 records, 0 bytes |  All Task WaitWriterTime 0.099s |  All Task WaitReaderTime 0.288s | Percentage 100.00%
2026-10-05 07:51:16.876 [job-0] INFO  AbstractScheduler - Scheduler accomplished all tasks.
2026-10-05 07:51:16.876 [job-0] INFO  JobContainer - DataX Writer.Job [hdfswriter] do post work.
2026-10-05 07:51:16.877 [job-0] INFO  HdfsWriter$Job - start rename file [hdfs://192.168.42.101:8020/hive3/warehouse/ods.db/ods_user_info__e7a8f832_d1c9_4349_85d3_208f38e760b4/user_info__e5e81cc8_4a73_40ec_aeeb_5496ce263ad0] to file [hdfs://192.168.42.101:8020/hive3/warehouse/ods.db/ods_user_info/user_info__e5e81cc8_4a73_40ec_aeeb_5496ce263ad0].
2026-10-05 07:51:16.889 [job-0] INFO  HdfsWriter$Job - finish rename file [hdfs://192.168.42.101:8020/hive3/warehouse/ods.db/ods_user_info__e7a8f832_d1c9_4349_85d3_208f38e760b4/user_info__e5e81cc8_4a73_40ec_aeeb_5496ce263ad0] to file [hdfs://192.168.42.101:8020/hive3/warehouse/ods.db/ods_user_info/user_info__e5e81cc8_4a73_40ec_aeeb_5496ce263ad0].
2026-10-05 07:51:16.889 [job-0] INFO  HdfsWriter$Job - start delete tmp dir [hdfs://192.168.42.101:8020/hive3/warehouse/ods.db/ods_user_info__e7a8f832_d1c9_4349_85d3_208f38e760b4] .
2026-10-05 07:51:16.893 [job-0] INFO  HdfsWriter$Job - finish delete tmp dir [hdfs://192.168.42.101:8020/hive3/warehouse/ods.db/ods_user_info__e7a8f832_d1c9_4349_85d3_208f38e760b4] .
2026-10-05 07:51:16.893 [job-0] INFO  JobContainer - DataX Reader.Job [mysqlreader] do post work.
2026-10-05 07:51:16.893 [job-0] INFO  JobContainer - DataX jobId [0] completed successfully.
2026-10-05 07:51:16.894 [job-0] INFO  HookInvoker - No hook invoked, because base dir not exists or is a file: /opt/datax/hook
2026-10-05 07:51:16.996 [job-0] INFO  JobContainer - 
	 [total cpu info] => 
		averageCpu                     | maxDeltaCpu                    | minDeltaCpu                    
		-1.00%                         | -1.00%                         | -1.00%
                        

	 [total gc info] => 
		 NAME                 | totalGCCount       | maxDeltaGCCount    | minDeltaGCCount    | totalGCTime        | maxDeltaGCTime     | minDeltaGCTime     
		 PS MarkSweep         | 1                  | 1                  | 1                  | 0.031s             | 0.031s             | 0.031s             
		 PS Scavenge          | 12                 | 12                 | 12                 | 0.076s             | 0.076s             | 0.076s             

2026-10-05 07:51:16.996 [job-0] INFO  JobContainer - PerfTrace not enable!
2026-10-05 07:51:16.996 [job-0] INFO  StandAloneJobContainerCommunicator - Total 200000 records, 26452908 bytes | Speed 2.52MB/s, 20000 records/s | Error 0 records, 0 bytes |  All Task WaitWriterTime 0.099s |  All Task WaitReaderTime 0.288s | Percentage 100.00%
2026-10-05 07:51:16.998 [job-0] INFO  JobContainer - 
任务启动时刻                    : 2026-10-05 07:51:04
任务结束时刻                    : 2026-10-05 07:51:16
任务总计耗时                    :                 12s
任务平均流量                    :            2.52MB/s
记录写入速度                    :          20000rec/s
读出记录总数                    :              200000
读写失败总数                    :                   0

======================datax开始抽取 user_info的分区2026-09-29==============================

DataX (DATAX-OPENSOURCE-3.0), From Alibaba !
Copyright (C) 2010-2017, Alibaba Group. All Rights Reserved.


2026-10-05 07:51:18.660 [main] INFO  MessageSource - JVM TimeZone: GMT+08:00, Locale: zh_CN
2026-10-05 07:51:18.662 [main] INFO  MessageSource - use Locale: zh_CN timeZone: sun.util.calendar.ZoneInfo[id="GMT+08:00",offset=28800000,dstSavings=0,useDaylight=false,transitions=0,lastRule=null]
2026-10-05 07:51:18.670 [main] INFO  VMInfo - VMInfo# operatingSystem class => sun.management.OperatingSystemImpl
2026-10-05 07:51:18.674 [main] INFO  Engine - the machine info  => 

	osInfo:	Oracle Corporation 1.8 25.212-b10
	jvmInfo:	Linux amd64 5.4.0-216-generic
	cpu num:	4

	totalPhysicalMemory:	-0.00G
	freePhysicalMemory:	-0.00G
	maxFileDescriptorCount:	-1
	currentOpenFileDescriptorCount:	-1

	GC Names	[PS MarkSweep, PS Scavenge]

	MEMORY_NAME                    | allocation_size                | init_size                      
	PS Eden Space                  | 256.00MB                       | 256.00MB                       
	Code Cache                     | 240.00MB                       | 2.44MB                         
	Compressed Class Space         | 1,024.00MB                     | 0.00MB                         
	PS Survivor Space              | 42.50MB                        | 42.50MB                        
	PS Old Gen                     | 683.00MB                       | 683.00MB                       
	Metaspace                      | -0.00MB                        | 0.00MB                         


2026-10-05 07:51:18.689 [main] INFO  Engine - 
{
	"content":[
		{
			"reader":{
				"name":"mysqlreader",
				"parameter":{
					"connection":[
						{
							"jdbcUrl":[
								"jdbc:mysql://192.168.110.131:3306/cloud_ecommerce?useUnicode=true&characterEncoding=utf-8"
							],
							"querySql":[
								"SELECT * FROM user_info "
							]
						}
					],
					"password":"*******",
					"username":"bigdata"
				}
			},
			"writer":{
				"name":"hdfswriter",
				"parameter":{
					"column":[
						{
							"name":"user_id",
							"type":"BIGINT"
						},
						{
							"name":"username",
							"type":"STRING"
						},
						{
							"name":"password",
							"type":"STRING"
						},
						{
							"name":"real_name",
							"type":"STRING"
						},
						{
							"name":"gender",
							"type":"TINYINT"
						},
						{
							"name":"age",
							"type":"INT"
						},
						{
							"name":"phone",
							"type":"STRING"
						},
						{
							"name":"email",
							"type":"STRING"
						},
						{
							"name":"city",
							"type":"STRING"
						},
						{
							"name":"province",
							"type":"STRING"
						},
						{
							"name":"address",
							"type":"STRING"
						},
						{
							"name":"register_date",
							"type":"STRING"
						},
						{
							"name":"register_channel",
							"type":"STRING"
						},
						{
							"name":"user_level",
							"type":"TINYINT"
						},
						{
							"name":"status",
							"type":"TINYINT"
						},
						{
							"name":"create_time",
							"type":"STRING"
						},
						{
							"name":"update_time",
							"type":"STRING"
						}
					],
					"defaultFS":"hdfs://192.168.42.101:8020",
					"fieldDelimiter":"\t",
					"fileName":"user_info",
					"fileType":"text",
					"path":"/hive3/warehouse/ods.db/ods_user_info",
					"writeMode":"truncate"
				}
			}
		}
	],
	"setting":{
		"speed":{
			"channel":1
		}
	}
}

2026-10-05 07:51:18.704 [main] WARN  Engine - prioriy set to 0, because NumberFormatException, the value is: null
2026-10-05 07:51:18.705 [main] INFO  PerfTrace - PerfTrace traceId=job_-1, isEnable=false, priority=0
2026-10-05 07:51:18.706 [main] INFO  JobContainer - DataX jobContainer starts job.
2026-10-05 07:51:18.707 [main] INFO  JobContainer - Set jobId = 0
2026-10-05 07:51:19.145 [job-0] INFO  OriginalConfPretreatmentUtil - Available jdbcUrl:jdbc:mysql://192.168.110.131:3306/cloud_ecommerce?useUnicode=true&characterEncoding=utf-8&yearIsDateType=false&zeroDateTimeBehavior=convertToNull&tinyInt1isBit=false&rewriteBatchedStatements=true.
2026-10-05 07:51:19.815 [job-0] INFO  JobContainer - jobContainer starts to do prepare ...
2026-10-05 07:51:19.815 [job-0] INFO  JobContainer - DataX Reader.Job [mysqlreader] do prepare work .
2026-10-05 07:51:19.815 [job-0] INFO  JobContainer - DataX Writer.Job [hdfswriter] do prepare work .
2026-10-05 07:51:19.889 [job-0] INFO  HdfsWriter$Job - 由于您配置了writeMode truncate,  [/hive3/warehouse/ods.db/ods_user_info] 下面的内容将被覆盖重写
2026-10-05 07:51:19.889 [job-0] INFO  HdfsWriter$Job - delete file [hdfs://192.168.42.101:8020/hive3/warehouse/ods.db/ods_user_info/user_info__e5e81cc8_4a73_40ec_aeeb_5496ce263ad0].
2026-10-05 07:51:19.897 [job-0] INFO  JobContainer - jobContainer starts to do split ...
2026-10-05 07:51:19.898 [job-0] INFO  JobContainer - Job set Channel-Number to 1 channels.
2026-10-05 07:51:19.900 [job-0] INFO  JobContainer - DataX Reader.Job [mysqlreader] splits to [1] tasks.
2026-10-05 07:51:19.900 [job-0] INFO  HdfsWriter$Job - begin do split...
2026-10-05 07:51:19.905 [job-0] INFO  HdfsWriter$Job - splited write file name:[hdfs://192.168.42.101:8020/hive3/warehouse/ods.db/ods_user_info__0e52a9d7_e76a_450c_9999_ed1b77a0e218/user_info__9f1e0ede_4392_4ed3_95b9_8bb318221637]
2026-10-05 07:51:19.905 [job-0] INFO  HdfsWriter$Job - end do split.
2026-10-05 07:51:19.905 [job-0] INFO  JobContainer - DataX Writer.Job [hdfswriter] splits to [1] tasks.
2026-10-05 07:51:19.918 [job-0] INFO  JobContainer - jobContainer starts to do schedule ...
2026-10-05 07:51:19.921 [job-0] INFO  JobContainer - Scheduler starts [1] taskGroups.
2026-10-05 07:51:19.922 [job-0] INFO  JobContainer - Running by standalone Mode.
2026-10-05 07:51:19.928 [taskGroup-0] INFO  TaskGroupContainer - taskGroupId=[0] start [1] channels for [1] tasks.
2026-10-05 07:51:19.931 [taskGroup-0] INFO  Channel - Channel set byte_speed_limit to -1, No bps activated.
2026-10-05 07:51:19.931 [taskGroup-0] INFO  Channel - Channel set record_speed_limit to -1, No tps activated.
2026-10-05 07:51:19.952 [taskGroup-0] INFO  TaskGroupContainer - taskGroup[0] taskId[0] attemptCount[1] is started
2026-10-05 07:51:19.955 [0-0-0-reader] INFO  CommonRdbmsReader$Task - Begin to read record by Sql: [SELECT * FROM user_info 
] jdbcUrl:[jdbc:mysql://192.168.110.131:3306/cloud_ecommerce?useUnicode=true&characterEncoding=utf-8&yearIsDateType=false&zeroDateTimeBehavior=convertToNull&tinyInt1isBit=false&rewriteBatchedStatements=true].
2026-10-05 07:51:19.965 [0-0-0-writer] INFO  HdfsWriter$Task - begin do write...
2026-10-05 07:51:19.965 [0-0-0-writer] INFO  HdfsWriter$Task - write to file : [hdfs://192.168.42.101:8020/hive3/warehouse/ods.db/ods_user_info__0e52a9d7_e76a_450c_9999_ed1b77a0e218/user_info__9f1e0ede_4392_4ed3_95b9_8bb318221637]
2026-10-05 07:51:22.127 [0-0-0-reader] INFO  CommonRdbmsReader$Task - Finished read record by Sql: [SELECT * FROM user_info 
] jdbcUrl:[jdbc:mysql://192.168.110.131:3306/cloud_ecommerce?useUnicode=true&characterEncoding=utf-8&yearIsDateType=false&zeroDateTimeBehavior=convertToNull&tinyInt1isBit=false&rewriteBatchedStatements=true].
2026-10-05 07:51:22.138 [0-0-0-writer] INFO  HdfsWriter$Task - end do write
2026-10-05 07:51:22.155 [taskGroup-0] INFO  TaskGroupContainer - taskGroup[0] taskId[0] is successed, used[2216]ms
2026-10-05 07:51:22.155 [taskGroup-0] INFO  TaskGroupContainer - taskGroup[0] completed it's tasks.
2026-10-05 07:51:29.935 [job-0] INFO  StandAloneJobContainerCommunicator - Total 200000 records, 26452908 bytes | Speed 2.52MB/s, 20000 records/s | Error 0 records, 0 bytes |  All Task WaitWriterTime 0.193s |  All Task WaitReaderTime 0.210s | Percentage 100.00%
2026-10-05 07:51:29.935 [job-0] INFO  AbstractScheduler - Scheduler accomplished all tasks.
2026-10-05 07:51:29.935 [job-0] INFO  JobContainer - DataX Writer.Job [hdfswriter] do post work.
2026-10-05 07:51:29.935 [job-0] INFO  HdfsWriter$Job - start rename file [hdfs://192.168.42.101:8020/hive3/warehouse/ods.db/ods_user_info__0e52a9d7_e76a_450c_9999_ed1b77a0e218/user_info__9f1e0ede_4392_4ed3_95b9_8bb318221637] to file [hdfs://192.168.42.101:8020/hive3/warehouse/ods.db/ods_user_info/user_info__9f1e0ede_4392_4ed3_95b9_8bb318221637].
2026-10-05 07:51:29.943 [job-0] INFO  HdfsWriter$Job - finish rename file [hdfs://192.168.42.101:8020/hive3/warehouse/ods.db/ods_user_info__0e52a9d7_e76a_450c_9999_ed1b77a0e218/user_info__9f1e0ede_4392_4ed3_95b9_8bb318221637] to file [hdfs://192.168.42.101:8020/hive3/warehouse/ods.db/ods_user_info/user_info__9f1e0ede_4392_4ed3_95b9_8bb318221637].
2026-10-05 07:51:29.943 [job-0] INFO  HdfsWriter$Job - start delete tmp dir [hdfs://192.168.42.101:8020/hive3/warehouse/ods.db/ods_user_info__0e52a9d7_e76a_450c_9999_ed1b77a0e218] .
2026-10-05 07:51:29.946 [job-0] INFO  HdfsWriter$Job - finish delete tmp dir [hdfs://192.168.42.101:8020/hive3/warehouse/ods.db/ods_user_info__0e52a9d7_e76a_450c_9999_ed1b77a0e218] .
2026-10-05 07:51:29.946 [job-0] INFO  JobContainer - DataX Reader.Job [mysqlreader] do post work.
2026-10-05 07:51:29.946 [job-0] INFO  JobContainer - DataX jobId [0] completed successfully.
2026-10-05 07:51:29.947 [job-0] INFO  HookInvoker - No hook invoked, because base dir not exists or is a file: /opt/datax/hook
2026-10-05 07:51:30.048 [job-0] INFO  JobContainer - 
	 [total cpu info] => 
		averageCpu                     | maxDeltaCpu                    | minDeltaCpu                    
		-1.00%                         | -1.00%                         | -1.00%
                        

	 [total gc info] => 
		 NAME                 | totalGCCount       | maxDeltaGCCount    | minDeltaGCCount    | totalGCTime        | maxDeltaGCTime     | minDeltaGCTime     
		 PS MarkSweep         | 1                  | 1                  | 1                  | 0.024s             | 0.024s             | 0.024s             
		 PS Scavenge          | 12                 | 12                 | 12                 | 0.059s             | 0.059s             | 0.059s             

2026-10-05 07:51:30.048 [job-0] INFO  JobContainer - PerfTrace not enable!
2026-10-05 07:51:30.049 [job-0] INFO  StandAloneJobContainerCommunicator - Total 200000 records, 26452908 bytes | Speed 2.52MB/s, 20000 records/s | Error 0 records, 0 bytes |  All Task WaitWriterTime 0.193s |  All Task WaitReaderTime 0.210s | Percentage 100.00%
2026-10-05 07:51:30.051 [job-0] INFO  JobContainer - 
任务启动时刻                    : 2026-10-05 07:51:18
任务结束时刻                    : 2026-10-05 07:51:30
任务总计耗时                    :                 11s
任务平均流量                    :            2.52MB/s
记录写入速度                    :          20000rec/s
读出记录总数                    :              200000
读写失败总数                    :                   0

======================datax开始抽取 user_info的分区2026-09-30==============================

DataX (DATAX-OPENSOURCE-3.0), From Alibaba !
Copyright (C) 2010-2017, Alibaba Group. All Rights Reserved.


2026-10-05 07:51:31.743 [main] INFO  MessageSource - JVM TimeZone: GMT+08:00, Locale: zh_CN
2026-10-05 07:51:31.744 [main] INFO  MessageSource - use Locale: zh_CN timeZone: sun.util.calendar.ZoneInfo[id="GMT+08:00",offset=28800000,dstSavings=0,useDaylight=false,transitions=0,lastRule=null]
2026-10-05 07:51:31.751 [main] INFO  VMInfo - VMInfo# operatingSystem class => sun.management.OperatingSystemImpl
2026-10-05 07:51:31.754 [main] INFO  Engine - the machine info  => 

	osInfo:	Oracle Corporation 1.8 25.212-b10
	jvmInfo:	Linux amd64 5.4.0-216-generic
	cpu num:	4

	totalPhysicalMemory:	-0.00G
	freePhysicalMemory:	-0.00G
	maxFileDescriptorCount:	-1
	currentOpenFileDescriptorCount:	-1

	GC Names	[PS MarkSweep, PS Scavenge]

	MEMORY_NAME                    | allocation_size                | init_size                      
	PS Eden Space                  | 256.00MB                       | 256.00MB                       
	Code Cache                     | 240.00MB                       | 2.44MB                         
	Compressed Class Space         | 1,024.00MB                     | 0.00MB                         
	PS Survivor Space              | 42.50MB                        | 42.50MB                        
	PS Old Gen                     | 683.00MB                       | 683.00MB                       
	Metaspace                      | -0.00MB                        | 0.00MB                         


2026-10-05 07:51:31.765 [main] INFO  Engine - 
{
	"content":[
		{
			"reader":{
				"name":"mysqlreader",
				"parameter":{
					"connection":[
						{
							"jdbcUrl":[
								"jdbc:mysql://192.168.110.131:3306/cloud_ecommerce?useUnicode=true&characterEncoding=utf-8"
							],
							"querySql":[
								"SELECT * FROM user_info "
							]
						}
					],
					"password":"*******",
					"username":"bigdata"
				}
			},
			"writer":{
				"name":"hdfswriter",
				"parameter":{
					"column":[
						{
							"name":"user_id",
							"type":"BIGINT"
						},
						{
							"name":"username",
							"type":"STRING"
						},
						{
							"name":"password",
							"type":"STRING"
						},
						{
							"name":"real_name",
							"type":"STRING"
						},
						{
							"name":"gender",
							"type":"TINYINT"
						},
						{
							"name":"age",
							"type":"INT"
						},
						{
							"name":"phone",
							"type":"STRING"
						},
						{
							"name":"email",
							"type":"STRING"
						},
						{
							"name":"city",
							"type":"STRING"
						},
						{
							"name":"province",
							"type":"STRING"
						},
						{
							"name":"address",
							"type":"STRING"
						},
						{
							"name":"register_date",
							"type":"STRING"
						},
						{
							"name":"register_channel",
							"type":"STRING"
						},
						{
							"name":"user_level",
							"type":"TINYINT"
						},
						{
							"name":"status",
							"type":"TINYINT"
						},
						{
							"name":"create_time",
							"type":"STRING"
						},
						{
							"name":"update_time",
							"type":"STRING"
						}
					],
					"defaultFS":"hdfs://192.168.42.101:8020",
					"fieldDelimiter":"\t",
					"fileName":"user_info",
					"fileType":"text",
					"path":"/hive3/warehouse/ods.db/ods_user_info",
					"writeMode":"truncate"
				}
			}
		}
	],
	"setting":{
		"speed":{
			"channel":1
		}
	}
}

2026-10-05 07:51:31.773 [main] WARN  Engine - prioriy set to 0, because NumberFormatException, the value is: null
2026-10-05 07:51:31.775 [main] INFO  PerfTrace - PerfTrace traceId=job_-1, isEnable=false, priority=0
2026-10-05 07:51:31.775 [main] INFO  JobContainer - DataX jobContainer starts job.
2026-10-05 07:51:31.776 [main] INFO  JobContainer - Set jobId = 0
2026-10-05 07:51:32.156 [job-0] INFO  OriginalConfPretreatmentUtil - Available jdbcUrl:jdbc:mysql://192.168.110.131:3306/cloud_ecommerce?useUnicode=true&characterEncoding=utf-8&yearIsDateType=false&zeroDateTimeBehavior=convertToNull&tinyInt1isBit=false&rewriteBatchedStatements=true.
2026-10-05 07:51:32.739 [job-0] INFO  JobContainer - jobContainer starts to do prepare ...
2026-10-05 07:51:32.739 [job-0] INFO  JobContainer - DataX Reader.Job [mysqlreader] do prepare work .
2026-10-05 07:51:32.739 [job-0] INFO  JobContainer - DataX Writer.Job [hdfswriter] do prepare work .
2026-10-05 07:51:32.795 [job-0] INFO  HdfsWriter$Job - 由于您配置了writeMode truncate,  [/hive3/warehouse/ods.db/ods_user_info] 下面的内容将被覆盖重写
2026-10-05 07:51:32.795 [job-0] INFO  HdfsWriter$Job - delete file [hdfs://192.168.42.101:8020/hive3/warehouse/ods.db/ods_user_info/user_info__9f1e0ede_4392_4ed3_95b9_8bb318221637].
2026-10-05 07:51:32.802 [job-0] INFO  JobContainer - jobContainer starts to do split ...
2026-10-05 07:51:32.802 [job-0] INFO  JobContainer - Job set Channel-Number to 1 channels.
2026-10-05 07:51:32.804 [job-0] INFO  JobContainer - DataX Reader.Job [mysqlreader] splits to [1] tasks.
2026-10-05 07:51:32.804 [job-0] INFO  HdfsWriter$Job - begin do split...
2026-10-05 07:51:32.808 [job-0] INFO  HdfsWriter$Job - splited write file name:[hdfs://192.168.42.101:8020/hive3/warehouse/ods.db/ods_user_info__6dfe2807_e128_47f6_854d_1b56395c35ad/user_info__a76efd80_c23c_423f_8ad6_c194548461da]
2026-10-05 07:51:32.809 [job-0] INFO  HdfsWriter$Job - end do split.
2026-10-05 07:51:32.809 [job-0] INFO  JobContainer - DataX Writer.Job [hdfswriter] splits to [1] tasks.
2026-10-05 07:51:32.821 [job-0] INFO  JobContainer - jobContainer starts to do schedule ...
2026-10-05 07:51:32.823 [job-0] INFO  JobContainer - Scheduler starts [1] taskGroups.
2026-10-05 07:51:32.825 [job-0] INFO  JobContainer - Running by standalone Mode.
2026-10-05 07:51:32.830 [taskGroup-0] INFO  TaskGroupContainer - taskGroupId=[0] start [1] channels for [1] tasks.
2026-10-05 07:51:32.833 [taskGroup-0] INFO  Channel - Channel set byte_speed_limit to -1, No bps activated.
2026-10-05 07:51:32.833 [taskGroup-0] INFO  Channel - Channel set record_speed_limit to -1, No tps activated.
2026-10-05 07:51:32.841 [taskGroup-0] INFO  TaskGroupContainer - taskGroup[0] taskId[0] attemptCount[1] is started
2026-10-05 07:51:32.851 [0-0-0-reader] INFO  CommonRdbmsReader$Task - Begin to read record by Sql: [SELECT * FROM user_info 
] jdbcUrl:[jdbc:mysql://192.168.110.131:3306/cloud_ecommerce?useUnicode=true&characterEncoding=utf-8&yearIsDateType=false&zeroDateTimeBehavior=convertToNull&tinyInt1isBit=false&rewriteBatchedStatements=true].
2026-10-05 07:51:32.863 [0-0-0-writer] INFO  HdfsWriter$Task - begin do write...
2026-10-05 07:51:32.863 [0-0-0-writer] INFO  HdfsWriter$Task - write to file : [hdfs://192.168.42.101:8020/hive3/warehouse/ods.db/ods_user_info__6dfe2807_e128_47f6_854d_1b56395c35ad/user_info__a76efd80_c23c_423f_8ad6_c194548461da]
2026-10-05 07:51:34.962 [0-0-0-reader] INFO  CommonRdbmsReader$Task - Finished read record by Sql: [SELECT * FROM user_info 
] jdbcUrl:[jdbc:mysql://192.168.110.131:3306/cloud_ecommerce?useUnicode=true&characterEncoding=utf-8&yearIsDateType=false&zeroDateTimeBehavior=convertToNull&tinyInt1isBit=false&rewriteBatchedStatements=true].
2026-10-05 07:51:34.974 [0-0-0-writer] INFO  HdfsWriter$Task - end do write
2026-10-05 07:51:35.046 [taskGroup-0] INFO  TaskGroupContainer - taskGroup[0] taskId[0] is successed, used[2209]ms
2026-10-05 07:51:35.047 [taskGroup-0] INFO  TaskGroupContainer - taskGroup[0] completed it's tasks.
2026-10-05 07:51:42.837 [job-0] INFO  StandAloneJobContainerCommunicator - Total 200000 records, 26452908 bytes | Speed 2.52MB/s, 20000 records/s | Error 0 records, 0 bytes |  All Task WaitWriterTime 0.187s |  All Task WaitReaderTime 0.230s | Percentage 100.00%
2026-10-05 07:51:42.838 [job-0] INFO  AbstractScheduler - Scheduler accomplished all tasks.
2026-10-05 07:51:42.838 [job-0] INFO  JobContainer - DataX Writer.Job [hdfswriter] do post work.
2026-10-05 07:51:42.838 [job-0] INFO  HdfsWriter$Job - start rename file [hdfs://192.168.42.101:8020/hive3/warehouse/ods.db/ods_user_info__6dfe2807_e128_47f6_854d_1b56395c35ad/user_info__a76efd80_c23c_423f_8ad6_c194548461da] to file [hdfs://192.168.42.101:8020/hive3/warehouse/ods.db/ods_user_info/user_info__a76efd80_c23c_423f_8ad6_c194548461da].
2026-10-05 07:51:42.845 [job-0] INFO  HdfsWriter$Job - finish rename file [hdfs://192.168.42.101:8020/hive3/warehouse/ods.db/ods_user_info__6dfe2807_e128_47f6_854d_1b56395c35ad/user_info__a76efd80_c23c_423f_8ad6_c194548461da] to file [hdfs://192.168.42.101:8020/hive3/warehouse/ods.db/ods_user_info/user_info__a76efd80_c23c_423f_8ad6_c194548461da].
2026-10-05 07:51:42.845 [job-0] INFO  HdfsWriter$Job - start delete tmp dir [hdfs://192.168.42.101:8020/hive3/warehouse/ods.db/ods_user_info__6dfe2807_e128_47f6_854d_1b56395c35ad] .
2026-10-05 07:51:42.848 [job-0] INFO  HdfsWriter$Job - finish delete tmp dir [hdfs://192.168.42.101:8020/hive3/warehouse/ods.db/ods_user_info__6dfe2807_e128_47f6_854d_1b56395c35ad] .
2026-10-05 07:51:42.848 [job-0] INFO  JobContainer - DataX Reader.Job [mysqlreader] do post work.
2026-10-05 07:51:42.848 [job-0] INFO  JobContainer - DataX jobId [0] completed successfully.
2026-10-05 07:51:42.849 [job-0] INFO  HookInvoker - No hook invoked, because base dir not exists or is a file: /opt/datax/hook
2026-10-05 07:51:42.951 [job-0] INFO  JobContainer - 
	 [total cpu info] => 
		averageCpu                     | maxDeltaCpu                    | minDeltaCpu                    
		-1.00%                         | -1.00%                         | -1.00%
                        

	 [total gc info] => 
		 NAME                 | totalGCCount       | maxDeltaGCCount    | minDeltaGCCount    | totalGCTime        | maxDeltaGCTime     | minDeltaGCTime     
		 PS MarkSweep         | 1                  | 1                  | 1                  | 0.020s             | 0.020s             | 0.020s             
		 PS Scavenge          | 11                 | 11                 | 11                 | 0.046s             | 0.046s             | 0.046s             

2026-10-05 07:51:42.951 [job-0] INFO  JobContainer - PerfTrace not enable!
2026-10-05 07:51:42.952 [job-0] INFO  StandAloneJobContainerCommunicator - Total 200000 records, 26452908 bytes | Speed 2.52MB/s, 20000 records/s | Error 0 records, 0 bytes |  All Task WaitWriterTime 0.187s |  All Task WaitReaderTime 0.230s | Percentage 100.00%
2026-10-05 07:51:42.953 [job-0] INFO  JobContainer - 
任务启动时刻                    : 2026-10-05 07:51:31
任务结束时刻                    : 2026-10-05 07:51:42
任务总计耗时                    :                 11s
任务平均流量                    :            2.52MB/s
记录写入速度                    :          20000rec/s
读出记录总数                    :              200000
读写失败总数                    :                   0

======================datax开始抽取 user_info的分区2026-10-01==============================

DataX (DATAX-OPENSOURCE-3.0), From Alibaba !
Copyright (C) 2010-2017, Alibaba Group. All Rights Reserved.


2026-10-05 07:51:44.666 [main] INFO  MessageSource - JVM TimeZone: GMT+08:00, Locale: zh_CN
2026-10-05 07:51:44.667 [main] INFO  MessageSource - use Locale: zh_CN timeZone: sun.util.calendar.ZoneInfo[id="GMT+08:00",offset=28800000,dstSavings=0,useDaylight=false,transitions=0,lastRule=null]
2026-10-05 07:51:44.674 [main] INFO  VMInfo - VMInfo# operatingSystem class => sun.management.OperatingSystemImpl
2026-10-05 07:51:44.678 [main] INFO  Engine - the machine info  => 

	osInfo:	Oracle Corporation 1.8 25.212-b10
	jvmInfo:	Linux amd64 5.4.0-216-generic
	cpu num:	4

	totalPhysicalMemory:	-0.00G
	freePhysicalMemory:	-0.00G
	maxFileDescriptorCount:	-1
	currentOpenFileDescriptorCount:	-1

	GC Names	[PS MarkSweep, PS Scavenge]

	MEMORY_NAME                    | allocation_size                | init_size                      
	PS Eden Space                  | 256.00MB                       | 256.00MB                       
	Code Cache                     | 240.00MB                       | 2.44MB                         
	Compressed Class Space         | 1,024.00MB                     | 0.00MB                         
	PS Survivor Space              | 42.50MB                        | 42.50MB                        
	PS Old Gen                     | 683.00MB                       | 683.00MB                       
	Metaspace                      | -0.00MB                        | 0.00MB                         


2026-10-05 07:51:44.691 [main] INFO  Engine - 
{
	"content":[
		{
			"reader":{
				"name":"mysqlreader",
				"parameter":{
					"connection":[
						{
							"jdbcUrl":[
								"jdbc:mysql://192.168.110.131:3306/cloud_ecommerce?useUnicode=true&characterEncoding=utf-8"
							],
							"querySql":[
								"SELECT * FROM user_info "
							]
						}
					],
					"password":"*******",
					"username":"bigdata"
				}
			},
			"writer":{
				"name":"hdfswriter",
				"parameter":{
					"column":[
						{
							"name":"user_id",
							"type":"BIGINT"
						},
						{
							"name":"username",
							"type":"STRING"
						},
						{
							"name":"password",
							"type":"STRING"
						},
						{
							"name":"real_name",
							"type":"STRING"
						},
						{
							"name":"gender",
							"type":"TINYINT"
						},
						{
							"name":"age",
							"type":"INT"
						},
						{
							"name":"phone",
							"type":"STRING"
						},
						{
							"name":"email",
							"type":"STRING"
						},
						{
							"name":"city",
							"type":"STRING"
						},
						{
							"name":"province",
							"type":"STRING"
						},
						{
							"name":"address",
							"type":"STRING"
						},
						{
							"name":"register_date",
							"type":"STRING"
						},
						{
							"name":"register_channel",
							"type":"STRING"
						},
						{
							"name":"user_level",
							"type":"TINYINT"
						},
						{
							"name":"status",
							"type":"TINYINT"
						},
						{
							"name":"create_time",
							"type":"STRING"
						},
						{
							"name":"update_time",
							"type":"STRING"
						}
					],
					"defaultFS":"hdfs://192.168.42.101:8020",
					"fieldDelimiter":"\t",
					"fileName":"user_info",
					"fileType":"text",
					"path":"/hive3/warehouse/ods.db/ods_user_info",
					"writeMode":"truncate"
				}
			}
		}
	],
	"setting":{
		"speed":{
			"channel":1
		}
	}
}

2026-10-05 07:51:44.701 [main] WARN  Engine - prioriy set to 0, because NumberFormatException, the value is: null
2026-10-05 07:51:44.702 [main] INFO  PerfTrace - PerfTrace traceId=job_-1, isEnable=false, priority=0
2026-10-05 07:51:44.702 [main] INFO  JobContainer - DataX jobContainer starts job.
2026-10-05 07:51:44.704 [main] INFO  JobContainer - Set jobId = 0
2026-10-05 07:51:45.092 [job-0] INFO  OriginalConfPretreatmentUtil - Available jdbcUrl:jdbc:mysql://192.168.110.131:3306/cloud_ecommerce?useUnicode=true&characterEncoding=utf-8&yearIsDateType=false&zeroDateTimeBehavior=convertToNull&tinyInt1isBit=false&rewriteBatchedStatements=true.
2026-10-05 07:51:45.694 [job-0] INFO  JobContainer - jobContainer starts to do prepare ...
2026-10-05 07:51:45.694 [job-0] INFO  JobContainer - DataX Reader.Job [mysqlreader] do prepare work .
2026-10-05 07:51:45.694 [job-0] INFO  JobContainer - DataX Writer.Job [hdfswriter] do prepare work .
2026-10-05 07:51:45.759 [job-0] INFO  HdfsWriter$Job - 由于您配置了writeMode truncate,  [/hive3/warehouse/ods.db/ods_user_info] 下面的内容将被覆盖重写
2026-10-05 07:51:45.759 [job-0] INFO  HdfsWriter$Job - delete file [hdfs://192.168.42.101:8020/hive3/warehouse/ods.db/ods_user_info/user_info__a76efd80_c23c_423f_8ad6_c194548461da].
2026-10-05 07:51:45.766 [job-0] INFO  JobContainer - jobContainer starts to do split ...
2026-10-05 07:51:45.766 [job-0] INFO  JobContainer - Job set Channel-Number to 1 channels.
2026-10-05 07:51:45.768 [job-0] INFO  JobContainer - DataX Reader.Job [mysqlreader] splits to [1] tasks.
2026-10-05 07:51:45.769 [job-0] INFO  HdfsWriter$Job - begin do split...
2026-10-05 07:51:45.773 [job-0] INFO  HdfsWriter$Job - splited write file name:[hdfs://192.168.42.101:8020/hive3/warehouse/ods.db/ods_user_info__ab80cf59_f027_44e3_8a58_6b26d4b96078/user_info__5a732c48_25c8_42d4_9e4a_18c5e0214f67]
2026-10-05 07:51:45.773 [job-0] INFO  HdfsWriter$Job - end do split.
2026-10-05 07:51:45.773 [job-0] INFO  JobContainer - DataX Writer.Job [hdfswriter] splits to [1] tasks.
2026-10-05 07:51:45.784 [job-0] INFO  JobContainer - jobContainer starts to do schedule ...
2026-10-05 07:51:45.787 [job-0] INFO  JobContainer - Scheduler starts [1] taskGroups.
2026-10-05 07:51:45.789 [job-0] INFO  JobContainer - Running by standalone Mode.
2026-10-05 07:51:45.794 [taskGroup-0] INFO  TaskGroupContainer - taskGroupId=[0] start [1] channels for [1] tasks.
2026-10-05 07:51:45.797 [taskGroup-0] INFO  Channel - Channel set byte_speed_limit to -1, No bps activated.
2026-10-05 07:51:45.797 [taskGroup-0] INFO  Channel - Channel set record_speed_limit to -1, No tps activated.
2026-10-05 07:51:45.806 [taskGroup-0] INFO  TaskGroupContainer - taskGroup[0] taskId[0] attemptCount[1] is started
2026-10-05 07:51:45.808 [0-0-0-reader] INFO  CommonRdbmsReader$Task - Begin to read record by Sql: [SELECT * FROM user_info 
] jdbcUrl:[jdbc:mysql://192.168.110.131:3306/cloud_ecommerce?useUnicode=true&characterEncoding=utf-8&yearIsDateType=false&zeroDateTimeBehavior=convertToNull&tinyInt1isBit=false&rewriteBatchedStatements=true].
2026-10-05 07:51:45.833 [0-0-0-writer] INFO  HdfsWriter$Task - begin do write...
2026-10-05 07:51:45.833 [0-0-0-writer] INFO  HdfsWriter$Task - write to file : [hdfs://192.168.42.101:8020/hive3/warehouse/ods.db/ods_user_info__ab80cf59_f027_44e3_8a58_6b26d4b96078/user_info__5a732c48_25c8_42d4_9e4a_18c5e0214f67]
2026-10-05 07:51:47.992 [0-0-0-reader] INFO  CommonRdbmsReader$Task - Finished read record by Sql: [SELECT * FROM user_info 
] jdbcUrl:[jdbc:mysql://192.168.110.131:3306/cloud_ecommerce?useUnicode=true&characterEncoding=utf-8&yearIsDateType=false&zeroDateTimeBehavior=convertToNull&tinyInt1isBit=false&rewriteBatchedStatements=true].
2026-10-05 07:51:48.003 [0-0-0-writer] INFO  HdfsWriter$Task - end do write
2026-10-05 07:51:48.015 [taskGroup-0] INFO  TaskGroupContainer - taskGroup[0] taskId[0] is successed, used[2211]ms
2026-10-05 07:51:48.015 [taskGroup-0] INFO  TaskGroupContainer - taskGroup[0] completed it's tasks.
2026-10-05 07:51:55.801 [job-0] INFO  StandAloneJobContainerCommunicator - Total 200000 records, 26452908 bytes | Speed 2.52MB/s, 20000 records/s | Error 0 records, 0 bytes |  All Task WaitWriterTime 0.096s |  All Task WaitReaderTime 0.387s | Percentage 100.00%
2026-10-05 07:51:55.801 [job-0] INFO  AbstractScheduler - Scheduler accomplished all tasks.
2026-10-05 07:51:55.801 [job-0] INFO  JobContainer - DataX Writer.Job [hdfswriter] do post work.
2026-10-05 07:51:55.801 [job-0] INFO  HdfsWriter$Job - start rename file [hdfs://192.168.42.101:8020/hive3/warehouse/ods.db/ods_user_info__ab80cf59_f027_44e3_8a58_6b26d4b96078/user_info__5a732c48_25c8_42d4_9e4a_18c5e0214f67] to file [hdfs://192.168.42.101:8020/hive3/warehouse/ods.db/ods_user_info/user_info__5a732c48_25c8_42d4_9e4a_18c5e0214f67].
2026-10-05 07:51:55.809 [job-0] INFO  HdfsWriter$Job - finish rename file [hdfs://192.168.42.101:8020/hive3/warehouse/ods.db/ods_user_info__ab80cf59_f027_44e3_8a58_6b26d4b96078/user_info__5a732c48_25c8_42d4_9e4a_18c5e0214f67] to file [hdfs://192.168.42.101:8020/hive3/warehouse/ods.db/ods_user_info/user_info__5a732c48_25c8_42d4_9e4a_18c5e0214f67].
2026-10-05 07:51:55.809 [job-0] INFO  HdfsWriter$Job - start delete tmp dir [hdfs://192.168.42.101:8020/hive3/warehouse/ods.db/ods_user_info__ab80cf59_f027_44e3_8a58_6b26d4b96078] .
2026-10-05 07:51:55.813 [job-0] INFO  HdfsWriter$Job - finish delete tmp dir [hdfs://192.168.42.101:8020/hive3/warehouse/ods.db/ods_user_info__ab80cf59_f027_44e3_8a58_6b26d4b96078] .
2026-10-05 07:51:55.814 [job-0] INFO  JobContainer - DataX Reader.Job [mysqlreader] do post work.
2026-10-05 07:51:55.814 [job-0] INFO  JobContainer - DataX jobId [0] completed successfully.
2026-10-05 07:51:55.814 [job-0] INFO  HookInvoker - No hook invoked, because base dir not exists or is a file: /opt/datax/hook
2026-10-05 07:51:55.916 [job-0] INFO  JobContainer - 
	 [total cpu info] => 
		averageCpu                     | maxDeltaCpu                    | minDeltaCpu                    
		-1.00%                         | -1.00%                         | -1.00%
                        

	 [total gc info] => 
		 NAME                 | totalGCCount       | maxDeltaGCCount    | minDeltaGCCount    | totalGCTime        | maxDeltaGCTime     | minDeltaGCTime     
		 PS MarkSweep         | 1                  | 1                  | 1                  | 0.021s             | 0.021s             | 0.021s             
		 PS Scavenge          | 12                 | 12                 | 12                 | 0.046s             | 0.046s             | 0.046s             

2026-10-05 07:51:55.916 [job-0] INFO  JobContainer - PerfTrace not enable!
2026-10-05 07:51:55.916 [job-0] INFO  StandAloneJobContainerCommunicator - Total 200000 records, 26452908 bytes | Speed 2.52MB/s, 20000 records/s | Error 0 records, 0 bytes |  All Task WaitWriterTime 0.096s |  All Task WaitReaderTime 0.387s | Percentage 100.00%
2026-10-05 07:51:55.918 [job-0] INFO  JobContainer - 
任务启动时刻                    : 2026-10-05 07:51:44
任务结束时刻                    : 2026-10-05 07:51:55
任务总计耗时                    :                 11s
任务平均流量                    :            2.52MB/s
记录写入速度                    :          20000rec/s
读出记录总数                    :              200000
读写失败总数                    :                   0

======================datax开始抽取 user_info的分区2026-10-02==============================

DataX (DATAX-OPENSOURCE-3.0), From Alibaba !
Copyright (C) 2010-2017, Alibaba Group. All Rights Reserved.


2026-10-05 07:51:57.646 [main] INFO  MessageSource - JVM TimeZone: GMT+08:00, Locale: zh_CN
2026-10-05 07:51:57.648 [main] INFO  MessageSource - use Locale: zh_CN timeZone: sun.util.calendar.ZoneInfo[id="GMT+08:00",offset=28800000,dstSavings=0,useDaylight=false,transitions=0,lastRule=null]
2026-10-05 07:51:57.655 [main] INFO  VMInfo - VMInfo# operatingSystem class => sun.management.OperatingSystemImpl
2026-10-05 07:51:57.658 [main] INFO  Engine - the machine info  => 

	osInfo:	Oracle Corporation 1.8 25.212-b10
	jvmInfo:	Linux amd64 5.4.0-216-generic
	cpu num:	4

	totalPhysicalMemory:	-0.00G
	freePhysicalMemory:	-0.00G
	maxFileDescriptorCount:	-1
	currentOpenFileDescriptorCount:	-1

	GC Names	[PS MarkSweep, PS Scavenge]

	MEMORY_NAME                    | allocation_size                | init_size                      
	PS Eden Space                  | 256.00MB                       | 256.00MB                       
	Code Cache                     | 240.00MB                       | 2.44MB                         
	Compressed Class Space         | 1,024.00MB                     | 0.00MB                         
	PS Survivor Space              | 42.50MB                        | 42.50MB                        
	PS Old Gen                     | 683.00MB                       | 683.00MB                       
	Metaspace                      | -0.00MB                        | 0.00MB                         


2026-10-05 07:51:57.669 [main] INFO  Engine - 
{
	"content":[
		{
			"reader":{
				"name":"mysqlreader",
				"parameter":{
					"connection":[
						{
							"jdbcUrl":[
								"jdbc:mysql://192.168.110.131:3306/cloud_ecommerce?useUnicode=true&characterEncoding=utf-8"
							],
							"querySql":[
								"SELECT * FROM user_info "
							]
						}
					],
					"password":"*******",
					"username":"bigdata"
				}
			},
			"writer":{
				"name":"hdfswriter",
				"parameter":{
					"column":[
						{
							"name":"user_id",
							"type":"BIGINT"
						},
						{
							"name":"username",
							"type":"STRING"
						},
						{
							"name":"password",
							"type":"STRING"
						},
						{
							"name":"real_name",
							"type":"STRING"
						},
						{
							"name":"gender",
							"type":"TINYINT"
						},
						{
							"name":"age",
							"type":"INT"
						},
						{
							"name":"phone",
							"type":"STRING"
						},
						{
							"name":"email",
							"type":"STRING"
						},
						{
							"name":"city",
							"type":"STRING"
						},
						{
							"name":"province",
							"type":"STRING"
						},
						{
							"name":"address",
							"type":"STRING"
						},
						{
							"name":"register_date",
							"type":"STRING"
						},
						{
							"name":"register_channel",
							"type":"STRING"
						},
						{
							"name":"user_level",
							"type":"TINYINT"
						},
						{
							"name":"status",
							"type":"TINYINT"
						},
						{
							"name":"create_time",
							"type":"STRING"
						},
						{
							"name":"update_time",
							"type":"STRING"
						}
					],
					"defaultFS":"hdfs://192.168.42.101:8020",
					"fieldDelimiter":"\t",
					"fileName":"user_info",
					"fileType":"text",
					"path":"/hive3/warehouse/ods.db/ods_user_info",
					"writeMode":"truncate"
				}
			}
		}
	],
	"setting":{
		"speed":{
			"channel":1
		}
	}
}

2026-10-05 07:51:57.680 [main] WARN  Engine - prioriy set to 0, because NumberFormatException, the value is: null
2026-10-05 07:51:57.681 [main] INFO  PerfTrace - PerfTrace traceId=job_-1, isEnable=false, priority=0
2026-10-05 07:51:57.681 [main] INFO  JobContainer - DataX jobContainer starts job.
2026-10-05 07:51:57.682 [main] INFO  JobContainer - Set jobId = 0
2026-10-05 07:51:58.071 [job-0] INFO  OriginalConfPretreatmentUtil - Available jdbcUrl:jdbc:mysql://192.168.110.131:3306/cloud_ecommerce?useUnicode=true&characterEncoding=utf-8&yearIsDateType=false&zeroDateTimeBehavior=convertToNull&tinyInt1isBit=false&rewriteBatchedStatements=true.
2026-10-05 07:51:58.702 [job-0] INFO  JobContainer - jobContainer starts to do prepare ...
2026-10-05 07:51:58.703 [job-0] INFO  JobContainer - DataX Reader.Job [mysqlreader] do prepare work .
2026-10-05 07:51:58.703 [job-0] INFO  JobContainer - DataX Writer.Job [hdfswriter] do prepare work .
2026-10-05 07:51:58.776 [job-0] INFO  HdfsWriter$Job - 由于您配置了writeMode truncate,  [/hive3/warehouse/ods.db/ods_user_info] 下面的内容将被覆盖重写
2026-10-05 07:51:58.777 [job-0] INFO  HdfsWriter$Job - delete file [hdfs://192.168.42.101:8020/hive3/warehouse/ods.db/ods_user_info/user_info__5a732c48_25c8_42d4_9e4a_18c5e0214f67].
2026-10-05 07:51:58.784 [job-0] INFO  JobContainer - jobContainer starts to do split ...
2026-10-05 07:51:58.785 [job-0] INFO  JobContainer - Job set Channel-Number to 1 channels.
2026-10-05 07:51:58.786 [job-0] INFO  JobContainer - DataX Reader.Job [mysqlreader] splits to [1] tasks.
2026-10-05 07:51:58.786 [job-0] INFO  HdfsWriter$Job - begin do split...
2026-10-05 07:51:58.790 [job-0] INFO  HdfsWriter$Job - splited write file name:[hdfs://192.168.42.101:8020/hive3/warehouse/ods.db/ods_user_info__20db5b6a_08bf_42ff_90eb_c0554695c388/user_info__5e0adc47_f619_4d56_93c7_72093a3eaa55]
2026-10-05 07:51:58.790 [job-0] INFO  HdfsWriter$Job - end do split.
2026-10-05 07:51:58.790 [job-0] INFO  JobContainer - DataX Writer.Job [hdfswriter] splits to [1] tasks.
2026-10-05 07:51:58.802 [job-0] INFO  JobContainer - jobContainer starts to do schedule ...
2026-10-05 07:51:58.806 [job-0] INFO  JobContainer - Scheduler starts [1] taskGroups.
2026-10-05 07:51:58.807 [job-0] INFO  JobContainer - Running by standalone Mode.
2026-10-05 07:51:58.814 [taskGroup-0] INFO  TaskGroupContainer - taskGroupId=[0] start [1] channels for [1] tasks.
2026-10-05 07:51:58.818 [taskGroup-0] INFO  Channel - Channel set byte_speed_limit to -1, No bps activated.
2026-10-05 07:51:58.819 [taskGroup-0] INFO  Channel - Channel set record_speed_limit to -1, No tps activated.
2026-10-05 07:51:58.826 [taskGroup-0] INFO  TaskGroupContainer - taskGroup[0] taskId[0] attemptCount[1] is started
2026-10-05 07:51:58.833 [0-0-0-reader] INFO  CommonRdbmsReader$Task - Begin to read record by Sql: [SELECT * FROM user_info 
] jdbcUrl:[jdbc:mysql://192.168.110.131:3306/cloud_ecommerce?useUnicode=true&characterEncoding=utf-8&yearIsDateType=false&zeroDateTimeBehavior=convertToNull&tinyInt1isBit=false&rewriteBatchedStatements=true].
2026-10-05 07:51:58.851 [0-0-0-writer] INFO  HdfsWriter$Task - begin do write...
2026-10-05 07:51:58.851 [0-0-0-writer] INFO  HdfsWriter$Task - write to file : [hdfs://192.168.42.101:8020/hive3/warehouse/ods.db/ods_user_info__20db5b6a_08bf_42ff_90eb_c0554695c388/user_info__5e0adc47_f619_4d56_93c7_72093a3eaa55]
2026-10-05 07:52:00.967 [0-0-0-reader] INFO  CommonRdbmsReader$Task - Finished read record by Sql: [SELECT * FROM user_info 
] jdbcUrl:[jdbc:mysql://192.168.110.131:3306/cloud_ecommerce?useUnicode=true&characterEncoding=utf-8&yearIsDateType=false&zeroDateTimeBehavior=convertToNull&tinyInt1isBit=false&rewriteBatchedStatements=true].
2026-10-05 07:52:00.983 [0-0-0-writer] INFO  HdfsWriter$Task - end do write
2026-10-05 07:52:01.030 [taskGroup-0] INFO  TaskGroupContainer - taskGroup[0] taskId[0] is successed, used[2206]ms
2026-10-05 07:52:01.030 [taskGroup-0] INFO  TaskGroupContainer - taskGroup[0] completed it's tasks.
2026-10-05 07:52:08.822 [job-0] INFO  StandAloneJobContainerCommunicator - Total 200000 records, 26452908 bytes | Speed 2.52MB/s, 20000 records/s | Error 0 records, 0 bytes |  All Task WaitWriterTime 0.153s |  All Task WaitReaderTime 0.133s | Percentage 100.00%
2026-10-05 07:52:08.822 [job-0] INFO  AbstractScheduler - Scheduler accomplished all tasks.
2026-10-05 07:52:08.823 [job-0] INFO  JobContainer - DataX Writer.Job [hdfswriter] do post work.
2026-10-05 07:52:08.823 [job-0] INFO  HdfsWriter$Job - start rename file [hdfs://192.168.42.101:8020/hive3/warehouse/ods.db/ods_user_info__20db5b6a_08bf_42ff_90eb_c0554695c388/user_info__5e0adc47_f619_4d56_93c7_72093a3eaa55] to file [hdfs://192.168.42.101:8020/hive3/warehouse/ods.db/ods_user_info/user_info__5e0adc47_f619_4d56_93c7_72093a3eaa55].
2026-10-05 07:52:08.831 [job-0] INFO  HdfsWriter$Job - finish rename file [hdfs://192.168.42.101:8020/hive3/warehouse/ods.db/ods_user_info__20db5b6a_08bf_42ff_90eb_c0554695c388/user_info__5e0adc47_f619_4d56_93c7_72093a3eaa55] to file [hdfs://192.168.42.101:8020/hive3/warehouse/ods.db/ods_user_info/user_info__5e0adc47_f619_4d56_93c7_72093a3eaa55].
2026-10-05 07:52:08.831 [job-0] INFO  HdfsWriter$Job - start delete tmp dir [hdfs://192.168.42.101:8020/hive3/warehouse/ods.db/ods_user_info__20db5b6a_08bf_42ff_90eb_c0554695c388] .
2026-10-05 07:52:08.836 [job-0] INFO  HdfsWriter$Job - finish delete tmp dir [hdfs://192.168.42.101:8020/hive3/warehouse/ods.db/ods_user_info__20db5b6a_08bf_42ff_90eb_c0554695c388] .
2026-10-05 07:52:08.836 [job-0] INFO  JobContainer - DataX Reader.Job [mysqlreader] do post work.
2026-10-05 07:52:08.836 [job-0] INFO  JobContainer - DataX jobId [0] completed successfully.
2026-10-05 07:52:08.837 [job-0] INFO  HookInvoker - No hook invoked, because base dir not exists or is a file: /opt/datax/hook
2026-10-05 07:52:08.939 [job-0] INFO  JobContainer - 
	 [total cpu info] => 
		averageCpu                     | maxDeltaCpu                    | minDeltaCpu                    
		-1.00%                         | -1.00%                         | -1.00%
                        

	 [total gc info] => 
		 NAME                 | totalGCCount       | maxDeltaGCCount    | minDeltaGCCount    | totalGCTime        | maxDeltaGCTime     | minDeltaGCTime     
		 PS MarkSweep         | 1                  | 1                  | 1                  | 0.022s             | 0.022s             | 0.022s             
		 PS Scavenge          | 12                 | 12                 | 12                 | 0.051s             | 0.051s             | 0.051s             

2026-10-05 07:52:08.939 [job-0] INFO  JobContainer - PerfTrace not enable!
2026-10-05 07:52:08.940 [job-0] INFO  StandAloneJobContainerCommunicator - Total 200000 records, 26452908 bytes | Speed 2.52MB/s, 20000 records/s | Error 0 records, 0 bytes |  All Task WaitWriterTime 0.153s |  All Task WaitReaderTime 0.133s | Percentage 100.00%
2026-10-05 07:52:08.941 [job-0] INFO  JobContainer - 
任务启动时刻                    : 2026-10-05 07:51:57
任务结束时刻                    : 2026-10-05 07:52:08
任务总计耗时                    :                 11s
任务平均流量                    :            2.52MB/s
记录写入速度                    :          20000rec/s
读出记录总数                    :              200000
读写失败总数                    :                   0

======================datax开始抽取 user_info的分区2026-10-03==============================

DataX (DATAX-OPENSOURCE-3.0), From Alibaba !
Copyright (C) 2010-2017, Alibaba Group. All Rights Reserved.


2026-10-05 07:52:10.741 [main] INFO  MessageSource - JVM TimeZone: GMT+08:00, Locale: zh_CN
2026-10-05 07:52:10.743 [main] INFO  MessageSource - use Locale: zh_CN timeZone: sun.util.calendar.ZoneInfo[id="GMT+08:00",offset=28800000,dstSavings=0,useDaylight=false,transitions=0,lastRule=null]
2026-10-05 07:52:10.750 [main] INFO  VMInfo - VMInfo# operatingSystem class => sun.management.OperatingSystemImpl
2026-10-05 07:52:10.754 [main] INFO  Engine - the machine info  => 

	osInfo:	Oracle Corporation 1.8 25.212-b10
	jvmInfo:	Linux amd64 5.4.0-216-generic
	cpu num:	4

	totalPhysicalMemory:	-0.00G
	freePhysicalMemory:	-0.00G
	maxFileDescriptorCount:	-1
	currentOpenFileDescriptorCount:	-1

	GC Names	[PS MarkSweep, PS Scavenge]

	MEMORY_NAME                    | allocation_size                | init_size                      
	PS Eden Space                  | 256.00MB                       | 256.00MB                       
	Code Cache                     | 240.00MB                       | 2.44MB                         
	Compressed Class Space         | 1,024.00MB                     | 0.00MB                         
	PS Survivor Space              | 42.50MB                        | 42.50MB                        
	PS Old Gen                     | 683.00MB                       | 683.00MB                       
	Metaspace                      | -0.00MB                        | 0.00MB                         


2026-10-05 07:52:10.766 [main] INFO  Engine - 
{
	"content":[
		{
			"reader":{
				"name":"mysqlreader",
				"parameter":{
					"connection":[
						{
							"jdbcUrl":[
								"jdbc:mysql://192.168.110.131:3306/cloud_ecommerce?useUnicode=true&characterEncoding=utf-8"
							],
							"querySql":[
								"SELECT * FROM user_info "
							]
						}
					],
					"password":"*******",
					"username":"bigdata"
				}
			},
			"writer":{
				"name":"hdfswriter",
				"parameter":{
					"column":[
						{
							"name":"user_id",
							"type":"BIGINT"
						},
						{
							"name":"username",
							"type":"STRING"
						},
						{
							"name":"password",
							"type":"STRING"
						},
						{
							"name":"real_name",
							"type":"STRING"
						},
						{
							"name":"gender",
							"type":"TINYINT"
						},
						{
							"name":"age",
							"type":"INT"
						},
						{
							"name":"phone",
							"type":"STRING"
						},
						{
							"name":"email",
							"type":"STRING"
						},
						{
							"name":"city",
							"type":"STRING"
						},
						{
							"name":"province",
							"type":"STRING"
						},
						{
							"name":"address",
							"type":"STRING"
						},
						{
							"name":"register_date",
							"type":"STRING"
						},
						{
							"name":"register_channel",
							"type":"STRING"
						},
						{
							"name":"user_level",
							"type":"TINYINT"
						},
						{
							"name":"status",
							"type":"TINYINT"
						},
						{
							"name":"create_time",
							"type":"STRING"
						},
						{
							"name":"update_time",
							"type":"STRING"
						}
					],
					"defaultFS":"hdfs://192.168.42.101:8020",
					"fieldDelimiter":"\t",
					"fileName":"user_info",
					"fileType":"text",
					"path":"/hive3/warehouse/ods.db/ods_user_info",
					"writeMode":"truncate"
				}
			}
		}
	],
	"setting":{
		"speed":{
			"channel":1
		}
	}
}

2026-10-05 07:52:10.777 [main] WARN  Engine - prioriy set to 0, because NumberFormatException, the value is: null
2026-10-05 07:52:10.778 [main] INFO  PerfTrace - PerfTrace traceId=job_-1, isEnable=false, priority=0
2026-10-05 07:52:10.778 [main] INFO  JobContainer - DataX jobContainer starts job.
2026-10-05 07:52:10.780 [main] INFO  JobContainer - Set jobId = 0
2026-10-05 07:52:11.181 [job-0] INFO  OriginalConfPretreatmentUtil - Available jdbcUrl:jdbc:mysql://192.168.110.131:3306/cloud_ecommerce?useUnicode=true&characterEncoding=utf-8&yearIsDateType=false&zeroDateTimeBehavior=convertToNull&tinyInt1isBit=false&rewriteBatchedStatements=true.
2026-10-05 07:52:11.820 [job-0] INFO  JobContainer - jobContainer starts to do prepare ...
2026-10-05 07:52:11.820 [job-0] INFO  JobContainer - DataX Reader.Job [mysqlreader] do prepare work .
2026-10-05 07:52:11.821 [job-0] INFO  JobContainer - DataX Writer.Job [hdfswriter] do prepare work .
2026-10-05 07:52:11.889 [job-0] INFO  HdfsWriter$Job - 由于您配置了writeMode truncate,  [/hive3/warehouse/ods.db/ods_user_info] 下面的内容将被覆盖重写
2026-10-05 07:52:11.890 [job-0] INFO  HdfsWriter$Job - delete file [hdfs://192.168.42.101:8020/hive3/warehouse/ods.db/ods_user_info/user_info__5e0adc47_f619_4d56_93c7_72093a3eaa55].
2026-10-05 07:52:11.898 [job-0] INFO  JobContainer - jobContainer starts to do split ...
2026-10-05 07:52:11.899 [job-0] INFO  JobContainer - Job set Channel-Number to 1 channels.
2026-10-05 07:52:11.903 [job-0] INFO  JobContainer - DataX Reader.Job [mysqlreader] splits to [1] tasks.
2026-10-05 07:52:11.904 [job-0] INFO  HdfsWriter$Job - begin do split...
2026-10-05 07:52:11.910 [job-0] INFO  HdfsWriter$Job - splited write file name:[hdfs://192.168.42.101:8020/hive3/warehouse/ods.db/ods_user_info__7bbd7742_181d_41c5_9aa8_8dbd6f5eec74/user_info__48f157d1_75ca_4608_b7a3_49b0fca03b49]
2026-10-05 07:52:11.910 [job-0] INFO  HdfsWriter$Job - end do split.
2026-10-05 07:52:11.910 [job-0] INFO  JobContainer - DataX Writer.Job [hdfswriter] splits to [1] tasks.
2026-10-05 07:52:11.924 [job-0] INFO  JobContainer - jobContainer starts to do schedule ...
2026-10-05 07:52:11.926 [job-0] INFO  JobContainer - Scheduler starts [1] taskGroups.
2026-10-05 07:52:11.927 [job-0] INFO  JobContainer - Running by standalone Mode.
2026-10-05 07:52:11.944 [taskGroup-0] INFO  TaskGroupContainer - taskGroupId=[0] start [1] channels for [1] tasks.
2026-10-05 07:52:11.948 [taskGroup-0] INFO  Channel - Channel set byte_speed_limit to -1, No bps activated.
2026-10-05 07:52:11.948 [taskGroup-0] INFO  Channel - Channel set record_speed_limit to -1, No tps activated.
2026-10-05 07:52:11.956 [taskGroup-0] INFO  TaskGroupContainer - taskGroup[0] taskId[0] attemptCount[1] is started
2026-10-05 07:52:11.963 [0-0-0-reader] INFO  CommonRdbmsReader$Task - Begin to read record by Sql: [SELECT * FROM user_info 
] jdbcUrl:[jdbc:mysql://192.168.110.131:3306/cloud_ecommerce?useUnicode=true&characterEncoding=utf-8&yearIsDateType=false&zeroDateTimeBehavior=convertToNull&tinyInt1isBit=false&rewriteBatchedStatements=true].
2026-10-05 07:52:11.975 [0-0-0-writer] INFO  HdfsWriter$Task - begin do write...
2026-10-05 07:52:11.975 [0-0-0-writer] INFO  HdfsWriter$Task - write to file : [hdfs://192.168.42.101:8020/hive3/warehouse/ods.db/ods_user_info__7bbd7742_181d_41c5_9aa8_8dbd6f5eec74/user_info__48f157d1_75ca_4608_b7a3_49b0fca03b49]
2026-10-05 07:52:14.042 [0-0-0-reader] INFO  CommonRdbmsReader$Task - Finished read record by Sql: [SELECT * FROM user_info 
] jdbcUrl:[jdbc:mysql://192.168.110.131:3306/cloud_ecommerce?useUnicode=true&characterEncoding=utf-8&yearIsDateType=false&zeroDateTimeBehavior=convertToNull&tinyInt1isBit=false&rewriteBatchedStatements=true].
2026-10-05 07:52:14.060 [0-0-0-writer] INFO  HdfsWriter$Task - end do write
2026-10-05 07:52:14.160 [taskGroup-0] INFO  TaskGroupContainer - taskGroup[0] taskId[0] is successed, used[2207]ms
2026-10-05 07:52:14.161 [taskGroup-0] INFO  TaskGroupContainer - taskGroup[0] completed it's tasks.
2026-10-05 07:52:21.953 [job-0] INFO  StandAloneJobContainerCommunicator - Total 200000 records, 26452908 bytes | Speed 2.52MB/s, 20000 records/s | Error 0 records, 0 bytes |  All Task WaitWriterTime 0.191s |  All Task WaitReaderTime 0.252s | Percentage 100.00%
2026-10-05 07:52:21.953 [job-0] INFO  AbstractScheduler - Scheduler accomplished all tasks.
2026-10-05 07:52:21.953 [job-0] INFO  JobContainer - DataX Writer.Job [hdfswriter] do post work.
2026-10-05 07:52:21.953 [job-0] INFO  HdfsWriter$Job - start rename file [hdfs://192.168.42.101:8020/hive3/warehouse/ods.db/ods_user_info__7bbd7742_181d_41c5_9aa8_8dbd6f5eec74/user_info__48f157d1_75ca_4608_b7a3_49b0fca03b49] to file [hdfs://192.168.42.101:8020/hive3/warehouse/ods.db/ods_user_info/user_info__48f157d1_75ca_4608_b7a3_49b0fca03b49].
2026-10-05 07:52:21.958 [job-0] INFO  HdfsWriter$Job - finish rename file [hdfs://192.168.42.101:8020/hive3/warehouse/ods.db/ods_user_info__7bbd7742_181d_41c5_9aa8_8dbd6f5eec74/user_info__48f157d1_75ca_4608_b7a3_49b0fca03b49] to file [hdfs://192.168.42.101:8020/hive3/warehouse/ods.db/ods_user_info/user_info__48f157d1_75ca_4608_b7a3_49b0fca03b49].
2026-10-05 07:52:21.958 [job-0] INFO  HdfsWriter$Job - start delete tmp dir [hdfs://192.168.42.101:8020/hive3/warehouse/ods.db/ods_user_info__7bbd7742_181d_41c5_9aa8_8dbd6f5eec74] .
2026-10-05 07:52:21.960 [job-0] INFO  HdfsWriter$Job - finish delete tmp dir [hdfs://192.168.42.101:8020/hive3/warehouse/ods.db/ods_user_info__7bbd7742_181d_41c5_9aa8_8dbd6f5eec74] .
2026-10-05 07:52:21.960 [job-0] INFO  JobContainer - DataX Reader.Job [mysqlreader] do post work.
2026-10-05 07:52:21.960 [job-0] INFO  JobContainer - DataX jobId [0] completed successfully.
2026-10-05 07:52:21.961 [job-0] INFO  HookInvoker - No hook invoked, because base dir not exists or is a file: /opt/datax/hook
2026-10-05 07:52:22.062 [job-0] INFO  JobContainer - 
	 [total cpu info] => 
		averageCpu                     | maxDeltaCpu                    | minDeltaCpu                    
		-1.00%                         | -1.00%                         | -1.00%
                        

	 [total gc info] => 
		 NAME                 | totalGCCount       | maxDeltaGCCount    | minDeltaGCCount    | totalGCTime        | maxDeltaGCTime     | minDeltaGCTime     
		 PS MarkSweep         | 1                  | 1                  | 1                  | 0.025s             | 0.025s             | 0.025s             
		 PS Scavenge          | 12                 | 12                 | 12                 | 0.054s             | 0.054s             | 0.054s             

2026-10-05 07:52:22.062 [job-0] INFO  JobContainer - PerfTrace not enable!
2026-10-05 07:52:22.062 [job-0] INFO  StandAloneJobContainerCommunicator - Total 200000 records, 26452908 bytes | Speed 2.52MB/s, 20000 records/s | Error 0 records, 0 bytes |  All Task WaitWriterTime 0.191s |  All Task WaitReaderTime 0.252s | Percentage 100.00%
2026-10-05 07:52:22.063 [job-0] INFO  JobContainer - 
任务启动时刻                    : 2026-10-05 07:52:10
任务结束时刻                    : 2026-10-05 07:52:22
任务总计耗时                    :                 11s
任务平均流量                    :            2.52MB/s
记录写入速度                    :          20000rec/s
读出记录总数                    :              200000
读写失败总数                    :                   0

======================datax开始抽取 user_info的分区2026-10-04==============================

DataX (DATAX-OPENSOURCE-3.0), From Alibaba !
Copyright (C) 2010-2017, Alibaba Group. All Rights Reserved.


2026-10-05 07:52:23.734 [main] INFO  MessageSource - JVM TimeZone: GMT+08:00, Locale: zh_CN
2026-10-05 07:52:23.735 [main] INFO  MessageSource - use Locale: zh_CN timeZone: sun.util.calendar.ZoneInfo[id="GMT+08:00",offset=28800000,dstSavings=0,useDaylight=false,transitions=0,lastRule=null]
2026-10-05 07:52:23.742 [main] INFO  VMInfo - VMInfo# operatingSystem class => sun.management.OperatingSystemImpl
2026-10-05 07:52:23.745 [main] INFO  Engine - the machine info  => 

	osInfo:	Oracle Corporation 1.8 25.212-b10
	jvmInfo:	Linux amd64 5.4.0-216-generic
	cpu num:	4

	totalPhysicalMemory:	-0.00G
	freePhysicalMemory:	-0.00G
	maxFileDescriptorCount:	-1
	currentOpenFileDescriptorCount:	-1

	GC Names	[PS MarkSweep, PS Scavenge]

	MEMORY_NAME                    | allocation_size                | init_size                      
	PS Eden Space                  | 256.00MB                       | 256.00MB                       
	Code Cache                     | 240.00MB                       | 2.44MB                         
	Compressed Class Space         | 1,024.00MB                     | 0.00MB                         
	PS Survivor Space              | 42.50MB                        | 42.50MB                        
	PS Old Gen                     | 683.00MB                       | 683.00MB                       
	Metaspace                      | -0.00MB                        | 0.00MB                         


2026-10-05 07:52:23.755 [main] INFO  Engine - 
{
	"content":[
		{
			"reader":{
				"name":"mysqlreader",
				"parameter":{
					"connection":[
						{
							"jdbcUrl":[
								"jdbc:mysql://192.168.110.131:3306/cloud_ecommerce?useUnicode=true&characterEncoding=utf-8"
							],
							"querySql":[
								"SELECT * FROM user_info "
							]
						}
					],
					"password":"*******",
					"username":"bigdata"
				}
			},
			"writer":{
				"name":"hdfswriter",
				"parameter":{
					"column":[
						{
							"name":"user_id",
							"type":"BIGINT"
						},
						{
							"name":"username",
							"type":"STRING"
						},
						{
							"name":"password",
							"type":"STRING"
						},
						{
							"name":"real_name",
							"type":"STRING"
						},
						{
							"name":"gender",
							"type":"TINYINT"
						},
						{
							"name":"age",
							"type":"INT"
						},
						{
							"name":"phone",
							"type":"STRING"
						},
						{
							"name":"email",
							"type":"STRING"
						},
						{
							"name":"city",
							"type":"STRING"
						},
						{
							"name":"province",
							"type":"STRING"
						},
						{
							"name":"address",
							"type":"STRING"
						},
						{
							"name":"register_date",
							"type":"STRING"
						},
						{
							"name":"register_channel",
							"type":"STRING"
						},
						{
							"name":"user_level",
							"type":"TINYINT"
						},
						{
							"name":"status",
							"type":"TINYINT"
						},
						{
							"name":"create_time",
							"type":"STRING"
						},
						{
							"name":"update_time",
							"type":"STRING"
						}
					],
					"defaultFS":"hdfs://192.168.42.101:8020",
					"fieldDelimiter":"\t",
					"fileName":"user_info",
					"fileType":"text",
					"path":"/hive3/warehouse/ods.db/ods_user_info",
					"writeMode":"truncate"
				}
			}
		}
	],
	"setting":{
		"speed":{
			"channel":1
		}
	}
}

2026-10-05 07:52:23.763 [main] WARN  Engine - prioriy set to 0, because NumberFormatException, the value is: null
2026-10-05 07:52:23.764 [main] INFO  PerfTrace - PerfTrace traceId=job_-1, isEnable=false, priority=0
2026-10-05 07:52:23.764 [main] INFO  JobContainer - DataX jobContainer starts job.
2026-10-05 07:52:23.765 [main] INFO  JobContainer - Set jobId = 0
2026-10-05 07:52:24.123 [job-0] INFO  OriginalConfPretreatmentUtil - Available jdbcUrl:jdbc:mysql://192.168.110.131:3306/cloud_ecommerce?useUnicode=true&characterEncoding=utf-8&yearIsDateType=false&zeroDateTimeBehavior=convertToNull&tinyInt1isBit=false&rewriteBatchedStatements=true.
2026-10-05 07:52:24.722 [job-0] INFO  JobContainer - jobContainer starts to do prepare ...
2026-10-05 07:52:24.722 [job-0] INFO  JobContainer - DataX Reader.Job [mysqlreader] do prepare work .
2026-10-05 07:52:24.723 [job-0] INFO  JobContainer - DataX Writer.Job [hdfswriter] do prepare work .
2026-10-05 07:52:24.786 [job-0] INFO  HdfsWriter$Job - 由于您配置了writeMode truncate,  [/hive3/warehouse/ods.db/ods_user_info] 下面的内容将被覆盖重写
2026-10-05 07:52:24.787 [job-0] INFO  HdfsWriter$Job - delete file [hdfs://192.168.42.101:8020/hive3/warehouse/ods.db/ods_user_info/user_info__48f157d1_75ca_4608_b7a3_49b0fca03b49].
2026-10-05 07:52:24.796 [job-0] INFO  JobContainer - jobContainer starts to do split ...
2026-10-05 07:52:24.797 [job-0] INFO  JobContainer - Job set Channel-Number to 1 channels.
2026-10-05 07:52:24.799 [job-0] INFO  JobContainer - DataX Reader.Job [mysqlreader] splits to [1] tasks.
2026-10-05 07:52:24.799 [job-0] INFO  HdfsWriter$Job - begin do split...
2026-10-05 07:52:24.802 [job-0] INFO  HdfsWriter$Job - splited write file name:[hdfs://192.168.42.101:8020/hive3/warehouse/ods.db/ods_user_info__558d66ef_bf06_40cc_a4c7_04eac6432b65/user_info__73a0a605_a6ee_40bf_9512_4508b8e9d350]
2026-10-05 07:52:24.802 [job-0] INFO  HdfsWriter$Job - end do split.
2026-10-05 07:52:24.802 [job-0] INFO  JobContainer - DataX Writer.Job [hdfswriter] splits to [1] tasks.
2026-10-05 07:52:24.814 [job-0] INFO  JobContainer - jobContainer starts to do schedule ...
2026-10-05 07:52:24.817 [job-0] INFO  JobContainer - Scheduler starts [1] taskGroups.
2026-10-05 07:52:24.819 [job-0] INFO  JobContainer - Running by standalone Mode.
2026-10-05 07:52:24.825 [taskGroup-0] INFO  TaskGroupContainer - taskGroupId=[0] start [1] channels for [1] tasks.
2026-10-05 07:52:24.829 [taskGroup-0] INFO  Channel - Channel set byte_speed_limit to -1, No bps activated.
2026-10-05 07:52:24.829 [taskGroup-0] INFO  Channel - Channel set record_speed_limit to -1, No tps activated.
2026-10-05 07:52:24.839 [taskGroup-0] INFO  TaskGroupContainer - taskGroup[0] taskId[0] attemptCount[1] is started
2026-10-05 07:52:24.842 [0-0-0-reader] INFO  CommonRdbmsReader$Task - Begin to read record by Sql: [SELECT * FROM user_info 
] jdbcUrl:[jdbc:mysql://192.168.110.131:3306/cloud_ecommerce?useUnicode=true&characterEncoding=utf-8&yearIsDateType=false&zeroDateTimeBehavior=convertToNull&tinyInt1isBit=false&rewriteBatchedStatements=true].
2026-10-05 07:52:24.856 [0-0-0-writer] INFO  HdfsWriter$Task - begin do write...
2026-10-05 07:52:24.856 [0-0-0-writer] INFO  HdfsWriter$Task - write to file : [hdfs://192.168.42.101:8020/hive3/warehouse/ods.db/ods_user_info__558d66ef_bf06_40cc_a4c7_04eac6432b65/user_info__73a0a605_a6ee_40bf_9512_4508b8e9d350]
2026-10-05 07:52:26.960 [0-0-0-reader] INFO  CommonRdbmsReader$Task - Finished read record by Sql: [SELECT * FROM user_info 
] jdbcUrl:[jdbc:mysql://192.168.110.131:3306/cloud_ecommerce?useUnicode=true&characterEncoding=utf-8&yearIsDateType=false&zeroDateTimeBehavior=convertToNull&tinyInt1isBit=false&rewriteBatchedStatements=true].
2026-10-05 07:52:26.973 [0-0-0-writer] INFO  HdfsWriter$Task - end do write
2026-10-05 07:52:27.042 [taskGroup-0] INFO  TaskGroupContainer - taskGroup[0] taskId[0] is successed, used[2204]ms
2026-10-05 07:52:27.042 [taskGroup-0] INFO  TaskGroupContainer - taskGroup[0] completed it's tasks.
2026-10-05 07:52:34.831 [job-0] INFO  StandAloneJobContainerCommunicator - Total 200000 records, 26452908 bytes | Speed 2.52MB/s, 20000 records/s | Error 0 records, 0 bytes |  All Task WaitWriterTime 0.018s |  All Task WaitReaderTime 0.548s | Percentage 100.00%
2026-10-05 07:52:34.831 [job-0] INFO  AbstractScheduler - Scheduler accomplished all tasks.
2026-10-05 07:52:34.831 [job-0] INFO  JobContainer - DataX Writer.Job [hdfswriter] do post work.
2026-10-05 07:52:34.831 [job-0] INFO  HdfsWriter$Job - start rename file [hdfs://192.168.42.101:8020/hive3/warehouse/ods.db/ods_user_info__558d66ef_bf06_40cc_a4c7_04eac6432b65/user_info__73a0a605_a6ee_40bf_9512_4508b8e9d350] to file [hdfs://192.168.42.101:8020/hive3/warehouse/ods.db/ods_user_info/user_info__73a0a605_a6ee_40bf_9512_4508b8e9d350].
2026-10-05 07:52:34.836 [job-0] INFO  HdfsWriter$Job - finish rename file [hdfs://192.168.42.101:8020/hive3/warehouse/ods.db/ods_user_info__558d66ef_bf06_40cc_a4c7_04eac6432b65/user_info__73a0a605_a6ee_40bf_9512_4508b8e9d350] to file [hdfs://192.168.42.101:8020/hive3/warehouse/ods.db/ods_user_info/user_info__73a0a605_a6ee_40bf_9512_4508b8e9d350].
2026-10-05 07:52:34.836 [job-0] INFO  HdfsWriter$Job - start delete tmp dir [hdfs://192.168.42.101:8020/hive3/warehouse/ods.db/ods_user_info__558d66ef_bf06_40cc_a4c7_04eac6432b65] .
2026-10-05 07:52:34.838 [job-0] INFO  HdfsWriter$Job - finish delete tmp dir [hdfs://192.168.42.101:8020/hive3/warehouse/ods.db/ods_user_info__558d66ef_bf06_40cc_a4c7_04eac6432b65] .
2026-10-05 07:52:34.838 [job-0] INFO  JobContainer - DataX Reader.Job [mysqlreader] do post work.
2026-10-05 07:52:34.838 [job-0] INFO  JobContainer - DataX jobId [0] completed successfully.
2026-10-05 07:52:34.839 [job-0] INFO  HookInvoker - No hook invoked, because base dir not exists or is a file: /opt/datax/hook
2026-10-05 07:52:34.841 [job-0] INFO  JobContainer - 
	 [total cpu info] => 
		averageCpu                     | maxDeltaCpu                    | minDeltaCpu                    
		-1.00%                         | -1.00%                         | -1.00%
                        

	 [total gc info] => 
		 NAME                 | totalGCCount       | maxDeltaGCCount    | minDeltaGCCount    | totalGCTime        | maxDeltaGCTime     | minDeltaGCTime     
		 PS MarkSweep         | 1                  | 1                  | 1                  | 0.020s             | 0.020s             | 0.020s             
		 PS Scavenge          | 11                 | 11                 | 11                 | 0.046s             | 0.046s             | 0.046s             

2026-10-05 07:52:34.841 [job-0] INFO  JobContainer - PerfTrace not enable!
2026-10-05 07:52:34.841 [job-0] INFO  StandAloneJobContainerCommunicator - Total 200000 records, 26452908 bytes | Speed 2.52MB/s, 20000 records/s | Error 0 records, 0 bytes |  All Task WaitWriterTime 0.018s |  All Task WaitReaderTime 0.548s | Percentage 100.00%
2026-10-05 07:52:34.842 [job-0] INFO  JobContainer - 
任务启动时刻                    : 2026-10-05 07:52:23
任务结束时刻                    : 2026-10-05 07:52:34
任务总计耗时                    :                 11s
任务平均流量                    :            2.52MB/s
记录写入速度                    :          20000rec/s
读出记录总数                    :              200000
读写失败总数                    :                   0

======================修复 user_info 分区======================
======================全量抽取 user_info==================================
======================datax开始抽取 user_info==============================

DataX (DATAX-OPENSOURCE-3.0), From Alibaba !
Copyright (C) 2010-2017, Alibaba Group. All Rights Reserved.


2026-10-05 07:55:32.177 [main] INFO  MessageSource - JVM TimeZone: GMT+08:00, Locale: zh_CN
2026-10-05 07:55:32.179 [main] INFO  MessageSource - use Locale: zh_CN timeZone: sun.util.calendar.ZoneInfo[id="GMT+08:00",offset=28800000,dstSavings=0,useDaylight=false,transitions=0,lastRule=null]
2026-10-05 07:55:32.186 [main] INFO  VMInfo - VMInfo# operatingSystem class => sun.management.OperatingSystemImpl
2026-10-05 07:55:32.189 [main] INFO  Engine - the machine info  => 

	osInfo:	Oracle Corporation 1.8 25.212-b10
	jvmInfo:	Linux amd64 5.4.0-216-generic
	cpu num:	4

	totalPhysicalMemory:	-0.00G
	freePhysicalMemory:	-0.00G
	maxFileDescriptorCount:	-1
	currentOpenFileDescriptorCount:	-1

	GC Names	[PS MarkSweep, PS Scavenge]

	MEMORY_NAME                    | allocation_size                | init_size                      
	PS Eden Space                  | 256.00MB                       | 256.00MB                       
	Code Cache                     | 240.00MB                       | 2.44MB                         
	Compressed Class Space         | 1,024.00MB                     | 0.00MB                         
	PS Survivor Space              | 42.50MB                        | 42.50MB                        
	PS Old Gen                     | 683.00MB                       | 683.00MB                       
	Metaspace                      | -0.00MB                        | 0.00MB                         


2026-10-05 07:55:32.201 [main] INFO  Engine - 
{
	"content":[
		{
			"reader":{
				"name":"mysqlreader",
				"parameter":{
					"connection":[
						{
							"jdbcUrl":[
								"jdbc:mysql://192.168.110.131:3306/cloud_ecommerce?useUnicode=true&characterEncoding=utf-8"
							],
							"querySql":[
								"SELECT * FROM user_info "
							]
						}
					],
					"password":"*******",
					"username":"bigdata"
				}
			},
			"writer":{
				"name":"hdfswriter",
				"parameter":{
					"column":[
						{
							"name":"user_id",
							"type":"BIGINT"
						},
						{
							"name":"username",
							"type":"STRING"
						},
						{
							"name":"password",
							"type":"STRING"
						},
						{
							"name":"real_name",
							"type":"STRING"
						},
						{
							"name":"gender",
							"type":"TINYINT"
						},
						{
							"name":"age",
							"type":"INT"
						},
						{
							"name":"phone",
							"type":"STRING"
						},
						{
							"name":"email",
							"type":"STRING"
						},
						{
							"name":"city",
							"type":"STRING"
						},
						{
							"name":"province",
							"type":"STRING"
						},
						{
							"name":"address",
							"type":"STRING"
						},
						{
							"name":"register_date",
							"type":"STRING"
						},
						{
							"name":"register_channel",
							"type":"STRING"
						},
						{
							"name":"user_level",
							"type":"TINYINT"
						},
						{
							"name":"status",
							"type":"TINYINT"
						},
						{
							"name":"create_time",
							"type":"STRING"
						},
						{
							"name":"update_time",
							"type":"STRING"
						}
					],
					"defaultFS":"hdfs://192.168.42.101:8020",
					"fieldDelimiter":"\t",
					"fileName":"user_info",
					"fileType":"text",
					"path":"/hive3/warehouse/ods.db/ods_user_info",
					"writeMode":"truncate"
				}
			}
		}
	],
	"setting":{
		"speed":{
			"channel":1
		}
	}
}

2026-10-05 07:55:32.211 [main] WARN  Engine - prioriy set to 0, because NumberFormatException, the value is: null
2026-10-05 07:55:32.212 [main] INFO  PerfTrace - PerfTrace traceId=job_-1, isEnable=false, priority=0
2026-10-05 07:55:32.212 [main] INFO  JobContainer - DataX jobContainer starts job.
2026-10-05 07:55:32.213 [main] INFO  JobContainer - Set jobId = 0
2026-10-05 07:55:32.569 [job-0] INFO  OriginalConfPretreatmentUtil - Available jdbcUrl:jdbc:mysql://192.168.110.131:3306/cloud_ecommerce?useUnicode=true&characterEncoding=utf-8&yearIsDateType=false&zeroDateTimeBehavior=convertToNull&tinyInt1isBit=false&rewriteBatchedStatements=true.
2026-10-05 07:55:33.111 [job-0] INFO  JobContainer - jobContainer starts to do prepare ...
2026-10-05 07:55:33.111 [job-0] INFO  JobContainer - DataX Reader.Job [mysqlreader] do prepare work .
2026-10-05 07:55:33.111 [job-0] INFO  JobContainer - DataX Writer.Job [hdfswriter] do prepare work .
2026-10-05 07:55:33.166 [job-0] INFO  JobContainer - jobContainer starts to do split ...
2026-10-05 07:55:33.167 [job-0] INFO  JobContainer - Job set Channel-Number to 1 channels.
2026-10-05 07:55:33.169 [job-0] INFO  JobContainer - DataX Reader.Job [mysqlreader] splits to [1] tasks.
2026-10-05 07:55:33.169 [job-0] INFO  HdfsWriter$Job - begin do split...
2026-10-05 07:55:33.172 [job-0] INFO  HdfsWriter$Job - splited write file name:[hdfs://192.168.42.101:8020/hive3/warehouse/ods.db/ods_user_info__5612b02d_15ee_485f_b442_784d885c73bf/user_info__e4833539_059a_418d_af28_af6d15841e1e]
2026-10-05 07:55:33.172 [job-0] INFO  HdfsWriter$Job - end do split.
2026-10-05 07:55:33.173 [job-0] INFO  JobContainer - DataX Writer.Job [hdfswriter] splits to [1] tasks.
2026-10-05 07:55:33.182 [job-0] INFO  JobContainer - jobContainer starts to do schedule ...
2026-10-05 07:55:33.185 [job-0] INFO  JobContainer - Scheduler starts [1] taskGroups.
2026-10-05 07:55:33.186 [job-0] INFO  JobContainer - Running by standalone Mode.
2026-10-05 07:55:33.190 [taskGroup-0] INFO  TaskGroupContainer - taskGroupId=[0] start [1] channels for [1] tasks.
2026-10-05 07:55:33.194 [taskGroup-0] INFO  Channel - Channel set byte_speed_limit to -1, No bps activated.
2026-10-05 07:55:33.194 [taskGroup-0] INFO  Channel - Channel set record_speed_limit to -1, No tps activated.
2026-10-05 07:55:33.211 [taskGroup-0] INFO  TaskGroupContainer - taskGroup[0] taskId[0] attemptCount[1] is started
2026-10-05 07:55:33.213 [0-0-0-reader] INFO  CommonRdbmsReader$Task - Begin to read record by Sql: [SELECT * FROM user_info 
] jdbcUrl:[jdbc:mysql://192.168.110.131:3306/cloud_ecommerce?useUnicode=true&characterEncoding=utf-8&yearIsDateType=false&zeroDateTimeBehavior=convertToNull&tinyInt1isBit=false&rewriteBatchedStatements=true].
2026-10-05 07:55:33.218 [0-0-0-writer] INFO  HdfsWriter$Task - begin do write...
2026-10-05 07:55:33.218 [0-0-0-writer] INFO  HdfsWriter$Task - write to file : [hdfs://192.168.42.101:8020/hive3/warehouse/ods.db/ods_user_info__5612b02d_15ee_485f_b442_784d885c73bf/user_info__e4833539_059a_418d_af28_af6d15841e1e]
2026-10-05 07:55:35.153 [0-0-0-reader] INFO  CommonRdbmsReader$Task - Finished read record by Sql: [SELECT * FROM user_info 
] jdbcUrl:[jdbc:mysql://192.168.110.131:3306/cloud_ecommerce?useUnicode=true&characterEncoding=utf-8&yearIsDateType=false&zeroDateTimeBehavior=convertToNull&tinyInt1isBit=false&rewriteBatchedStatements=true].
2026-10-05 07:55:35.163 [0-0-0-writer] INFO  HdfsWriter$Task - end do write
2026-10-05 07:55:35.215 [taskGroup-0] INFO  TaskGroupContainer - taskGroup[0] taskId[0] is successed, used[2017]ms
2026-10-05 07:55:35.215 [taskGroup-0] INFO  TaskGroupContainer - taskGroup[0] completed it's tasks.
2026-10-05 07:55:43.197 [job-0] INFO  StandAloneJobContainerCommunicator - Total 200000 records, 26452908 bytes | Speed 2.52MB/s, 20000 records/s | Error 0 records, 0 bytes |  All Task WaitWriterTime 0.146s |  All Task WaitReaderTime 0.247s | Percentage 100.00%
2026-10-05 07:55:43.197 [job-0] INFO  AbstractScheduler - Scheduler accomplished all tasks.
2026-10-05 07:55:43.197 [job-0] INFO  JobContainer - DataX Writer.Job [hdfswriter] do post work.
2026-10-05 07:55:43.197 [job-0] INFO  HdfsWriter$Job - start rename file [hdfs://192.168.42.101:8020/hive3/warehouse/ods.db/ods_user_info__5612b02d_15ee_485f_b442_784d885c73bf/user_info__e4833539_059a_418d_af28_af6d15841e1e] to file [hdfs://192.168.42.101:8020/hive3/warehouse/ods.db/ods_user_info/user_info__e4833539_059a_418d_af28_af6d15841e1e].
2026-10-05 07:55:43.201 [job-0] INFO  HdfsWriter$Job - finish rename file [hdfs://192.168.42.101:8020/hive3/warehouse/ods.db/ods_user_info__5612b02d_15ee_485f_b442_784d885c73bf/user_info__e4833539_059a_418d_af28_af6d15841e1e] to file [hdfs://192.168.42.101:8020/hive3/warehouse/ods.db/ods_user_info/user_info__e4833539_059a_418d_af28_af6d15841e1e].
2026-10-05 07:55:43.201 [job-0] INFO  HdfsWriter$Job - start delete tmp dir [hdfs://192.168.42.101:8020/hive3/warehouse/ods.db/ods_user_info__5612b02d_15ee_485f_b442_784d885c73bf] .
2026-10-05 07:55:43.204 [job-0] INFO  HdfsWriter$Job - finish delete tmp dir [hdfs://192.168.42.101:8020/hive3/warehouse/ods.db/ods_user_info__5612b02d_15ee_485f_b442_784d885c73bf] .
2026-10-05 07:55:43.205 [job-0] INFO  JobContainer - DataX Reader.Job [mysqlreader] do post work.
2026-10-05 07:55:43.205 [job-0] INFO  JobContainer - DataX jobId [0] completed successfully.
2026-10-05 07:55:43.205 [job-0] INFO  HookInvoker - No hook invoked, because base dir not exists or is a file: /opt/datax/hook
2026-10-05 07:55:43.306 [job-0] INFO  JobContainer - 
	 [total cpu info] => 
		averageCpu                     | maxDeltaCpu                    | minDeltaCpu                    
		-1.00%                         | -1.00%                         | -1.00%
                        

	 [total gc info] => 
		 NAME                 | totalGCCount       | maxDeltaGCCount    | minDeltaGCCount    | totalGCTime        | maxDeltaGCTime     | minDeltaGCTime     
		 PS MarkSweep         | 1                  | 1                  | 1                  | 0.020s             | 0.020s             | 0.020s             
		 PS Scavenge          | 12                 | 12                 | 12                 | 0.045s             | 0.045s             | 0.045s             

2026-10-05 07:55:43.306 [job-0] INFO  JobContainer - PerfTrace not enable!
2026-10-05 07:55:43.307 [job-0] INFO  StandAloneJobContainerCommunicator - Total 200000 records, 26452908 bytes | Speed 2.52MB/s, 20000 records/s | Error 0 records, 0 bytes |  All Task WaitWriterTime 0.146s |  All Task WaitReaderTime 0.247s | Percentage 100.00%
2026-10-05 07:55:43.307 [job-0] INFO  JobContainer - 
任务启动时刻                    : 2026-10-05 07:55:32
任务结束时刻                    : 2026-10-05 07:55:43
任务总计耗时                    :                 11s
任务平均流量                    :            2.52MB/s
记录写入速度                    :          20000rec/s
读出记录总数                    :              200000
读写失败总数                    :                   0

=======================全量抽数 user_info完成==============================
======================全量抽取 product_info==================================
======================datax开始抽取 product_info==============================

DataX (DATAX-OPENSOURCE-3.0), From Alibaba !
Copyright (C) 2010-2017, Alibaba Group. All Rights Reserved.


2026-10-05 07:55:51.526 [main] INFO  MessageSource - JVM TimeZone: GMT+08:00, Locale: zh_CN
2026-10-05 07:55:51.527 [main] INFO  MessageSource - use Locale: zh_CN timeZone: sun.util.calendar.ZoneInfo[id="GMT+08:00",offset=28800000,dstSavings=0,useDaylight=false,transitions=0,lastRule=null]
2026-10-05 07:55:51.534 [main] INFO  VMInfo - VMInfo# operatingSystem class => sun.management.OperatingSystemImpl
2026-10-05 07:55:51.537 [main] INFO  Engine - the machine info  => 

	osInfo:	Oracle Corporation 1.8 25.212-b10
	jvmInfo:	Linux amd64 5.4.0-216-generic
	cpu num:	4

	totalPhysicalMemory:	-0.00G
	freePhysicalMemory:	-0.00G
	maxFileDescriptorCount:	-1
	currentOpenFileDescriptorCount:	-1

	GC Names	[PS MarkSweep, PS Scavenge]

	MEMORY_NAME                    | allocation_size                | init_size                      
	PS Eden Space                  | 256.00MB                       | 256.00MB                       
	Code Cache                     | 240.00MB                       | 2.44MB                         
	Compressed Class Space         | 1,024.00MB                     | 0.00MB                         
	PS Survivor Space              | 42.50MB                        | 42.50MB                        
	PS Old Gen                     | 683.00MB                       | 683.00MB                       
	Metaspace                      | -0.00MB                        | 0.00MB                         


2026-10-05 07:55:51.549 [main] INFO  Engine - 
{
	"content":[
		{
			"reader":{
				"name":"mysqlreader",
				"parameter":{
					"connection":[
						{
							"jdbcUrl":[
								"jdbc:mysql://192.168.110.131:3306/cloud_ecommerce?useUnicode=true&characterEncoding=utf-8"
							],
							"querySql":[
								"SELECT * FROM product_info "
							]
						}
					],
					"password":"*******",
					"username":"bigdata"
				}
			},
			"writer":{
				"name":"hdfswriter",
				"parameter":{
					"column":[
						{
							"name":"product_id",
							"type":"BIGINT"
						},
						{
							"name":"product_name",
							"type":"STRING"
						},
						{
							"name":"category_id",
							"type":"INT"
						},
						{
							"name":"brand_id",
							"type":"INT"
						},
						{
							"name":"product_price",
							"type":"STRING"
						},
						{
							"name":"market_price",
							"type":"STRING"
						},
						{
							"name":"cost_price",
							"type":"STRING"
						},
						{
							"name":"stock",
							"type":"INT"
						},
						{
							"name":"sales",
							"type":"INT"
						},
						{
							"name":"product_weight",
							"type":"STRING"
						},
						{
							"name":"product_desc",
							"type":"STRING"
						},
						{
							"name":"main_image",
							"type":"STRING"
						},
						{
							"name":"status",
							"type":"TINYINT"
						},
						{
							"name":"create_time",
							"type":"STRING"
						},
						{
							"name":"update_time",
							"type":"STRING"
						}
					],
					"defaultFS":"hdfs://192.168.42.101:8020",
					"fieldDelimiter":"\t",
					"fileName":"product_info",
					"fileType":"text",
					"path":"/hive3/warehouse/ods.db/ods_product_info",
					"writeMode":"truncate"
				}
			}
		}
	],
	"setting":{
		"speed":{
			"channel":1
		}
	}
}

2026-10-05 07:55:51.558 [main] WARN  Engine - prioriy set to 0, because NumberFormatException, the value is: null
2026-10-05 07:55:51.560 [main] INFO  PerfTrace - PerfTrace traceId=job_-1, isEnable=false, priority=0
2026-10-05 07:55:51.560 [main] INFO  JobContainer - DataX jobContainer starts job.
2026-10-05 07:55:51.563 [main] INFO  JobContainer - Set jobId = 0
2026-10-05 07:55:51.928 [job-0] INFO  OriginalConfPretreatmentUtil - Available jdbcUrl:jdbc:mysql://192.168.110.131:3306/cloud_ecommerce?useUnicode=true&characterEncoding=utf-8&yearIsDateType=false&zeroDateTimeBehavior=convertToNull&tinyInt1isBit=false&rewriteBatchedStatements=true.
2026-10-05 07:55:52.449 [job-0] INFO  JobContainer - jobContainer starts to do prepare ...
2026-10-05 07:55:52.450 [job-0] INFO  JobContainer - DataX Reader.Job [mysqlreader] do prepare work .
2026-10-05 07:55:52.450 [job-0] INFO  JobContainer - DataX Writer.Job [hdfswriter] do prepare work .
2026-10-05 07:55:52.502 [job-0] INFO  JobContainer - jobContainer starts to do split ...
2026-10-05 07:55:52.502 [job-0] INFO  JobContainer - Job set Channel-Number to 1 channels.
2026-10-05 07:55:52.503 [job-0] INFO  JobContainer - DataX Reader.Job [mysqlreader] splits to [1] tasks.
2026-10-05 07:55:52.504 [job-0] INFO  HdfsWriter$Job - begin do split...
2026-10-05 07:55:52.510 [job-0] INFO  HdfsWriter$Job - splited write file name:[hdfs://192.168.42.101:8020/hive3/warehouse/ods.db/ods_product_info__1bca7a7f_9e34_4e43_83f5_f5752a8be88a/product_info__5f4079da_4c24_4cb2_a515_d275694b9cb7]
2026-10-05 07:55:52.510 [job-0] INFO  HdfsWriter$Job - end do split.
2026-10-05 07:55:52.510 [job-0] INFO  JobContainer - DataX Writer.Job [hdfswriter] splits to [1] tasks.
2026-10-05 07:55:52.521 [job-0] INFO  JobContainer - jobContainer starts to do schedule ...
2026-10-05 07:55:52.523 [job-0] INFO  JobContainer - Scheduler starts [1] taskGroups.
2026-10-05 07:55:52.524 [job-0] INFO  JobContainer - Running by standalone Mode.
2026-10-05 07:55:52.536 [taskGroup-0] INFO  TaskGroupContainer - taskGroupId=[0] start [1] channels for [1] tasks.
2026-10-05 07:55:52.539 [taskGroup-0] INFO  Channel - Channel set byte_speed_limit to -1, No bps activated.
2026-10-05 07:55:52.539 [taskGroup-0] INFO  Channel - Channel set record_speed_limit to -1, No tps activated.
2026-10-05 07:55:52.553 [taskGroup-0] INFO  TaskGroupContainer - taskGroup[0] taskId[0] attemptCount[1] is started
2026-10-05 07:55:52.561 [0-0-0-writer] INFO  HdfsWriter$Task - begin do write...
2026-10-05 07:55:52.561 [0-0-0-writer] INFO  HdfsWriter$Task - write to file : [hdfs://192.168.42.101:8020/hive3/warehouse/ods.db/ods_product_info__1bca7a7f_9e34_4e43_83f5_f5752a8be88a/product_info__5f4079da_4c24_4cb2_a515_d275694b9cb7]
2026-10-05 07:55:52.565 [0-0-0-reader] INFO  CommonRdbmsReader$Task - Begin to read record by Sql: [SELECT * FROM product_info 
] jdbcUrl:[jdbc:mysql://192.168.110.131:3306/cloud_ecommerce?useUnicode=true&characterEncoding=utf-8&yearIsDateType=false&zeroDateTimeBehavior=convertToNull&tinyInt1isBit=false&rewriteBatchedStatements=true].
2026-10-05 07:55:53.014 [0-0-0-reader] INFO  CommonRdbmsReader$Task - Finished read record by Sql: [SELECT * FROM product_info 
] jdbcUrl:[jdbc:mysql://192.168.110.131:3306/cloud_ecommerce?useUnicode=true&characterEncoding=utf-8&yearIsDateType=false&zeroDateTimeBehavior=convertToNull&tinyInt1isBit=false&rewriteBatchedStatements=true].
2026-10-05 07:55:53.028 [0-0-0-writer] INFO  HdfsWriter$Task - end do write
2026-10-05 07:55:53.054 [taskGroup-0] INFO  TaskGroupContainer - taskGroup[0] taskId[0] is successed, used[511]ms
2026-10-05 07:55:53.055 [taskGroup-0] INFO  TaskGroupContainer - taskGroup[0] completed it's tasks.
2026-10-05 07:56:02.536 [job-0] INFO  StandAloneJobContainerCommunicator - Total 10000 records, 777136 bytes | Speed 75.89KB/s, 1000 records/s | Error 0 records, 0 bytes |  All Task WaitWriterTime 0.076s |  All Task WaitReaderTime 0.126s | Percentage 100.00%
2026-10-05 07:56:02.536 [job-0] INFO  AbstractScheduler - Scheduler accomplished all tasks.
2026-10-05 07:56:02.537 [job-0] INFO  JobContainer - DataX Writer.Job [hdfswriter] do post work.
2026-10-05 07:56:02.537 [job-0] INFO  HdfsWriter$Job - start rename file [hdfs://192.168.42.101:8020/hive3/warehouse/ods.db/ods_product_info__1bca7a7f_9e34_4e43_83f5_f5752a8be88a/product_info__5f4079da_4c24_4cb2_a515_d275694b9cb7] to file [hdfs://192.168.42.101:8020/hive3/warehouse/ods.db/ods_product_info/product_info__5f4079da_4c24_4cb2_a515_d275694b9cb7].
2026-10-05 07:56:02.541 [job-0] INFO  HdfsWriter$Job - finish rename file [hdfs://192.168.42.101:8020/hive3/warehouse/ods.db/ods_product_info__1bca7a7f_9e34_4e43_83f5_f5752a8be88a/product_info__5f4079da_4c24_4cb2_a515_d275694b9cb7] to file [hdfs://192.168.42.101:8020/hive3/warehouse/ods.db/ods_product_info/product_info__5f4079da_4c24_4cb2_a515_d275694b9cb7].
2026-10-05 07:56:02.541 [job-0] INFO  HdfsWriter$Job - start delete tmp dir [hdfs://192.168.42.101:8020/hive3/warehouse/ods.db/ods_product_info__1bca7a7f_9e34_4e43_83f5_f5752a8be88a] .
2026-10-05 07:56:02.546 [job-0] INFO  HdfsWriter$Job - finish delete tmp dir [hdfs://192.168.42.101:8020/hive3/warehouse/ods.db/ods_product_info__1bca7a7f_9e34_4e43_83f5_f5752a8be88a] .
2026-10-05 07:56:02.547 [job-0] INFO  JobContainer - DataX Reader.Job [mysqlreader] do post work.
2026-10-05 07:56:02.547 [job-0] INFO  JobContainer - DataX jobId [0] completed successfully.
2026-10-05 07:56:02.548 [job-0] INFO  HookInvoker - No hook invoked, because base dir not exists or is a file: /opt/datax/hook
2026-10-05 07:56:02.649 [job-0] INFO  JobContainer - 
	 [total cpu info] => 
		averageCpu                     | maxDeltaCpu                    | minDeltaCpu                    
		-1.00%                         | -1.00%                         | -1.00%
                        

	 [total gc info] => 
		 NAME                 | totalGCCount       | maxDeltaGCCount    | minDeltaGCCount    | totalGCTime        | maxDeltaGCTime     | minDeltaGCTime     
		 PS MarkSweep         | 1                  | 1                  | 1                  | 0.019s             | 0.019s             | 0.019s             
		 PS Scavenge          | 2                  | 2                  | 2                  | 0.016s             | 0.016s             | 0.016s             

2026-10-05 07:56:02.649 [job-0] INFO  JobContainer - PerfTrace not enable!
2026-10-05 07:56:02.649 [job-0] INFO  StandAloneJobContainerCommunicator - Total 10000 records, 777136 bytes | Speed 75.89KB/s, 1000 records/s | Error 0 records, 0 bytes |  All Task WaitWriterTime 0.076s |  All Task WaitReaderTime 0.126s | Percentage 100.00%
2026-10-05 07:56:02.651 [job-0] INFO  JobContainer - 
任务启动时刻                    : 2026-10-05 07:55:51
任务结束时刻                    : 2026-10-05 07:56:02
任务总计耗时                    :                 11s
任务平均流量                    :           75.89KB/s
记录写入速度                    :           1000rec/s
读出记录总数                    :               10000
读写失败总数                    :                   0

=======================全量抽数 product_info完成==============================
======================全量抽取 brand_info==================================
======================datax开始抽取 brand_info==============================

DataX (DATAX-OPENSOURCE-3.0), From Alibaba !
Copyright (C) 2010-2017, Alibaba Group. All Rights Reserved.


2026-10-05 07:56:10.738 [main] INFO  MessageSource - JVM TimeZone: GMT+08:00, Locale: zh_CN
2026-10-05 07:56:10.740 [main] INFO  MessageSource - use Locale: zh_CN timeZone: sun.util.calendar.ZoneInfo[id="GMT+08:00",offset=28800000,dstSavings=0,useDaylight=false,transitions=0,lastRule=null]
2026-10-05 07:56:10.748 [main] INFO  VMInfo - VMInfo# operatingSystem class => sun.management.OperatingSystemImpl
2026-10-05 07:56:10.751 [main] INFO  Engine - the machine info  => 

	osInfo:	Oracle Corporation 1.8 25.212-b10
	jvmInfo:	Linux amd64 5.4.0-216-generic
	cpu num:	4

	totalPhysicalMemory:	-0.00G
	freePhysicalMemory:	-0.00G
	maxFileDescriptorCount:	-1
	currentOpenFileDescriptorCount:	-1

	GC Names	[PS MarkSweep, PS Scavenge]

	MEMORY_NAME                    | allocation_size                | init_size                      
	PS Eden Space                  | 256.00MB                       | 256.00MB                       
	Code Cache                     | 240.00MB                       | 2.44MB                         
	Compressed Class Space         | 1,024.00MB                     | 0.00MB                         
	PS Survivor Space              | 42.50MB                        | 42.50MB                        
	PS Old Gen                     | 683.00MB                       | 683.00MB                       
	Metaspace                      | -0.00MB                        | 0.00MB                         


2026-10-05 07:56:10.762 [main] INFO  Engine - 
{
	"content":[
		{
			"reader":{
				"name":"mysqlreader",
				"parameter":{
					"connection":[
						{
							"jdbcUrl":[
								"jdbc:mysql://192.168.110.131:3306/cloud_ecommerce?useUnicode=true&characterEncoding=utf-8"
							],
							"querySql":[
								"SELECT * FROM brand_info "
							]
						}
					],
					"password":"*******",
					"username":"bigdata"
				}
			},
			"writer":{
				"name":"hdfswriter",
				"parameter":{
					"column":[
						{
							"name":"brand_id",
							"type":"INT"
						},
						{
							"name":"brand_name",
							"type":"STRING"
						},
						{
							"name":"brand_en",
							"type":"STRING"
						},
						{
							"name":"country",
							"type":"STRING"
						},
						{
							"name":"create_time",
							"type":"STRING"
						}
					],
					"defaultFS":"hdfs://192.168.42.101:8020",
					"fieldDelimiter":"\t",
					"fileName":"brand_info",
					"fileType":"text",
					"path":"/hive3/warehouse/ods.db/ods_brand_info",
					"writeMode":"truncate"
				}
			}
		}
	],
	"setting":{
		"speed":{
			"channel":1
		}
	}
}

2026-10-05 07:56:10.773 [main] WARN  Engine - prioriy set to 0, because NumberFormatException, the value is: null
2026-10-05 07:56:10.774 [main] INFO  PerfTrace - PerfTrace traceId=job_-1, isEnable=false, priority=0
2026-10-05 07:56:10.774 [main] INFO  JobContainer - DataX jobContainer starts job.
2026-10-05 07:56:10.775 [main] INFO  JobContainer - Set jobId = 0
2026-10-05 07:56:11.193 [job-0] INFO  OriginalConfPretreatmentUtil - Available jdbcUrl:jdbc:mysql://192.168.110.131:3306/cloud_ecommerce?useUnicode=true&characterEncoding=utf-8&yearIsDateType=false&zeroDateTimeBehavior=convertToNull&tinyInt1isBit=false&rewriteBatchedStatements=true.
2026-10-05 07:56:11.739 [job-0] INFO  JobContainer - jobContainer starts to do prepare ...
2026-10-05 07:56:11.740 [job-0] INFO  JobContainer - DataX Reader.Job [mysqlreader] do prepare work .
2026-10-05 07:56:11.740 [job-0] INFO  JobContainer - DataX Writer.Job [hdfswriter] do prepare work .
2026-10-05 07:56:11.786 [job-0] INFO  JobContainer - jobContainer starts to do split ...
2026-10-05 07:56:11.786 [job-0] INFO  JobContainer - Job set Channel-Number to 1 channels.
2026-10-05 07:56:11.787 [job-0] INFO  JobContainer - DataX Reader.Job [mysqlreader] splits to [1] tasks.
2026-10-05 07:56:11.787 [job-0] INFO  HdfsWriter$Job - begin do split...
2026-10-05 07:56:11.790 [job-0] INFO  HdfsWriter$Job - splited write file name:[hdfs://192.168.42.101:8020/hive3/warehouse/ods.db/ods_brand_info__960e68f4_3560_4dad_8d16_f3cf620d43d7/brand_info__0a0bdd77_a607_4d84_b2b3_c488cc8e87e0]
2026-10-05 07:56:11.790 [job-0] INFO  HdfsWriter$Job - end do split.
2026-10-05 07:56:11.790 [job-0] INFO  JobContainer - DataX Writer.Job [hdfswriter] splits to [1] tasks.
2026-10-05 07:56:11.798 [job-0] INFO  JobContainer - jobContainer starts to do schedule ...
2026-10-05 07:56:11.801 [job-0] INFO  JobContainer - Scheduler starts [1] taskGroups.
2026-10-05 07:56:11.802 [job-0] INFO  JobContainer - Running by standalone Mode.
2026-10-05 07:56:11.805 [taskGroup-0] INFO  TaskGroupContainer - taskGroupId=[0] start [1] channels for [1] tasks.
2026-10-05 07:56:11.807 [taskGroup-0] INFO  Channel - Channel set byte_speed_limit to -1, No bps activated.
2026-10-05 07:56:11.808 [taskGroup-0] INFO  Channel - Channel set record_speed_limit to -1, No tps activated.
2026-10-05 07:56:11.812 [taskGroup-0] INFO  TaskGroupContainer - taskGroup[0] taskId[0] attemptCount[1] is started
2026-10-05 07:56:11.814 [0-0-0-reader] INFO  CommonRdbmsReader$Task - Begin to read record by Sql: [SELECT * FROM brand_info 
] jdbcUrl:[jdbc:mysql://192.168.110.131:3306/cloud_ecommerce?useUnicode=true&characterEncoding=utf-8&yearIsDateType=false&zeroDateTimeBehavior=convertToNull&tinyInt1isBit=false&rewriteBatchedStatements=true].
2026-10-05 07:56:11.825 [0-0-0-writer] INFO  HdfsWriter$Task - begin do write...
2026-10-05 07:56:11.826 [0-0-0-writer] INFO  HdfsWriter$Task - write to file : [hdfs://192.168.42.101:8020/hive3/warehouse/ods.db/ods_brand_info__960e68f4_3560_4dad_8d16_f3cf620d43d7/brand_info__0a0bdd77_a607_4d84_b2b3_c488cc8e87e0]
2026-10-05 07:56:11.942 [0-0-0-reader] INFO  CommonRdbmsReader$Task - Finished read record by Sql: [SELECT * FROM brand_info 
] jdbcUrl:[jdbc:mysql://192.168.110.131:3306/cloud_ecommerce?useUnicode=true&characterEncoding=utf-8&yearIsDateType=false&zeroDateTimeBehavior=convertToNull&tinyInt1isBit=false&rewriteBatchedStatements=true].
2026-10-05 07:56:12.068 [0-0-0-writer] INFO  HdfsWriter$Task - end do write
2026-10-05 07:56:12.113 [taskGroup-0] INFO  TaskGroupContainer - taskGroup[0] taskId[0] is successed, used[302]ms
2026-10-05 07:56:12.113 [taskGroup-0] INFO  TaskGroupContainer - taskGroup[0] completed it's tasks.
2026-10-05 07:56:21.812 [job-0] INFO  StandAloneJobContainerCommunicator - Total 54 records, 1287 bytes | Speed 128B/s, 5 records/s | Error 0 records, 0 bytes |  All Task WaitWriterTime 0.000s |  All Task WaitReaderTime 0.079s | Percentage 100.00%
2026-10-05 07:56:21.812 [job-0] INFO  AbstractScheduler - Scheduler accomplished all tasks.
2026-10-05 07:56:21.812 [job-0] INFO  JobContainer - DataX Writer.Job [hdfswriter] do post work.
2026-10-05 07:56:21.812 [job-0] INFO  HdfsWriter$Job - start rename file [hdfs://192.168.42.101:8020/hive3/warehouse/ods.db/ods_brand_info__960e68f4_3560_4dad_8d16_f3cf620d43d7/brand_info__0a0bdd77_a607_4d84_b2b3_c488cc8e87e0] to file [hdfs://192.168.42.101:8020/hive3/warehouse/ods.db/ods_brand_info/brand_info__0a0bdd77_a607_4d84_b2b3_c488cc8e87e0].
2026-10-05 07:56:21.817 [job-0] INFO  HdfsWriter$Job - finish rename file [hdfs://192.168.42.101:8020/hive3/warehouse/ods.db/ods_brand_info__960e68f4_3560_4dad_8d16_f3cf620d43d7/brand_info__0a0bdd77_a607_4d84_b2b3_c488cc8e87e0] to file [hdfs://192.168.42.101:8020/hive3/warehouse/ods.db/ods_brand_info/brand_info__0a0bdd77_a607_4d84_b2b3_c488cc8e87e0].
2026-10-05 07:56:21.817 [job-0] INFO  HdfsWriter$Job - start delete tmp dir [hdfs://192.168.42.101:8020/hive3/warehouse/ods.db/ods_brand_info__960e68f4_3560_4dad_8d16_f3cf620d43d7] .
2026-10-05 07:56:21.822 [job-0] INFO  HdfsWriter$Job - finish delete tmp dir [hdfs://192.168.42.101:8020/hive3/warehouse/ods.db/ods_brand_info__960e68f4_3560_4dad_8d16_f3cf620d43d7] .
2026-10-05 07:56:21.822 [job-0] INFO  JobContainer - DataX Reader.Job [mysqlreader] do post work.
2026-10-05 07:56:21.822 [job-0] INFO  JobContainer - DataX jobId [0] completed successfully.
2026-10-05 07:56:21.823 [job-0] INFO  HookInvoker - No hook invoked, because base dir not exists or is a file: /opt/datax/hook
2026-10-05 07:56:21.925 [job-0] INFO  JobContainer - 
	 [total cpu info] => 
		averageCpu                     | maxDeltaCpu                    | minDeltaCpu                    
		-1.00%                         | -1.00%                         | -1.00%
                        

	 [total gc info] => 
		 NAME                 | totalGCCount       | maxDeltaGCCount    | minDeltaGCCount    | totalGCTime        | maxDeltaGCTime     | minDeltaGCTime     
		 PS MarkSweep         | 1                  | 1                  | 1                  | 0.019s             | 0.019s             | 0.019s             
		 PS Scavenge          | 1                  | 1                  | 1                  | 0.008s             | 0.008s             | 0.008s             

2026-10-05 07:56:21.925 [job-0] INFO  JobContainer - PerfTrace not enable!
2026-10-05 07:56:21.925 [job-0] INFO  StandAloneJobContainerCommunicator - Total 54 records, 1287 bytes | Speed 128B/s, 5 records/s | Error 0 records, 0 bytes |  All Task WaitWriterTime 0.000s |  All Task WaitReaderTime 0.079s | Percentage 100.00%
2026-10-05 07:56:21.926 [job-0] INFO  JobContainer - 
任务启动时刻                    : 2026-10-05 07:56:10
任务结束时刻                    : 2026-10-05 07:56:21
任务总计耗时                    :                 11s
任务平均流量                    :              128B/s
记录写入速度                    :              5rec/s
读出记录总数                    :                  54
读写失败总数                    :                   0

=======================全量抽数 brand_info完成==============================
======================全量抽取 category_info==================================
======================datax开始抽取 category_info==============================

DataX (DATAX-OPENSOURCE-3.0), From Alibaba !
Copyright (C) 2010-2017, Alibaba Group. All Rights Reserved.


2026-10-05 07:56:29.279 [main] INFO  MessageSource - JVM TimeZone: GMT+08:00, Locale: zh_CN
2026-10-05 07:56:29.281 [main] INFO  MessageSource - use Locale: zh_CN timeZone: sun.util.calendar.ZoneInfo[id="GMT+08:00",offset=28800000,dstSavings=0,useDaylight=false,transitions=0,lastRule=null]
2026-10-05 07:56:29.289 [main] INFO  VMInfo - VMInfo# operatingSystem class => sun.management.OperatingSystemImpl
2026-10-05 07:56:29.293 [main] INFO  Engine - the machine info  => 

	osInfo:	Oracle Corporation 1.8 25.212-b10
	jvmInfo:	Linux amd64 5.4.0-216-generic
	cpu num:	4

	totalPhysicalMemory:	-0.00G
	freePhysicalMemory:	-0.00G
	maxFileDescriptorCount:	-1
	currentOpenFileDescriptorCount:	-1

	GC Names	[PS MarkSweep, PS Scavenge]

	MEMORY_NAME                    | allocation_size                | init_size                      
	PS Eden Space                  | 256.00MB                       | 256.00MB                       
	Code Cache                     | 240.00MB                       | 2.44MB                         
	Compressed Class Space         | 1,024.00MB                     | 0.00MB                         
	PS Survivor Space              | 42.50MB                        | 42.50MB                        
	PS Old Gen                     | 683.00MB                       | 683.00MB                       
	Metaspace                      | -0.00MB                        | 0.00MB                         


2026-10-05 07:56:29.306 [main] INFO  Engine - 
{
	"content":[
		{
			"reader":{
				"name":"mysqlreader",
				"parameter":{
					"connection":[
						{
							"jdbcUrl":[
								"jdbc:mysql://192.168.110.131:3306/cloud_ecommerce?useUnicode=true&characterEncoding=utf-8"
							],
							"querySql":[
								"SELECT * FROM category_info "
							]
						}
					],
					"password":"*******",
					"username":"bigdata"
				}
			},
			"writer":{
				"name":"hdfswriter",
				"parameter":{
					"column":[
						{
							"name":"category_id",
							"type":"INT"
						},
						{
							"name":"category_name",
							"type":"STRING"
						},
						{
							"name":"parent_id",
							"type":"INT"
						},
						{
							"name":"category_level",
							"type":"TINYINT"
						},
						{
							"name":"sort_order",
							"type":"INT"
						},
						{
							"name":"status",
							"type":"TINYINT"
						},
						{
							"name":"create_time",
							"type":"STRING"
						}
					],
					"defaultFS":"hdfs://192.168.42.101:8020",
					"fieldDelimiter":"\t",
					"fileName":"category_info",
					"fileType":"text",
					"path":"/hive3/warehouse/ods.db/ods_category_info",
					"writeMode":"truncate"
				}
			}
		}
	],
	"setting":{
		"speed":{
			"channel":1
		}
	}
}

2026-10-05 07:56:29.317 [main] WARN  Engine - prioriy set to 0, because NumberFormatException, the value is: null
2026-10-05 07:56:29.319 [main] INFO  PerfTrace - PerfTrace traceId=job_-1, isEnable=false, priority=0
2026-10-05 07:56:29.319 [main] INFO  JobContainer - DataX jobContainer starts job.
2026-10-05 07:56:29.320 [main] INFO  JobContainer - Set jobId = 0
2026-10-05 07:56:29.691 [job-0] INFO  OriginalConfPretreatmentUtil - Available jdbcUrl:jdbc:mysql://192.168.110.131:3306/cloud_ecommerce?useUnicode=true&characterEncoding=utf-8&yearIsDateType=false&zeroDateTimeBehavior=convertToNull&tinyInt1isBit=false&rewriteBatchedStatements=true.
2026-10-05 07:56:30.266 [job-0] INFO  JobContainer - jobContainer starts to do prepare ...
2026-10-05 07:56:30.267 [job-0] INFO  JobContainer - DataX Reader.Job [mysqlreader] do prepare work .
2026-10-05 07:56:30.267 [job-0] INFO  JobContainer - DataX Writer.Job [hdfswriter] do prepare work .
2026-10-05 07:56:30.319 [job-0] INFO  JobContainer - jobContainer starts to do split ...
2026-10-05 07:56:30.319 [job-0] INFO  JobContainer - Job set Channel-Number to 1 channels.
2026-10-05 07:56:30.320 [job-0] INFO  JobContainer - DataX Reader.Job [mysqlreader] splits to [1] tasks.
2026-10-05 07:56:30.321 [job-0] INFO  HdfsWriter$Job - begin do split...
2026-10-05 07:56:30.323 [job-0] INFO  HdfsWriter$Job - splited write file name:[hdfs://192.168.42.101:8020/hive3/warehouse/ods.db/ods_category_info__74bc4f33_bf21_490c_b253_d28272283b3d/category_info__50debb45_2446_44bf_a95a_b4311d83bcc5]
2026-10-05 07:56:30.323 [job-0] INFO  HdfsWriter$Job - end do split.
2026-10-05 07:56:30.323 [job-0] INFO  JobContainer - DataX Writer.Job [hdfswriter] splits to [1] tasks.
2026-10-05 07:56:30.334 [job-0] INFO  JobContainer - jobContainer starts to do schedule ...
2026-10-05 07:56:30.336 [job-0] INFO  JobContainer - Scheduler starts [1] taskGroups.
2026-10-05 07:56:30.337 [job-0] INFO  JobContainer - Running by standalone Mode.
2026-10-05 07:56:30.345 [taskGroup-0] INFO  TaskGroupContainer - taskGroupId=[0] start [1] channels for [1] tasks.
2026-10-05 07:56:30.348 [taskGroup-0] INFO  Channel - Channel set byte_speed_limit to -1, No bps activated.
2026-10-05 07:56:30.348 [taskGroup-0] INFO  Channel - Channel set record_speed_limit to -1, No tps activated.
2026-10-05 07:56:30.356 [taskGroup-0] INFO  TaskGroupContainer - taskGroup[0] taskId[0] attemptCount[1] is started
2026-10-05 07:56:30.357 [0-0-0-reader] INFO  CommonRdbmsReader$Task - Begin to read record by Sql: [SELECT * FROM category_info 
] jdbcUrl:[jdbc:mysql://192.168.110.131:3306/cloud_ecommerce?useUnicode=true&characterEncoding=utf-8&yearIsDateType=false&zeroDateTimeBehavior=convertToNull&tinyInt1isBit=false&rewriteBatchedStatements=true].
2026-10-05 07:56:30.368 [0-0-0-writer] INFO  HdfsWriter$Task - begin do write...
2026-10-05 07:56:30.369 [0-0-0-writer] INFO  HdfsWriter$Task - write to file : [hdfs://192.168.42.101:8020/hive3/warehouse/ods.db/ods_category_info__74bc4f33_bf21_490c_b253_d28272283b3d/category_info__50debb45_2446_44bf_a95a_b4311d83bcc5]
2026-10-05 07:56:30.499 [0-0-0-reader] INFO  CommonRdbmsReader$Task - Finished read record by Sql: [SELECT * FROM category_info 
] jdbcUrl:[jdbc:mysql://192.168.110.131:3306/cloud_ecommerce?useUnicode=true&characterEncoding=utf-8&yearIsDateType=false&zeroDateTimeBehavior=convertToNull&tinyInt1isBit=false&rewriteBatchedStatements=true].
2026-10-05 07:56:31.018 [0-0-0-writer] INFO  HdfsWriter$Task - end do write
2026-10-05 07:56:31.058 [taskGroup-0] INFO  TaskGroupContainer - taskGroup[0] taskId[0] is successed, used[706]ms
2026-10-05 07:56:31.059 [taskGroup-0] INFO  TaskGroupContainer - taskGroup[0] completed it's tasks.
2026-10-05 07:56:40.349 [job-0] INFO  StandAloneJobContainerCommunicator - Total 52 records, 1004 bytes | Speed 100B/s, 5 records/s | Error 0 records, 0 bytes |  All Task WaitWriterTime 0.000s |  All Task WaitReaderTime 0.087s | Percentage 100.00%
2026-10-05 07:56:40.350 [job-0] INFO  AbstractScheduler - Scheduler accomplished all tasks.
2026-10-05 07:56:40.350 [job-0] INFO  JobContainer - DataX Writer.Job [hdfswriter] do post work.
2026-10-05 07:56:40.350 [job-0] INFO  HdfsWriter$Job - start rename file [hdfs://192.168.42.101:8020/hive3/warehouse/ods.db/ods_category_info__74bc4f33_bf21_490c_b253_d28272283b3d/category_info__50debb45_2446_44bf_a95a_b4311d83bcc5] to file [hdfs://192.168.42.101:8020/hive3/warehouse/ods.db/ods_category_info/category_info__50debb45_2446_44bf_a95a_b4311d83bcc5].
2026-10-05 07:56:40.354 [job-0] INFO  HdfsWriter$Job - finish rename file [hdfs://192.168.42.101:8020/hive3/warehouse/ods.db/ods_category_info__74bc4f33_bf21_490c_b253_d28272283b3d/category_info__50debb45_2446_44bf_a95a_b4311d83bcc5] to file [hdfs://192.168.42.101:8020/hive3/warehouse/ods.db/ods_category_info/category_info__50debb45_2446_44bf_a95a_b4311d83bcc5].
2026-10-05 07:56:40.354 [job-0] INFO  HdfsWriter$Job - start delete tmp dir [hdfs://192.168.42.101:8020/hive3/warehouse/ods.db/ods_category_info__74bc4f33_bf21_490c_b253_d28272283b3d] .
2026-10-05 07:56:40.358 [job-0] INFO  HdfsWriter$Job - finish delete tmp dir [hdfs://192.168.42.101:8020/hive3/warehouse/ods.db/ods_category_info__74bc4f33_bf21_490c_b253_d28272283b3d] .
2026-10-05 07:56:40.358 [job-0] INFO  JobContainer - DataX Reader.Job [mysqlreader] do post work.
2026-10-05 07:56:40.359 [job-0] INFO  JobContainer - DataX jobId [0] completed successfully.
2026-10-05 07:56:40.359 [job-0] INFO  HookInvoker - No hook invoked, because base dir not exists or is a file: /opt/datax/hook
2026-10-05 07:56:40.461 [job-0] INFO  JobContainer - 
	 [total cpu info] => 
		averageCpu                     | maxDeltaCpu                    | minDeltaCpu                    
		-1.00%                         | -1.00%                         | -1.00%
                        

	 [total gc info] => 
		 NAME                 | totalGCCount       | maxDeltaGCCount    | minDeltaGCCount    | totalGCTime        | maxDeltaGCTime     | minDeltaGCTime     
		 PS MarkSweep         | 1                  | 1                  | 1                  | 0.020s             | 0.020s             | 0.020s             
		 PS Scavenge          | 1                  | 1                  | 1                  | 0.009s             | 0.009s             | 0.009s             

2026-10-05 07:56:40.461 [job-0] INFO  JobContainer - PerfTrace not enable!
2026-10-05 07:56:40.461 [job-0] INFO  StandAloneJobContainerCommunicator - Total 52 records, 1004 bytes | Speed 100B/s, 5 records/s | Error 0 records, 0 bytes |  All Task WaitWriterTime 0.000s |  All Task WaitReaderTime 0.087s | Percentage 100.00%
2026-10-05 07:56:40.462 [job-0] INFO  JobContainer - 
任务启动时刻                    : 2026-10-05 07:56:29
任务结束时刻                    : 2026-10-05 07:56:40
任务总计耗时                    :                 11s
任务平均流量                    :              100B/s
记录写入速度                    :              5rec/s
读出记录总数                    :                  52
读写失败总数                    :                   0

=======================全量抽数 category_info完成==============================
======================首次抽取 order_info==================================
=============业务数据库最小日期：2026-09-26================== 
======================datax开始抽取 order_info的分区2026-09-26==============================

DataX (DATAX-OPENSOURCE-3.0), From Alibaba !
Copyright (C) 2010-2017, Alibaba Group. All Rights Reserved.


2026-10-05 07:56:49.407 [main] INFO  MessageSource - JVM TimeZone: GMT+08:00, Locale: zh_CN
2026-10-05 07:56:49.408 [main] INFO  MessageSource - use Locale: zh_CN timeZone: sun.util.calendar.ZoneInfo[id="GMT+08:00",offset=28800000,dstSavings=0,useDaylight=false,transitions=0,lastRule=null]
2026-10-05 07:56:49.415 [main] INFO  VMInfo - VMInfo# operatingSystem class => sun.management.OperatingSystemImpl
2026-10-05 07:56:49.418 [main] INFO  Engine - the machine info  => 

	osInfo:	Oracle Corporation 1.8 25.212-b10
	jvmInfo:	Linux amd64 5.4.0-216-generic
	cpu num:	4

	totalPhysicalMemory:	-0.00G
	freePhysicalMemory:	-0.00G
	maxFileDescriptorCount:	-1
	currentOpenFileDescriptorCount:	-1

	GC Names	[PS MarkSweep, PS Scavenge]

	MEMORY_NAME                    | allocation_size                | init_size                      
	PS Eden Space                  | 256.00MB                       | 256.00MB                       
	Code Cache                     | 240.00MB                       | 2.44MB                         
	Compressed Class Space         | 1,024.00MB                     | 0.00MB                         
	PS Survivor Space              | 42.50MB                        | 42.50MB                        
	PS Old Gen                     | 683.00MB                       | 683.00MB                       
	Metaspace                      | -0.00MB                        | 0.00MB                         


2026-10-05 07:56:49.428 [main] INFO  Engine - 
{
	"content":[
		{
			"reader":{
				"name":"mysqlreader",
				"parameter":{
					"connection":[
						{
							"jdbcUrl":[
								"jdbc:mysql://192.168.110.131:3306/cloud_ecommerce?useUnicode=true&characterEncoding=utf-8"
							],
							"querySql":[
								"SELECT * FROM order_info WHERE date(create_time)='2026-09-26' "
							]
						}
					],
					"password":"*******",
					"username":"bigdata"
				}
			},
			"writer":{
				"name":"hdfswriter",
				"parameter":{
					"column":[
						{
							"name":"order_id",
							"type":"BIGINT"
						},
						{
							"name":"order_no",
							"type":"STRING"
						},
						{
							"name":"user_id",
							"type":"BIGINT"
						},
						{
							"name":"total_amount",
							"type":"STRING"
						},
						{
							"name":"pay_amount",
							"type":"STRING"
						},
						{
							"name":"freight_amount",
							"type":"STRING"
						},
						{
							"name":"discount_amount",
							"type":"STRING"
						},
						{
							"name":"coupon_id",
							"type":"BIGINT"
						},
						{
							"name":"order_status",
							"type":"TINYINT"
						},
						{
							"name":"payment_method",
							"type":"STRING"
						},
						{
							"name":"payment_time",
							"type":"STRING"
						},
						{
							"name":"delivery_time",
							"type":"STRING"
						},
						{
							"name":"receive_time",
							"type":"STRING"
						},
						{
							"name":"receiver_name",
							"type":"STRING"
						},
						{
							"name":"receiver_phone",
							"type":"STRING"
						},
						{
							"name":"receiver_address",
							"type":"STRING"
						},
						{
							"name":"order_remark",
							"type":"STRING"
						},
						{
							"name":"create_time",
							"type":"STRING"
						},
						{
							"name":"update_time",
							"type":"STRING"
						}
					],
					"defaultFS":"hdfs://192.168.42.101:8020",
					"fieldDelimiter":"\t",
					"fileName":"order_info",
					"fileType":"text",
					"path":"/hive3/warehouse/ods.db/ods_order_info/dt=2026-09-26",
					"writeMode":"truncate"
				}
			}
		}
	],
	"setting":{
		"speed":{
			"channel":1
		}
	}
}

2026-10-05 07:56:49.438 [main] WARN  Engine - prioriy set to 0, because NumberFormatException, the value is: null
2026-10-05 07:56:49.439 [main] INFO  PerfTrace - PerfTrace traceId=job_-1, isEnable=false, priority=0
2026-10-05 07:56:49.439 [main] INFO  JobContainer - DataX jobContainer starts job.
2026-10-05 07:56:49.440 [main] INFO  JobContainer - Set jobId = 0
2026-10-05 07:56:49.822 [job-0] INFO  OriginalConfPretreatmentUtil - Available jdbcUrl:jdbc:mysql://192.168.110.131:3306/cloud_ecommerce?useUnicode=true&characterEncoding=utf-8&yearIsDateType=false&zeroDateTimeBehavior=convertToNull&tinyInt1isBit=false&rewriteBatchedStatements=true.
2026-10-05 07:56:50.362 [job-0] INFO  JobContainer - jobContainer starts to do prepare ...
2026-10-05 07:56:50.363 [job-0] INFO  JobContainer - DataX Reader.Job [mysqlreader] do prepare work .
2026-10-05 07:56:50.363 [job-0] INFO  JobContainer - DataX Writer.Job [hdfswriter] do prepare work .
2026-10-05 07:56:50.418 [job-0] INFO  JobContainer - jobContainer starts to do split ...
2026-10-05 07:56:50.418 [job-0] INFO  JobContainer - Job set Channel-Number to 1 channels.
2026-10-05 07:56:50.420 [job-0] INFO  JobContainer - DataX Reader.Job [mysqlreader] splits to [1] tasks.
2026-10-05 07:56:50.420 [job-0] INFO  HdfsWriter$Job - begin do split...
2026-10-05 07:56:50.425 [job-0] INFO  HdfsWriter$Job - splited write file name:[hdfs://192.168.42.101:8020/hive3/warehouse/ods.db/ods_order_info/dt=2026-09-26__99ead5fc_e38c_4153_9206_3bdf84da40fb/order_info__83e692a4_e9b6_4819_b885_22ff84e11e6a]
2026-10-05 07:56:50.426 [job-0] INFO  HdfsWriter$Job - end do split.
2026-10-05 07:56:50.426 [job-0] INFO  JobContainer - DataX Writer.Job [hdfswriter] splits to [1] tasks.
2026-10-05 07:56:50.436 [job-0] INFO  JobContainer - jobContainer starts to do schedule ...
2026-10-05 07:56:50.439 [job-0] INFO  JobContainer - Scheduler starts [1] taskGroups.
2026-10-05 07:56:50.440 [job-0] INFO  JobContainer - Running by standalone Mode.
2026-10-05 07:56:50.451 [taskGroup-0] INFO  TaskGroupContainer - taskGroupId=[0] start [1] channels for [1] tasks.
2026-10-05 07:56:50.454 [taskGroup-0] INFO  Channel - Channel set byte_speed_limit to -1, No bps activated.
2026-10-05 07:56:50.454 [taskGroup-0] INFO  Channel - Channel set record_speed_limit to -1, No tps activated.
2026-10-05 07:56:50.464 [taskGroup-0] INFO  TaskGroupContainer - taskGroup[0] taskId[0] attemptCount[1] is started
2026-10-05 07:56:50.466 [0-0-0-reader] INFO  CommonRdbmsReader$Task - Begin to read record by Sql: [SELECT * FROM order_info WHERE date(create_time)='2026-09-26' 
] jdbcUrl:[jdbc:mysql://192.168.110.131:3306/cloud_ecommerce?useUnicode=true&characterEncoding=utf-8&yearIsDateType=false&zeroDateTimeBehavior=convertToNull&tinyInt1isBit=false&rewriteBatchedStatements=true].
2026-10-05 07:56:50.481 [0-0-0-writer] INFO  HdfsWriter$Task - begin do write...
2026-10-05 07:56:50.482 [0-0-0-writer] INFO  HdfsWriter$Task - write to file : [hdfs://192.168.42.101:8020/hive3/warehouse/ods.db/ods_order_info/dt=2026-09-26__99ead5fc_e38c_4153_9206_3bdf84da40fb/order_info__83e692a4_e9b6_4819_b885_22ff84e11e6a]
2026-10-05 07:56:51.756 [0-0-0-reader] INFO  CommonRdbmsReader$Task - Finished read record by Sql: [SELECT * FROM order_info WHERE date(create_time)='2026-09-26' 
] jdbcUrl:[jdbc:mysql://192.168.110.131:3306/cloud_ecommerce?useUnicode=true&characterEncoding=utf-8&yearIsDateType=false&zeroDateTimeBehavior=convertToNull&tinyInt1isBit=false&rewriteBatchedStatements=true].
2026-10-05 07:56:51.764 [0-0-0-writer] INFO  HdfsWriter$Task - end do write
2026-10-05 07:56:51.766 [taskGroup-0] INFO  TaskGroupContainer - taskGroup[0] taskId[0] is successed, used[1307]ms
2026-10-05 07:56:51.767 [taskGroup-0] INFO  TaskGroupContainer - taskGroup[0] completed it's tasks.
2026-10-05 07:57:00.451 [job-0] INFO  StandAloneJobContainerCommunicator - Total 75153 records, 9591718 bytes | Speed 936.69KB/s, 7515 records/s | Error 0 records, 0 bytes |  All Task WaitWriterTime 0.141s |  All Task WaitReaderTime 0.331s | Percentage 100.00%
2026-10-05 07:57:00.452 [job-0] INFO  AbstractScheduler - Scheduler accomplished all tasks.
2026-10-05 07:57:00.452 [job-0] INFO  JobContainer - DataX Writer.Job [hdfswriter] do post work.
2026-10-05 07:57:00.452 [job-0] INFO  HdfsWriter$Job - start rename file [hdfs://192.168.42.101:8020/hive3/warehouse/ods.db/ods_order_info/dt=2026-09-26__99ead5fc_e38c_4153_9206_3bdf84da40fb/order_info__83e692a4_e9b6_4819_b885_22ff84e11e6a] to file [hdfs://192.168.42.101:8020/hive3/warehouse/ods.db/ods_order_info/dt=2026-09-26/order_info__83e692a4_e9b6_4819_b885_22ff84e11e6a].
2026-10-05 07:57:00.456 [job-0] INFO  HdfsWriter$Job - finish rename file [hdfs://192.168.42.101:8020/hive3/warehouse/ods.db/ods_order_info/dt=2026-09-26__99ead5fc_e38c_4153_9206_3bdf84da40fb/order_info__83e692a4_e9b6_4819_b885_22ff84e11e6a] to file [hdfs://192.168.42.101:8020/hive3/warehouse/ods.db/ods_order_info/dt=2026-09-26/order_info__83e692a4_e9b6_4819_b885_22ff84e11e6a].
2026-10-05 07:57:00.456 [job-0] INFO  HdfsWriter$Job - start delete tmp dir [hdfs://192.168.42.101:8020/hive3/warehouse/ods.db/ods_order_info/dt=2026-09-26__99ead5fc_e38c_4153_9206_3bdf84da40fb] .
2026-10-05 07:57:00.460 [job-0] INFO  HdfsWriter$Job - finish delete tmp dir [hdfs://192.168.42.101:8020/hive3/warehouse/ods.db/ods_order_info/dt=2026-09-26__99ead5fc_e38c_4153_9206_3bdf84da40fb] .
2026-10-05 07:57:00.461 [job-0] INFO  JobContainer - DataX Reader.Job [mysqlreader] do post work.
2026-10-05 07:57:00.461 [job-0] INFO  JobContainer - DataX jobId [0] completed successfully.
2026-10-05 07:57:00.462 [job-0] INFO  HookInvoker - No hook invoked, because base dir not exists or is a file: /opt/datax/hook
2026-10-05 07:57:00.563 [job-0] INFO  JobContainer - 
	 [total cpu info] => 
		averageCpu                     | maxDeltaCpu                    | minDeltaCpu                    
		-1.00%                         | -1.00%                         | -1.00%
                        

	 [total gc info] => 
		 NAME                 | totalGCCount       | maxDeltaGCCount    | minDeltaGCCount    | totalGCTime        | maxDeltaGCTime     | minDeltaGCTime     
		 PS MarkSweep         | 1                  | 1                  | 1                  | 0.020s             | 0.020s             | 0.020s             
		 PS Scavenge          | 6                  | 6                  | 6                  | 0.027s             | 0.027s             | 0.027s             

2026-10-05 07:57:00.563 [job-0] INFO  JobContainer - PerfTrace not enable!
2026-10-05 07:57:00.563 [job-0] INFO  StandAloneJobContainerCommunicator - Total 75153 records, 9591718 bytes | Speed 936.69KB/s, 7515 records/s | Error 0 records, 0 bytes |  All Task WaitWriterTime 0.141s |  All Task WaitReaderTime 0.331s | Percentage 100.00%
2026-10-05 07:57:00.564 [job-0] INFO  JobContainer - 
任务启动时刻                    : 2026-10-05 07:56:49
任务结束时刻                    : 2026-10-05 07:57:00
任务总计耗时                    :                 11s
任务平均流量                    :          936.69KB/s
记录写入速度                    :           7515rec/s
读出记录总数                    :               75153
读写失败总数                    :                   0

======================datax开始抽取 order_info的分区2026-09-27==============================

DataX (DATAX-OPENSOURCE-3.0), From Alibaba !
Copyright (C) 2010-2017, Alibaba Group. All Rights Reserved.


2026-10-05 07:57:02.141 [main] INFO  MessageSource - JVM TimeZone: GMT+08:00, Locale: zh_CN
2026-10-05 07:57:02.142 [main] INFO  MessageSource - use Locale: zh_CN timeZone: sun.util.calendar.ZoneInfo[id="GMT+08:00",offset=28800000,dstSavings=0,useDaylight=false,transitions=0,lastRule=null]
2026-10-05 07:57:02.150 [main] INFO  VMInfo - VMInfo# operatingSystem class => sun.management.OperatingSystemImpl
2026-10-05 07:57:02.153 [main] INFO  Engine - the machine info  => 

	osInfo:	Oracle Corporation 1.8 25.212-b10
	jvmInfo:	Linux amd64 5.4.0-216-generic
	cpu num:	4

	totalPhysicalMemory:	-0.00G
	freePhysicalMemory:	-0.00G
	maxFileDescriptorCount:	-1
	currentOpenFileDescriptorCount:	-1

	GC Names	[PS MarkSweep, PS Scavenge]

	MEMORY_NAME                    | allocation_size                | init_size                      
	PS Eden Space                  | 256.00MB                       | 256.00MB                       
	Code Cache                     | 240.00MB                       | 2.44MB                         
	Compressed Class Space         | 1,024.00MB                     | 0.00MB                         
	PS Survivor Space              | 42.50MB                        | 42.50MB                        
	PS Old Gen                     | 683.00MB                       | 683.00MB                       
	Metaspace                      | -0.00MB                        | 0.00MB                         


2026-10-05 07:57:02.166 [main] INFO  Engine - 
{
	"content":[
		{
			"reader":{
				"name":"mysqlreader",
				"parameter":{
					"connection":[
						{
							"jdbcUrl":[
								"jdbc:mysql://192.168.110.131:3306/cloud_ecommerce?useUnicode=true&characterEncoding=utf-8"
							],
							"querySql":[
								"SELECT * FROM order_info WHERE date(create_time)='2026-09-27' "
							]
						}
					],
					"password":"*******",
					"username":"bigdata"
				}
			},
			"writer":{
				"name":"hdfswriter",
				"parameter":{
					"column":[
						{
							"name":"order_id",
							"type":"BIGINT"
						},
						{
							"name":"order_no",
							"type":"STRING"
						},
						{
							"name":"user_id",
							"type":"BIGINT"
						},
						{
							"name":"total_amount",
							"type":"STRING"
						},
						{
							"name":"pay_amount",
							"type":"STRING"
						},
						{
							"name":"freight_amount",
							"type":"STRING"
						},
						{
							"name":"discount_amount",
							"type":"STRING"
						},
						{
							"name":"coupon_id",
							"type":"BIGINT"
						},
						{
							"name":"order_status",
							"type":"TINYINT"
						},
						{
							"name":"payment_method",
							"type":"STRING"
						},
						{
							"name":"payment_time",
							"type":"STRING"
						},
						{
							"name":"delivery_time",
							"type":"STRING"
						},
						{
							"name":"receive_time",
							"type":"STRING"
						},
						{
							"name":"receiver_name",
							"type":"STRING"
						},
						{
							"name":"receiver_phone",
							"type":"STRING"
						},
						{
							"name":"receiver_address",
							"type":"STRING"
						},
						{
							"name":"order_remark",
							"type":"STRING"
						},
						{
							"name":"create_time",
							"type":"STRING"
						},
						{
							"name":"update_time",
							"type":"STRING"
						}
					],
					"defaultFS":"hdfs://192.168.42.101:8020",
					"fieldDelimiter":"\t",
					"fileName":"order_info",
					"fileType":"text",
					"path":"/hive3/warehouse/ods.db/ods_order_info/dt=2026-09-27",
					"writeMode":"truncate"
				}
			}
		}
	],
	"setting":{
		"speed":{
			"channel":1
		}
	}
}

2026-10-05 07:57:02.176 [main] WARN  Engine - prioriy set to 0, because NumberFormatException, the value is: null
2026-10-05 07:57:02.177 [main] INFO  PerfTrace - PerfTrace traceId=job_-1, isEnable=false, priority=0
2026-10-05 07:57:02.177 [main] INFO  JobContainer - DataX jobContainer starts job.
2026-10-05 07:57:02.178 [main] INFO  JobContainer - Set jobId = 0
2026-10-05 07:57:02.552 [job-0] INFO  OriginalConfPretreatmentUtil - Available jdbcUrl:jdbc:mysql://192.168.110.131:3306/cloud_ecommerce?useUnicode=true&characterEncoding=utf-8&yearIsDateType=false&zeroDateTimeBehavior=convertToNull&tinyInt1isBit=false&rewriteBatchedStatements=true.
2026-10-05 07:57:03.062 [job-0] INFO  JobContainer - jobContainer starts to do prepare ...
2026-10-05 07:57:03.062 [job-0] INFO  JobContainer - DataX Reader.Job [mysqlreader] do prepare work .
2026-10-05 07:57:03.062 [job-0] INFO  JobContainer - DataX Writer.Job [hdfswriter] do prepare work .
2026-10-05 07:57:03.112 [job-0] INFO  JobContainer - jobContainer starts to do split ...
2026-10-05 07:57:03.112 [job-0] INFO  JobContainer - Job set Channel-Number to 1 channels.
2026-10-05 07:57:03.113 [job-0] INFO  JobContainer - DataX Reader.Job [mysqlreader] splits to [1] tasks.
2026-10-05 07:57:03.113 [job-0] INFO  HdfsWriter$Job - begin do split...
2026-10-05 07:57:03.117 [job-0] INFO  HdfsWriter$Job - splited write file name:[hdfs://192.168.42.101:8020/hive3/warehouse/ods.db/ods_order_info/dt=2026-09-27__9f4ac161_1dac_4681_8057_3db8cd8a0ee8/order_info__702af37f_1b83_486a_a6cd_565fd859fabd]
2026-10-05 07:57:03.117 [job-0] INFO  HdfsWriter$Job - end do split.
2026-10-05 07:57:03.117 [job-0] INFO  JobContainer - DataX Writer.Job [hdfswriter] splits to [1] tasks.
2026-10-05 07:57:03.127 [job-0] INFO  JobContainer - jobContainer starts to do schedule ...
2026-10-05 07:57:03.129 [job-0] INFO  JobContainer - Scheduler starts [1] taskGroups.
2026-10-05 07:57:03.130 [job-0] INFO  JobContainer - Running by standalone Mode.
2026-10-05 07:57:03.144 [taskGroup-0] INFO  TaskGroupContainer - taskGroupId=[0] start [1] channels for [1] tasks.
2026-10-05 07:57:03.147 [taskGroup-0] INFO  Channel - Channel set byte_speed_limit to -1, No bps activated.
2026-10-05 07:57:03.147 [taskGroup-0] INFO  Channel - Channel set record_speed_limit to -1, No tps activated.
2026-10-05 07:57:03.152 [taskGroup-0] INFO  TaskGroupContainer - taskGroup[0] taskId[0] attemptCount[1] is started
2026-10-05 07:57:03.156 [0-0-0-reader] INFO  CommonRdbmsReader$Task - Begin to read record by Sql: [SELECT * FROM order_info WHERE date(create_time)='2026-09-27' 
] jdbcUrl:[jdbc:mysql://192.168.110.131:3306/cloud_ecommerce?useUnicode=true&characterEncoding=utf-8&yearIsDateType=false&zeroDateTimeBehavior=convertToNull&tinyInt1isBit=false&rewriteBatchedStatements=true].
2026-10-05 07:57:03.168 [0-0-0-writer] INFO  HdfsWriter$Task - begin do write...
2026-10-05 07:57:03.168 [0-0-0-writer] INFO  HdfsWriter$Task - write to file : [hdfs://192.168.42.101:8020/hive3/warehouse/ods.db/ods_order_info/dt=2026-09-27__9f4ac161_1dac_4681_8057_3db8cd8a0ee8/order_info__702af37f_1b83_486a_a6cd_565fd859fabd]
2026-10-05 07:57:04.440 [0-0-0-reader] INFO  CommonRdbmsReader$Task - Finished read record by Sql: [SELECT * FROM order_info WHERE date(create_time)='2026-09-27' 
] jdbcUrl:[jdbc:mysql://192.168.110.131:3306/cloud_ecommerce?useUnicode=true&characterEncoding=utf-8&yearIsDateType=false&zeroDateTimeBehavior=convertToNull&tinyInt1isBit=false&rewriteBatchedStatements=true].
2026-10-05 07:57:04.449 [0-0-0-writer] INFO  HdfsWriter$Task - end do write
2026-10-05 07:57:04.454 [taskGroup-0] INFO  TaskGroupContainer - taskGroup[0] taskId[0] is successed, used[1303]ms
2026-10-05 07:57:04.454 [taskGroup-0] INFO  TaskGroupContainer - taskGroup[0] completed it's tasks.
2026-10-05 07:57:13.140 [job-0] INFO  StandAloneJobContainerCommunicator - Total 74641 records, 9534448 bytes | Speed 931.10KB/s, 7464 records/s | Error 0 records, 0 bytes |  All Task WaitWriterTime 0.123s |  All Task WaitReaderTime 0.357s | Percentage 100.00%
2026-10-05 07:57:13.140 [job-0] INFO  AbstractScheduler - Scheduler accomplished all tasks.
2026-10-05 07:57:13.141 [job-0] INFO  JobContainer - DataX Writer.Job [hdfswriter] do post work.
2026-10-05 07:57:13.141 [job-0] INFO  HdfsWriter$Job - start rename file [hdfs://192.168.42.101:8020/hive3/warehouse/ods.db/ods_order_info/dt=2026-09-27__9f4ac161_1dac_4681_8057_3db8cd8a0ee8/order_info__702af37f_1b83_486a_a6cd_565fd859fabd] to file [hdfs://192.168.42.101:8020/hive3/warehouse/ods.db/ods_order_info/dt=2026-09-27/order_info__702af37f_1b83_486a_a6cd_565fd859fabd].
2026-10-05 07:57:13.146 [job-0] INFO  HdfsWriter$Job - finish rename file [hdfs://192.168.42.101:8020/hive3/warehouse/ods.db/ods_order_info/dt=2026-09-27__9f4ac161_1dac_4681_8057_3db8cd8a0ee8/order_info__702af37f_1b83_486a_a6cd_565fd859fabd] to file [hdfs://192.168.42.101:8020/hive3/warehouse/ods.db/ods_order_info/dt=2026-09-27/order_info__702af37f_1b83_486a_a6cd_565fd859fabd].
2026-10-05 07:57:13.146 [job-0] INFO  HdfsWriter$Job - start delete tmp dir [hdfs://192.168.42.101:8020/hive3/warehouse/ods.db/ods_order_info/dt=2026-09-27__9f4ac161_1dac_4681_8057_3db8cd8a0ee8] .
2026-10-05 07:57:13.150 [job-0] INFO  HdfsWriter$Job - finish delete tmp dir [hdfs://192.168.42.101:8020/hive3/warehouse/ods.db/ods_order_info/dt=2026-09-27__9f4ac161_1dac_4681_8057_3db8cd8a0ee8] .
2026-10-05 07:57:13.150 [job-0] INFO  JobContainer - DataX Reader.Job [mysqlreader] do post work.
2026-10-05 07:57:13.151 [job-0] INFO  JobContainer - DataX jobId [0] completed successfully.
2026-10-05 07:57:13.151 [job-0] INFO  HookInvoker - No hook invoked, because base dir not exists or is a file: /opt/datax/hook
2026-10-05 07:57:13.252 [job-0] INFO  JobContainer - 
	 [total cpu info] => 
		averageCpu                     | maxDeltaCpu                    | minDeltaCpu                    
		-1.00%                         | -1.00%                         | -1.00%
                        

	 [total gc info] => 
		 NAME                 | totalGCCount       | maxDeltaGCCount    | minDeltaGCCount    | totalGCTime        | maxDeltaGCTime     | minDeltaGCTime     
		 PS MarkSweep         | 1                  | 1                  | 1                  | 0.021s             | 0.021s             | 0.021s             
		 PS Scavenge          | 6                  | 6                  | 6                  | 0.029s             | 0.029s             | 0.029s             

2026-10-05 07:57:13.252 [job-0] INFO  JobContainer - PerfTrace not enable!
2026-10-05 07:57:13.252 [job-0] INFO  StandAloneJobContainerCommunicator - Total 74641 records, 9534448 bytes | Speed 931.10KB/s, 7464 records/s | Error 0 records, 0 bytes |  All Task WaitWriterTime 0.123s |  All Task WaitReaderTime 0.357s | Percentage 100.00%
2026-10-05 07:57:13.253 [job-0] INFO  JobContainer - 
任务启动时刻                    : 2026-10-05 07:57:02
任务结束时刻                    : 2026-10-05 07:57:13
任务总计耗时                    :                 11s
任务平均流量                    :          931.10KB/s
记录写入速度                    :           7464rec/s
读出记录总数                    :               74641
读写失败总数                    :                   0

======================datax开始抽取 order_info的分区2026-09-28==============================

DataX (DATAX-OPENSOURCE-3.0), From Alibaba !
Copyright (C) 2010-2017, Alibaba Group. All Rights Reserved.


2026-10-05 07:57:14.830 [main] INFO  MessageSource - JVM TimeZone: GMT+08:00, Locale: zh_CN
2026-10-05 07:57:14.832 [main] INFO  MessageSource - use Locale: zh_CN timeZone: sun.util.calendar.ZoneInfo[id="GMT+08:00",offset=28800000,dstSavings=0,useDaylight=false,transitions=0,lastRule=null]
2026-10-05 07:57:14.838 [main] INFO  VMInfo - VMInfo# operatingSystem class => sun.management.OperatingSystemImpl
2026-10-05 07:57:14.841 [main] INFO  Engine - the machine info  => 

	osInfo:	Oracle Corporation 1.8 25.212-b10
	jvmInfo:	Linux amd64 5.4.0-216-generic
	cpu num:	4

	totalPhysicalMemory:	-0.00G
	freePhysicalMemory:	-0.00G
	maxFileDescriptorCount:	-1
	currentOpenFileDescriptorCount:	-1

	GC Names	[PS MarkSweep, PS Scavenge]

	MEMORY_NAME                    | allocation_size                | init_size                      
	PS Eden Space                  | 256.00MB                       | 256.00MB                       
	Code Cache                     | 240.00MB                       | 2.44MB                         
	Compressed Class Space         | 1,024.00MB                     | 0.00MB                         
	PS Survivor Space              | 42.50MB                        | 42.50MB                        
	PS Old Gen                     | 683.00MB                       | 683.00MB                       
	Metaspace                      | -0.00MB                        | 0.00MB                         


2026-10-05 07:57:14.852 [main] INFO  Engine - 
{
	"content":[
		{
			"reader":{
				"name":"mysqlreader",
				"parameter":{
					"connection":[
						{
							"jdbcUrl":[
								"jdbc:mysql://192.168.110.131:3306/cloud_ecommerce?useUnicode=true&characterEncoding=utf-8"
							],
							"querySql":[
								"SELECT * FROM order_info WHERE date(create_time)='2026-09-28' "
							]
						}
					],
					"password":"*******",
					"username":"bigdata"
				}
			},
			"writer":{
				"name":"hdfswriter",
				"parameter":{
					"column":[
						{
							"name":"order_id",
							"type":"BIGINT"
						},
						{
							"name":"order_no",
							"type":"STRING"
						},
						{
							"name":"user_id",
							"type":"BIGINT"
						},
						{
							"name":"total_amount",
							"type":"STRING"
						},
						{
							"name":"pay_amount",
							"type":"STRING"
						},
						{
							"name":"freight_amount",
							"type":"STRING"
						},
						{
							"name":"discount_amount",
							"type":"STRING"
						},
						{
							"name":"coupon_id",
							"type":"BIGINT"
						},
						{
							"name":"order_status",
							"type":"TINYINT"
						},
						{
							"name":"payment_method",
							"type":"STRING"
						},
						{
							"name":"payment_time",
							"type":"STRING"
						},
						{
							"name":"delivery_time",
							"type":"STRING"
						},
						{
							"name":"receive_time",
							"type":"STRING"
						},
						{
							"name":"receiver_name",
							"type":"STRING"
						},
						{
							"name":"receiver_phone",
							"type":"STRING"
						},
						{
							"name":"receiver_address",
							"type":"STRING"
						},
						{
							"name":"order_remark",
							"type":"STRING"
						},
						{
							"name":"create_time",
							"type":"STRING"
						},
						{
							"name":"update_time",
							"type":"STRING"
						}
					],
					"defaultFS":"hdfs://192.168.42.101:8020",
					"fieldDelimiter":"\t",
					"fileName":"order_info",
					"fileType":"text",
					"path":"/hive3/warehouse/ods.db/ods_order_info/dt=2026-09-28",
					"writeMode":"truncate"
				}
			}
		}
	],
	"setting":{
		"speed":{
			"channel":1
		}
	}
}

2026-10-05 07:57:14.862 [main] WARN  Engine - prioriy set to 0, because NumberFormatException, the value is: null
2026-10-05 07:57:14.863 [main] INFO  PerfTrace - PerfTrace traceId=job_-1, isEnable=false, priority=0
2026-10-05 07:57:14.863 [main] INFO  JobContainer - DataX jobContainer starts job.
2026-10-05 07:57:14.864 [main] INFO  JobContainer - Set jobId = 0
2026-10-05 07:57:15.216 [job-0] INFO  OriginalConfPretreatmentUtil - Available jdbcUrl:jdbc:mysql://192.168.110.131:3306/cloud_ecommerce?useUnicode=true&characterEncoding=utf-8&yearIsDateType=false&zeroDateTimeBehavior=convertToNull&tinyInt1isBit=false&rewriteBatchedStatements=true.
2026-10-05 07:57:15.760 [job-0] INFO  JobContainer - jobContainer starts to do prepare ...
2026-10-05 07:57:15.760 [job-0] INFO  JobContainer - DataX Reader.Job [mysqlreader] do prepare work .
2026-10-05 07:57:15.760 [job-0] INFO  JobContainer - DataX Writer.Job [hdfswriter] do prepare work .
2026-10-05 07:57:15.813 [job-0] INFO  JobContainer - jobContainer starts to do split ...
2026-10-05 07:57:15.813 [job-0] INFO  JobContainer - Job set Channel-Number to 1 channels.
2026-10-05 07:57:15.815 [job-0] INFO  JobContainer - DataX Reader.Job [mysqlreader] splits to [1] tasks.
2026-10-05 07:57:15.815 [job-0] INFO  HdfsWriter$Job - begin do split...
2026-10-05 07:57:15.825 [job-0] INFO  HdfsWriter$Job - splited write file name:[hdfs://192.168.42.101:8020/hive3/warehouse/ods.db/ods_order_info/dt=2026-09-28__6087b96c_0849_4265_b137_46edc1fec560/order_info__b7df49dc_dffa_416e_9716_c0c42eeb7d3d]
2026-10-05 07:57:15.825 [job-0] INFO  HdfsWriter$Job - end do split.
2026-10-05 07:57:15.825 [job-0] INFO  JobContainer - DataX Writer.Job [hdfswriter] splits to [1] tasks.
2026-10-05 07:57:15.837 [job-0] INFO  JobContainer - jobContainer starts to do schedule ...
2026-10-05 07:57:15.839 [job-0] INFO  JobContainer - Scheduler starts [1] taskGroups.
2026-10-05 07:57:15.840 [job-0] INFO  JobContainer - Running by standalone Mode.
2026-10-05 07:57:15.846 [taskGroup-0] INFO  TaskGroupContainer - taskGroupId=[0] start [1] channels for [1] tasks.
2026-10-05 07:57:15.854 [taskGroup-0] INFO  Channel - Channel set byte_speed_limit to -1, No bps activated.
2026-10-05 07:57:15.854 [taskGroup-0] INFO  Channel - Channel set record_speed_limit to -1, No tps activated.
2026-10-05 07:57:15.865 [taskGroup-0] INFO  TaskGroupContainer - taskGroup[0] taskId[0] attemptCount[1] is started
2026-10-05 07:57:15.866 [0-0-0-reader] INFO  CommonRdbmsReader$Task - Begin to read record by Sql: [SELECT * FROM order_info WHERE date(create_time)='2026-09-28' 
] jdbcUrl:[jdbc:mysql://192.168.110.131:3306/cloud_ecommerce?useUnicode=true&characterEncoding=utf-8&yearIsDateType=false&zeroDateTimeBehavior=convertToNull&tinyInt1isBit=false&rewriteBatchedStatements=true].
2026-10-05 07:57:15.877 [0-0-0-writer] INFO  HdfsWriter$Task - begin do write...
2026-10-05 07:57:15.877 [0-0-0-writer] INFO  HdfsWriter$Task - write to file : [hdfs://192.168.42.101:8020/hive3/warehouse/ods.db/ods_order_info/dt=2026-09-28__6087b96c_0849_4265_b137_46edc1fec560/order_info__b7df49dc_dffa_416e_9716_c0c42eeb7d3d]
2026-10-05 07:57:17.191 [0-0-0-reader] INFO  CommonRdbmsReader$Task - Finished read record by Sql: [SELECT * FROM order_info WHERE date(create_time)='2026-09-28' 
] jdbcUrl:[jdbc:mysql://192.168.110.131:3306/cloud_ecommerce?useUnicode=true&characterEncoding=utf-8&yearIsDateType=false&zeroDateTimeBehavior=convertToNull&tinyInt1isBit=false&rewriteBatchedStatements=true].
2026-10-05 07:57:17.200 [0-0-0-writer] INFO  HdfsWriter$Task - end do write
2026-10-05 07:57:17.268 [taskGroup-0] INFO  TaskGroupContainer - taskGroup[0] taskId[0] is successed, used[1408]ms
2026-10-05 07:57:17.268 [taskGroup-0] INFO  TaskGroupContainer - taskGroup[0] completed it's tasks.
2026-10-05 07:57:25.849 [job-0] INFO  StandAloneJobContainerCommunicator - Total 74889 records, 9565245 bytes | Speed 934.11KB/s, 7488 records/s | Error 0 records, 0 bytes |  All Task WaitWriterTime 0.022s |  All Task WaitReaderTime 0.446s | Percentage 100.00%
2026-10-05 07:57:25.850 [job-0] INFO  AbstractScheduler - Scheduler accomplished all tasks.
2026-10-05 07:57:25.850 [job-0] INFO  JobContainer - DataX Writer.Job [hdfswriter] do post work.
2026-10-05 07:57:25.850 [job-0] INFO  HdfsWriter$Job - start rename file [hdfs://192.168.42.101:8020/hive3/warehouse/ods.db/ods_order_info/dt=2026-09-28__6087b96c_0849_4265_b137_46edc1fec560/order_info__b7df49dc_dffa_416e_9716_c0c42eeb7d3d] to file [hdfs://192.168.42.101:8020/hive3/warehouse/ods.db/ods_order_info/dt=2026-09-28/order_info__b7df49dc_dffa_416e_9716_c0c42eeb7d3d].
2026-10-05 07:57:25.853 [job-0] INFO  HdfsWriter$Job - finish rename file [hdfs://192.168.42.101:8020/hive3/warehouse/ods.db/ods_order_info/dt=2026-09-28__6087b96c_0849_4265_b137_46edc1fec560/order_info__b7df49dc_dffa_416e_9716_c0c42eeb7d3d] to file [hdfs://192.168.42.101:8020/hive3/warehouse/ods.db/ods_order_info/dt=2026-09-28/order_info__b7df49dc_dffa_416e_9716_c0c42eeb7d3d].
2026-10-05 07:57:25.854 [job-0] INFO  HdfsWriter$Job - start delete tmp dir [hdfs://192.168.42.101:8020/hive3/warehouse/ods.db/ods_order_info/dt=2026-09-28__6087b96c_0849_4265_b137_46edc1fec560] .
2026-10-05 07:57:25.857 [job-0] INFO  HdfsWriter$Job - finish delete tmp dir [hdfs://192.168.42.101:8020/hive3/warehouse/ods.db/ods_order_info/dt=2026-09-28__6087b96c_0849_4265_b137_46edc1fec560] .
2026-10-05 07:57:25.857 [job-0] INFO  JobContainer - DataX Reader.Job [mysqlreader] do post work.
2026-10-05 07:57:25.858 [job-0] INFO  JobContainer - DataX jobId [0] completed successfully.
2026-10-05 07:57:25.858 [job-0] INFO  HookInvoker - No hook invoked, because base dir not exists or is a file: /opt/datax/hook
2026-10-05 07:57:25.959 [job-0] INFO  JobContainer - 
	 [total cpu info] => 
		averageCpu                     | maxDeltaCpu                    | minDeltaCpu                    
		-1.00%                         | -1.00%                         | -1.00%
                        

	 [total gc info] => 
		 NAME                 | totalGCCount       | maxDeltaGCCount    | minDeltaGCCount    | totalGCTime        | maxDeltaGCTime     | minDeltaGCTime     
		 PS MarkSweep         | 1                  | 1                  | 1                  | 0.020s             | 0.020s             | 0.020s             
		 PS Scavenge          | 6                  | 6                  | 6                  | 0.028s             | 0.028s             | 0.028s             

2026-10-05 07:57:25.959 [job-0] INFO  JobContainer - PerfTrace not enable!
2026-10-05 07:57:25.960 [job-0] INFO  StandAloneJobContainerCommunicator - Total 74889 records, 9565245 bytes | Speed 934.11KB/s, 7488 records/s | Error 0 records, 0 bytes |  All Task WaitWriterTime 0.022s |  All Task WaitReaderTime 0.446s | Percentage 100.00%
2026-10-05 07:57:25.961 [job-0] INFO  JobContainer - 
任务启动时刻                    : 2026-10-05 07:57:14
任务结束时刻                    : 2026-10-05 07:57:25
任务总计耗时                    :                 11s
任务平均流量                    :          934.11KB/s
记录写入速度                    :           7488rec/s
读出记录总数                    :               74889
读写失败总数                    :                   0

======================datax开始抽取 order_info的分区2026-09-29==============================

DataX (DATAX-OPENSOURCE-3.0), From Alibaba !
Copyright (C) 2010-2017, Alibaba Group. All Rights Reserved.


2026-10-05 07:57:27.550 [main] INFO  MessageSource - JVM TimeZone: GMT+08:00, Locale: zh_CN
2026-10-05 07:57:27.552 [main] INFO  MessageSource - use Locale: zh_CN timeZone: sun.util.calendar.ZoneInfo[id="GMT+08:00",offset=28800000,dstSavings=0,useDaylight=false,transitions=0,lastRule=null]
2026-10-05 07:57:27.559 [main] INFO  VMInfo - VMInfo# operatingSystem class => sun.management.OperatingSystemImpl
2026-10-05 07:57:27.562 [main] INFO  Engine - the machine info  => 

	osInfo:	Oracle Corporation 1.8 25.212-b10
	jvmInfo:	Linux amd64 5.4.0-216-generic
	cpu num:	4

	totalPhysicalMemory:	-0.00G
	freePhysicalMemory:	-0.00G
	maxFileDescriptorCount:	-1
	currentOpenFileDescriptorCount:	-1

	GC Names	[PS MarkSweep, PS Scavenge]

	MEMORY_NAME                    | allocation_size                | init_size                      
	PS Eden Space                  | 256.00MB                       | 256.00MB                       
	Code Cache                     | 240.00MB                       | 2.44MB                         
	Compressed Class Space         | 1,024.00MB                     | 0.00MB                         
	PS Survivor Space              | 42.50MB                        | 42.50MB                        
	PS Old Gen                     | 683.00MB                       | 683.00MB                       
	Metaspace                      | -0.00MB                        | 0.00MB                         


2026-10-05 07:57:27.574 [main] INFO  Engine - 
{
	"content":[
		{
			"reader":{
				"name":"mysqlreader",
				"parameter":{
					"connection":[
						{
							"jdbcUrl":[
								"jdbc:mysql://192.168.110.131:3306/cloud_ecommerce?useUnicode=true&characterEncoding=utf-8"
							],
							"querySql":[
								"SELECT * FROM order_info WHERE date(create_time)='2026-09-29' "
							]
						}
					],
					"password":"*******",
					"username":"bigdata"
				}
			},
			"writer":{
				"name":"hdfswriter",
				"parameter":{
					"column":[
						{
							"name":"order_id",
							"type":"BIGINT"
						},
						{
							"name":"order_no",
							"type":"STRING"
						},
						{
							"name":"user_id",
							"type":"BIGINT"
						},
						{
							"name":"total_amount",
							"type":"STRING"
						},
						{
							"name":"pay_amount",
							"type":"STRING"
						},
						{
							"name":"freight_amount",
							"type":"STRING"
						},
						{
							"name":"discount_amount",
							"type":"STRING"
						},
						{
							"name":"coupon_id",
							"type":"BIGINT"
						},
						{
							"name":"order_status",
							"type":"TINYINT"
						},
						{
							"name":"payment_method",
							"type":"STRING"
						},
						{
							"name":"payment_time",
							"type":"STRING"
						},
						{
							"name":"delivery_time",
							"type":"STRING"
						},
						{
							"name":"receive_time",
							"type":"STRING"
						},
						{
							"name":"receiver_name",
							"type":"STRING"
						},
						{
							"name":"receiver_phone",
							"type":"STRING"
						},
						{
							"name":"receiver_address",
							"type":"STRING"
						},
						{
							"name":"order_remark",
							"type":"STRING"
						},
						{
							"name":"create_time",
							"type":"STRING"
						},
						{
							"name":"update_time",
							"type":"STRING"
						}
					],
					"defaultFS":"hdfs://192.168.42.101:8020",
					"fieldDelimiter":"\t",
					"fileName":"order_info",
					"fileType":"text",
					"path":"/hive3/warehouse/ods.db/ods_order_info/dt=2026-09-29",
					"writeMode":"truncate"
				}
			}
		}
	],
	"setting":{
		"speed":{
			"channel":1
		}
	}
}

2026-10-05 07:57:27.583 [main] WARN  Engine - prioriy set to 0, because NumberFormatException, the value is: null
2026-10-05 07:57:27.585 [main] INFO  PerfTrace - PerfTrace traceId=job_-1, isEnable=false, priority=0
2026-10-05 07:57:27.585 [main] INFO  JobContainer - DataX jobContainer starts job.
2026-10-05 07:57:27.586 [main] INFO  JobContainer - Set jobId = 0
2026-10-05 07:57:27.952 [job-0] INFO  OriginalConfPretreatmentUtil - Available jdbcUrl:jdbc:mysql://192.168.110.131:3306/cloud_ecommerce?useUnicode=true&characterEncoding=utf-8&yearIsDateType=false&zeroDateTimeBehavior=convertToNull&tinyInt1isBit=false&rewriteBatchedStatements=true.
2026-10-05 07:57:28.462 [job-0] INFO  JobContainer - jobContainer starts to do prepare ...
2026-10-05 07:57:28.462 [job-0] INFO  JobContainer - DataX Reader.Job [mysqlreader] do prepare work .
2026-10-05 07:57:28.463 [job-0] INFO  JobContainer - DataX Writer.Job [hdfswriter] do prepare work .
2026-10-05 07:57:28.519 [job-0] INFO  JobContainer - jobContainer starts to do split ...
2026-10-05 07:57:28.520 [job-0] INFO  JobContainer - Job set Channel-Number to 1 channels.
2026-10-05 07:57:28.521 [job-0] INFO  JobContainer - DataX Reader.Job [mysqlreader] splits to [1] tasks.
2026-10-05 07:57:28.521 [job-0] INFO  HdfsWriter$Job - begin do split...
2026-10-05 07:57:28.524 [job-0] INFO  HdfsWriter$Job - splited write file name:[hdfs://192.168.42.101:8020/hive3/warehouse/ods.db/ods_order_info/dt=2026-09-29__615c5e48_f7c3_4677_ad0e_d53022cc5c76/order_info__8c075cb7_f0ab_487f_ba59_868cf3c95df7]
2026-10-05 07:57:28.525 [job-0] INFO  HdfsWriter$Job - end do split.
2026-10-05 07:57:28.525 [job-0] INFO  JobContainer - DataX Writer.Job [hdfswriter] splits to [1] tasks.
2026-10-05 07:57:28.535 [job-0] INFO  JobContainer - jobContainer starts to do schedule ...
2026-10-05 07:57:28.537 [job-0] INFO  JobContainer - Scheduler starts [1] taskGroups.
2026-10-05 07:57:28.538 [job-0] INFO  JobContainer - Running by standalone Mode.
2026-10-05 07:57:28.552 [taskGroup-0] INFO  TaskGroupContainer - taskGroupId=[0] start [1] channels for [1] tasks.
2026-10-05 07:57:28.554 [taskGroup-0] INFO  Channel - Channel set byte_speed_limit to -1, No bps activated.
2026-10-05 07:57:28.554 [taskGroup-0] INFO  Channel - Channel set record_speed_limit to -1, No tps activated.
2026-10-05 07:57:28.561 [taskGroup-0] INFO  TaskGroupContainer - taskGroup[0] taskId[0] attemptCount[1] is started
2026-10-05 07:57:28.563 [0-0-0-reader] INFO  CommonRdbmsReader$Task - Begin to read record by Sql: [SELECT * FROM order_info WHERE date(create_time)='2026-09-29' 
] jdbcUrl:[jdbc:mysql://192.168.110.131:3306/cloud_ecommerce?useUnicode=true&characterEncoding=utf-8&yearIsDateType=false&zeroDateTimeBehavior=convertToNull&tinyInt1isBit=false&rewriteBatchedStatements=true].
2026-10-05 07:57:28.574 [0-0-0-writer] INFO  HdfsWriter$Task - begin do write...
2026-10-05 07:57:28.574 [0-0-0-writer] INFO  HdfsWriter$Task - write to file : [hdfs://192.168.42.101:8020/hive3/warehouse/ods.db/ods_order_info/dt=2026-09-29__615c5e48_f7c3_4677_ad0e_d53022cc5c76/order_info__8c075cb7_f0ab_487f_ba59_868cf3c95df7]
2026-10-05 07:57:29.881 [0-0-0-reader] INFO  CommonRdbmsReader$Task - Finished read record by Sql: [SELECT * FROM order_info WHERE date(create_time)='2026-09-29' 
] jdbcUrl:[jdbc:mysql://192.168.110.131:3306/cloud_ecommerce?useUnicode=true&characterEncoding=utf-8&yearIsDateType=false&zeroDateTimeBehavior=convertToNull&tinyInt1isBit=false&rewriteBatchedStatements=true].
2026-10-05 07:57:29.889 [0-0-0-writer] INFO  HdfsWriter$Task - end do write
2026-10-05 07:57:29.963 [taskGroup-0] INFO  TaskGroupContainer - taskGroup[0] taskId[0] is successed, used[1405]ms
2026-10-05 07:57:29.963 [taskGroup-0] INFO  TaskGroupContainer - taskGroup[0] completed it's tasks.
2026-10-05 07:57:38.548 [job-0] INFO  StandAloneJobContainerCommunicator - Total 75197 records, 9603103 bytes | Speed 937.80KB/s, 7519 records/s | Error 0 records, 0 bytes |  All Task WaitWriterTime 0.138s |  All Task WaitReaderTime 0.341s | Percentage 100.00%
2026-10-05 07:57:38.548 [job-0] INFO  AbstractScheduler - Scheduler accomplished all tasks.
2026-10-05 07:57:38.548 [job-0] INFO  JobContainer - DataX Writer.Job [hdfswriter] do post work.
2026-10-05 07:57:38.548 [job-0] INFO  HdfsWriter$Job - start rename file [hdfs://192.168.42.101:8020/hive3/warehouse/ods.db/ods_order_info/dt=2026-09-29__615c5e48_f7c3_4677_ad0e_d53022cc5c76/order_info__8c075cb7_f0ab_487f_ba59_868cf3c95df7] to file [hdfs://192.168.42.101:8020/hive3/warehouse/ods.db/ods_order_info/dt=2026-09-29/order_info__8c075cb7_f0ab_487f_ba59_868cf3c95df7].
2026-10-05 07:57:38.552 [job-0] INFO  HdfsWriter$Job - finish rename file [hdfs://192.168.42.101:8020/hive3/warehouse/ods.db/ods_order_info/dt=2026-09-29__615c5e48_f7c3_4677_ad0e_d53022cc5c76/order_info__8c075cb7_f0ab_487f_ba59_868cf3c95df7] to file [hdfs://192.168.42.101:8020/hive3/warehouse/ods.db/ods_order_info/dt=2026-09-29/order_info__8c075cb7_f0ab_487f_ba59_868cf3c95df7].
2026-10-05 07:57:38.552 [job-0] INFO  HdfsWriter$Job - start delete tmp dir [hdfs://192.168.42.101:8020/hive3/warehouse/ods.db/ods_order_info/dt=2026-09-29__615c5e48_f7c3_4677_ad0e_d53022cc5c76] .
2026-10-05 07:57:38.556 [job-0] INFO  HdfsWriter$Job - finish delete tmp dir [hdfs://192.168.42.101:8020/hive3/warehouse/ods.db/ods_order_info/dt=2026-09-29__615c5e48_f7c3_4677_ad0e_d53022cc5c76] .
2026-10-05 07:57:38.556 [job-0] INFO  JobContainer - DataX Reader.Job [mysqlreader] do post work.
2026-10-05 07:57:38.556 [job-0] INFO  JobContainer - DataX jobId [0] completed successfully.
2026-10-05 07:57:38.557 [job-0] INFO  HookInvoker - No hook invoked, because base dir not exists or is a file: /opt/datax/hook
2026-10-05 07:57:38.658 [job-0] INFO  JobContainer - 
	 [total cpu info] => 
		averageCpu                     | maxDeltaCpu                    | minDeltaCpu                    
		-1.00%                         | -1.00%                         | -1.00%
                        

	 [total gc info] => 
		 NAME                 | totalGCCount       | maxDeltaGCCount    | minDeltaGCCount    | totalGCTime        | maxDeltaGCTime     | minDeltaGCTime     
		 PS MarkSweep         | 1                  | 1                  | 1                  | 0.018s             | 0.018s             | 0.018s             
		 PS Scavenge          | 6                  | 6                  | 6                  | 0.028s             | 0.028s             | 0.028s             

2026-10-05 07:57:38.658 [job-0] INFO  JobContainer - PerfTrace not enable!
2026-10-05 07:57:38.659 [job-0] INFO  StandAloneJobContainerCommunicator - Total 75197 records, 9603103 bytes | Speed 937.80KB/s, 7519 records/s | Error 0 records, 0 bytes |  All Task WaitWriterTime 0.138s |  All Task WaitReaderTime 0.341s | Percentage 100.00%
2026-10-05 07:57:38.660 [job-0] INFO  JobContainer - 
任务启动时刻                    : 2026-10-05 07:57:27
任务结束时刻                    : 2026-10-05 07:57:38
任务总计耗时                    :                 11s
任务平均流量                    :          937.80KB/s
记录写入速度                    :           7519rec/s
读出记录总数                    :               75197
读写失败总数                    :                   0

======================datax开始抽取 order_info的分区2026-09-30==============================

DataX (DATAX-OPENSOURCE-3.0), From Alibaba !
Copyright (C) 2010-2017, Alibaba Group. All Rights Reserved.


2026-10-05 07:57:40.238 [main] INFO  MessageSource - JVM TimeZone: GMT+08:00, Locale: zh_CN
2026-10-05 07:57:40.239 [main] INFO  MessageSource - use Locale: zh_CN timeZone: sun.util.calendar.ZoneInfo[id="GMT+08:00",offset=28800000,dstSavings=0,useDaylight=false,transitions=0,lastRule=null]
2026-10-05 07:57:40.247 [main] INFO  VMInfo - VMInfo# operatingSystem class => sun.management.OperatingSystemImpl
2026-10-05 07:57:40.250 [main] INFO  Engine - the machine info  => 

	osInfo:	Oracle Corporation 1.8 25.212-b10
	jvmInfo:	Linux amd64 5.4.0-216-generic
	cpu num:	4

	totalPhysicalMemory:	-0.00G
	freePhysicalMemory:	-0.00G
	maxFileDescriptorCount:	-1
	currentOpenFileDescriptorCount:	-1

	GC Names	[PS MarkSweep, PS Scavenge]

	MEMORY_NAME                    | allocation_size                | init_size                      
	PS Eden Space                  | 256.00MB                       | 256.00MB                       
	Code Cache                     | 240.00MB                       | 2.44MB                         
	Compressed Class Space         | 1,024.00MB                     | 0.00MB                         
	PS Survivor Space              | 42.50MB                        | 42.50MB                        
	PS Old Gen                     | 683.00MB                       | 683.00MB                       
	Metaspace                      | -0.00MB                        | 0.00MB                         


2026-10-05 07:57:40.262 [main] INFO  Engine - 
{
	"content":[
		{
			"reader":{
				"name":"mysqlreader",
				"parameter":{
					"connection":[
						{
							"jdbcUrl":[
								"jdbc:mysql://192.168.110.131:3306/cloud_ecommerce?useUnicode=true&characterEncoding=utf-8"
							],
							"querySql":[
								"SELECT * FROM order_info WHERE date(create_time)='2026-09-30' "
							]
						}
					],
					"password":"*******",
					"username":"bigdata"
				}
			},
			"writer":{
				"name":"hdfswriter",
				"parameter":{
					"column":[
						{
							"name":"order_id",
							"type":"BIGINT"
						},
						{
							"name":"order_no",
							"type":"STRING"
						},
						{
							"name":"user_id",
							"type":"BIGINT"
						},
						{
							"name":"total_amount",
							"type":"STRING"
						},
						{
							"name":"pay_amount",
							"type":"STRING"
						},
						{
							"name":"freight_amount",
							"type":"STRING"
						},
						{
							"name":"discount_amount",
							"type":"STRING"
						},
						{
							"name":"coupon_id",
							"type":"BIGINT"
						},
						{
							"name":"order_status",
							"type":"TINYINT"
						},
						{
							"name":"payment_method",
							"type":"STRING"
						},
						{
							"name":"payment_time",
							"type":"STRING"
						},
						{
							"name":"delivery_time",
							"type":"STRING"
						},
						{
							"name":"receive_time",
							"type":"STRING"
						},
						{
							"name":"receiver_name",
							"type":"STRING"
						},
						{
							"name":"receiver_phone",
							"type":"STRING"
						},
						{
							"name":"receiver_address",
							"type":"STRING"
						},
						{
							"name":"order_remark",
							"type":"STRING"
						},
						{
							"name":"create_time",
							"type":"STRING"
						},
						{
							"name":"update_time",
							"type":"STRING"
						}
					],
					"defaultFS":"hdfs://192.168.42.101:8020",
					"fieldDelimiter":"\t",
					"fileName":"order_info",
					"fileType":"text",
					"path":"/hive3/warehouse/ods.db/ods_order_info/dt=2026-09-30",
					"writeMode":"truncate"
				}
			}
		}
	],
	"setting":{
		"speed":{
			"channel":1
		}
	}
}

2026-10-05 07:57:40.272 [main] WARN  Engine - prioriy set to 0, because NumberFormatException, the value is: null
2026-10-05 07:57:40.273 [main] INFO  PerfTrace - PerfTrace traceId=job_-1, isEnable=false, priority=0
2026-10-05 07:57:40.273 [main] INFO  JobContainer - DataX jobContainer starts job.
2026-10-05 07:57:40.275 [main] INFO  JobContainer - Set jobId = 0
2026-10-05 07:57:40.640 [job-0] INFO  OriginalConfPretreatmentUtil - Available jdbcUrl:jdbc:mysql://192.168.110.131:3306/cloud_ecommerce?useUnicode=true&characterEncoding=utf-8&yearIsDateType=false&zeroDateTimeBehavior=convertToNull&tinyInt1isBit=false&rewriteBatchedStatements=true.
2026-10-05 07:57:41.189 [job-0] INFO  JobContainer - jobContainer starts to do prepare ...
2026-10-05 07:57:41.189 [job-0] INFO  JobContainer - DataX Reader.Job [mysqlreader] do prepare work .
2026-10-05 07:57:41.189 [job-0] INFO  JobContainer - DataX Writer.Job [hdfswriter] do prepare work .
2026-10-05 07:57:41.240 [job-0] INFO  JobContainer - jobContainer starts to do split ...
2026-10-05 07:57:41.240 [job-0] INFO  JobContainer - Job set Channel-Number to 1 channels.
2026-10-05 07:57:41.242 [job-0] INFO  JobContainer - DataX Reader.Job [mysqlreader] splits to [1] tasks.
2026-10-05 07:57:41.242 [job-0] INFO  HdfsWriter$Job - begin do split...
2026-10-05 07:57:41.246 [job-0] INFO  HdfsWriter$Job - splited write file name:[hdfs://192.168.42.101:8020/hive3/warehouse/ods.db/ods_order_info/dt=2026-09-30__23abed2b_6102_4b0e_813e_200a0d46e7c7/order_info__0f08e01d_fd47_4d2a_8109_c4ca2c983e20]
2026-10-05 07:57:41.246 [job-0] INFO  HdfsWriter$Job - end do split.
2026-10-05 07:57:41.246 [job-0] INFO  JobContainer - DataX Writer.Job [hdfswriter] splits to [1] tasks.
2026-10-05 07:57:41.255 [job-0] INFO  JobContainer - jobContainer starts to do schedule ...
2026-10-05 07:57:41.258 [job-0] INFO  JobContainer - Scheduler starts [1] taskGroups.
2026-10-05 07:57:41.259 [job-0] INFO  JobContainer - Running by standalone Mode.
2026-10-05 07:57:41.263 [taskGroup-0] INFO  TaskGroupContainer - taskGroupId=[0] start [1] channels for [1] tasks.
2026-10-05 07:57:41.267 [taskGroup-0] INFO  Channel - Channel set byte_speed_limit to -1, No bps activated.
2026-10-05 07:57:41.267 [taskGroup-0] INFO  Channel - Channel set record_speed_limit to -1, No tps activated.
2026-10-05 07:57:41.278 [taskGroup-0] INFO  TaskGroupContainer - taskGroup[0] taskId[0] attemptCount[1] is started
2026-10-05 07:57:41.282 [0-0-0-reader] INFO  CommonRdbmsReader$Task - Begin to read record by Sql: [SELECT * FROM order_info WHERE date(create_time)='2026-09-30' 
] jdbcUrl:[jdbc:mysql://192.168.110.131:3306/cloud_ecommerce?useUnicode=true&characterEncoding=utf-8&yearIsDateType=false&zeroDateTimeBehavior=convertToNull&tinyInt1isBit=false&rewriteBatchedStatements=true].
2026-10-05 07:57:41.289 [0-0-0-writer] INFO  HdfsWriter$Task - begin do write...
2026-10-05 07:57:41.289 [0-0-0-writer] INFO  HdfsWriter$Task - write to file : [hdfs://192.168.42.101:8020/hive3/warehouse/ods.db/ods_order_info/dt=2026-09-30__23abed2b_6102_4b0e_813e_200a0d46e7c7/order_info__0f08e01d_fd47_4d2a_8109_c4ca2c983e20]
2026-10-05 07:57:42.622 [0-0-0-reader] INFO  CommonRdbmsReader$Task - Finished read record by Sql: [SELECT * FROM order_info WHERE date(create_time)='2026-09-30' 
] jdbcUrl:[jdbc:mysql://192.168.110.131:3306/cloud_ecommerce?useUnicode=true&characterEncoding=utf-8&yearIsDateType=false&zeroDateTimeBehavior=convertToNull&tinyInt1isBit=false&rewriteBatchedStatements=true].
2026-10-05 07:57:42.633 [0-0-0-writer] INFO  HdfsWriter$Task - end do write
2026-10-05 07:57:42.681 [taskGroup-0] INFO  TaskGroupContainer - taskGroup[0] taskId[0] is successed, used[1410]ms
2026-10-05 07:57:42.681 [taskGroup-0] INFO  TaskGroupContainer - taskGroup[0] completed it's tasks.
2026-10-05 07:57:51.268 [job-0] INFO  StandAloneJobContainerCommunicator - Total 74967 records, 9574719 bytes | Speed 935.03KB/s, 7496 records/s | Error 0 records, 0 bytes |  All Task WaitWriterTime 0.103s |  All Task WaitReaderTime 0.401s | Percentage 100.00%
2026-10-05 07:57:51.268 [job-0] INFO  AbstractScheduler - Scheduler accomplished all tasks.
2026-10-05 07:57:51.268 [job-0] INFO  JobContainer - DataX Writer.Job [hdfswriter] do post work.
2026-10-05 07:57:51.269 [job-0] INFO  HdfsWriter$Job - start rename file [hdfs://192.168.42.101:8020/hive3/warehouse/ods.db/ods_order_info/dt=2026-09-30__23abed2b_6102_4b0e_813e_200a0d46e7c7/order_info__0f08e01d_fd47_4d2a_8109_c4ca2c983e20] to file [hdfs://192.168.42.101:8020/hive3/warehouse/ods.db/ods_order_info/dt=2026-09-30/order_info__0f08e01d_fd47_4d2a_8109_c4ca2c983e20].
2026-10-05 07:57:51.272 [job-0] INFO  HdfsWriter$Job - finish rename file [hdfs://192.168.42.101:8020/hive3/warehouse/ods.db/ods_order_info/dt=2026-09-30__23abed2b_6102_4b0e_813e_200a0d46e7c7/order_info__0f08e01d_fd47_4d2a_8109_c4ca2c983e20] to file [hdfs://192.168.42.101:8020/hive3/warehouse/ods.db/ods_order_info/dt=2026-09-30/order_info__0f08e01d_fd47_4d2a_8109_c4ca2c983e20].
2026-10-05 07:57:51.272 [job-0] INFO  HdfsWriter$Job - start delete tmp dir [hdfs://192.168.42.101:8020/hive3/warehouse/ods.db/ods_order_info/dt=2026-09-30__23abed2b_6102_4b0e_813e_200a0d46e7c7] .
2026-10-05 07:57:51.277 [job-0] INFO  HdfsWriter$Job - finish delete tmp dir [hdfs://192.168.42.101:8020/hive3/warehouse/ods.db/ods_order_info/dt=2026-09-30__23abed2b_6102_4b0e_813e_200a0d46e7c7] .
2026-10-05 07:57:51.277 [job-0] INFO  JobContainer - DataX Reader.Job [mysqlreader] do post work.
2026-10-05 07:57:51.277 [job-0] INFO  JobContainer - DataX jobId [0] completed successfully.
2026-10-05 07:57:51.278 [job-0] INFO  HookInvoker - No hook invoked, because base dir not exists or is a file: /opt/datax/hook
2026-10-05 07:57:51.379 [job-0] INFO  JobContainer - 
	 [total cpu info] => 
		averageCpu                     | maxDeltaCpu                    | minDeltaCpu                    
		-1.00%                         | -1.00%                         | -1.00%
                        

	 [total gc info] => 
		 NAME                 | totalGCCount       | maxDeltaGCCount    | minDeltaGCCount    | totalGCTime        | maxDeltaGCTime     | minDeltaGCTime     
		 PS MarkSweep         | 1                  | 1                  | 1                  | 0.019s             | 0.019s             | 0.019s             
		 PS Scavenge          | 6                  | 6                  | 6                  | 0.029s             | 0.029s             | 0.029s             

2026-10-05 07:57:51.379 [job-0] INFO  JobContainer - PerfTrace not enable!
2026-10-05 07:57:51.380 [job-0] INFO  StandAloneJobContainerCommunicator - Total 74967 records, 9574719 bytes | Speed 935.03KB/s, 7496 records/s | Error 0 records, 0 bytes |  All Task WaitWriterTime 0.103s |  All Task WaitReaderTime 0.401s | Percentage 100.00%
2026-10-05 07:57:51.381 [job-0] INFO  JobContainer - 
任务启动时刻                    : 2026-10-05 07:57:40
任务结束时刻                    : 2026-10-05 07:57:51
任务总计耗时                    :                 11s
任务平均流量                    :          935.03KB/s
记录写入速度                    :           7496rec/s
读出记录总数                    :               74967
读写失败总数                    :                   0

======================datax开始抽取 order_info的分区2026-10-01==============================

DataX (DATAX-OPENSOURCE-3.0), From Alibaba !
Copyright (C) 2010-2017, Alibaba Group. All Rights Reserved.


2026-10-05 07:57:52.938 [main] INFO  MessageSource - JVM TimeZone: GMT+08:00, Locale: zh_CN
2026-10-05 07:57:52.939 [main] INFO  MessageSource - use Locale: zh_CN timeZone: sun.util.calendar.ZoneInfo[id="GMT+08:00",offset=28800000,dstSavings=0,useDaylight=false,transitions=0,lastRule=null]
2026-10-05 07:57:52.946 [main] INFO  VMInfo - VMInfo# operatingSystem class => sun.management.OperatingSystemImpl
2026-10-05 07:57:52.949 [main] INFO  Engine - the machine info  => 

	osInfo:	Oracle Corporation 1.8 25.212-b10
	jvmInfo:	Linux amd64 5.4.0-216-generic
	cpu num:	4

	totalPhysicalMemory:	-0.00G
	freePhysicalMemory:	-0.00G
	maxFileDescriptorCount:	-1
	currentOpenFileDescriptorCount:	-1

	GC Names	[PS MarkSweep, PS Scavenge]

	MEMORY_NAME                    | allocation_size                | init_size                      
	PS Eden Space                  | 256.00MB                       | 256.00MB                       
	Code Cache                     | 240.00MB                       | 2.44MB                         
	Compressed Class Space         | 1,024.00MB                     | 0.00MB                         
	PS Survivor Space              | 42.50MB                        | 42.50MB                        
	PS Old Gen                     | 683.00MB                       | 683.00MB                       
	Metaspace                      | -0.00MB                        | 0.00MB                         


2026-10-05 07:57:52.960 [main] INFO  Engine - 
{
	"content":[
		{
			"reader":{
				"name":"mysqlreader",
				"parameter":{
					"connection":[
						{
							"jdbcUrl":[
								"jdbc:mysql://192.168.110.131:3306/cloud_ecommerce?useUnicode=true&characterEncoding=utf-8"
							],
							"querySql":[
								"SELECT * FROM order_info WHERE date(create_time)='2026-10-01' "
							]
						}
					],
					"password":"*******",
					"username":"bigdata"
				}
			},
			"writer":{
				"name":"hdfswriter",
				"parameter":{
					"column":[
						{
							"name":"order_id",
							"type":"BIGINT"
						},
						{
							"name":"order_no",
							"type":"STRING"
						},
						{
							"name":"user_id",
							"type":"BIGINT"
						},
						{
							"name":"total_amount",
							"type":"STRING"
						},
						{
							"name":"pay_amount",
							"type":"STRING"
						},
						{
							"name":"freight_amount",
							"type":"STRING"
						},
						{
							"name":"discount_amount",
							"type":"STRING"
						},
						{
							"name":"coupon_id",
							"type":"BIGINT"
						},
						{
							"name":"order_status",
							"type":"TINYINT"
						},
						{
							"name":"payment_method",
							"type":"STRING"
						},
						{
							"name":"payment_time",
							"type":"STRING"
						},
						{
							"name":"delivery_time",
							"type":"STRING"
						},
						{
							"name":"receive_time",
							"type":"STRING"
						},
						{
							"name":"receiver_name",
							"type":"STRING"
						},
						{
							"name":"receiver_phone",
							"type":"STRING"
						},
						{
							"name":"receiver_address",
							"type":"STRING"
						},
						{
							"name":"order_remark",
							"type":"STRING"
						},
						{
							"name":"create_time",
							"type":"STRING"
						},
						{
							"name":"update_time",
							"type":"STRING"
						}
					],
					"defaultFS":"hdfs://192.168.42.101:8020",
					"fieldDelimiter":"\t",
					"fileName":"order_info",
					"fileType":"text",
					"path":"/hive3/warehouse/ods.db/ods_order_info/dt=2026-10-01",
					"writeMode":"truncate"
				}
			}
		}
	],
	"setting":{
		"speed":{
			"channel":1
		}
	}
}

2026-10-05 07:57:52.970 [main] WARN  Engine - prioriy set to 0, because NumberFormatException, the value is: null
2026-10-05 07:57:52.971 [main] INFO  PerfTrace - PerfTrace traceId=job_-1, isEnable=false, priority=0
2026-10-05 07:57:52.971 [main] INFO  JobContainer - DataX jobContainer starts job.
2026-10-05 07:57:52.972 [main] INFO  JobContainer - Set jobId = 0
2026-10-05 07:57:53.329 [job-0] INFO  OriginalConfPretreatmentUtil - Available jdbcUrl:jdbc:mysql://192.168.110.131:3306/cloud_ecommerce?useUnicode=true&characterEncoding=utf-8&yearIsDateType=false&zeroDateTimeBehavior=convertToNull&tinyInt1isBit=false&rewriteBatchedStatements=true.
2026-10-05 07:57:53.857 [job-0] INFO  JobContainer - jobContainer starts to do prepare ...
2026-10-05 07:57:53.857 [job-0] INFO  JobContainer - DataX Reader.Job [mysqlreader] do prepare work .
2026-10-05 07:57:53.857 [job-0] INFO  JobContainer - DataX Writer.Job [hdfswriter] do prepare work .
2026-10-05 07:57:53.907 [job-0] INFO  JobContainer - jobContainer starts to do split ...
2026-10-05 07:57:53.907 [job-0] INFO  JobContainer - Job set Channel-Number to 1 channels.
2026-10-05 07:57:53.909 [job-0] INFO  JobContainer - DataX Reader.Job [mysqlreader] splits to [1] tasks.
2026-10-05 07:57:53.909 [job-0] INFO  HdfsWriter$Job - begin do split...
2026-10-05 07:57:53.912 [job-0] INFO  HdfsWriter$Job - splited write file name:[hdfs://192.168.42.101:8020/hive3/warehouse/ods.db/ods_order_info/dt=2026-10-01__13363147_e6f2_4b24_9a67_ea067891120c/order_info__789ef836_c919_4143_9c45_f6cc56c33ca2]
2026-10-05 07:57:53.912 [job-0] INFO  HdfsWriter$Job - end do split.
2026-10-05 07:57:53.912 [job-0] INFO  JobContainer - DataX Writer.Job [hdfswriter] splits to [1] tasks.
2026-10-05 07:57:53.923 [job-0] INFO  JobContainer - jobContainer starts to do schedule ...
2026-10-05 07:57:53.925 [job-0] INFO  JobContainer - Scheduler starts [1] taskGroups.
2026-10-05 07:57:53.928 [job-0] INFO  JobContainer - Running by standalone Mode.
2026-10-05 07:57:53.936 [taskGroup-0] INFO  TaskGroupContainer - taskGroupId=[0] start [1] channels for [1] tasks.
2026-10-05 07:57:53.938 [taskGroup-0] INFO  Channel - Channel set byte_speed_limit to -1, No bps activated.
2026-10-05 07:57:53.938 [taskGroup-0] INFO  Channel - Channel set record_speed_limit to -1, No tps activated.
2026-10-05 07:57:53.949 [taskGroup-0] INFO  TaskGroupContainer - taskGroup[0] taskId[0] attemptCount[1] is started
2026-10-05 07:57:53.951 [0-0-0-reader] INFO  CommonRdbmsReader$Task - Begin to read record by Sql: [SELECT * FROM order_info WHERE date(create_time)='2026-10-01' 
] jdbcUrl:[jdbc:mysql://192.168.110.131:3306/cloud_ecommerce?useUnicode=true&characterEncoding=utf-8&yearIsDateType=false&zeroDateTimeBehavior=convertToNull&tinyInt1isBit=false&rewriteBatchedStatements=true].
2026-10-05 07:57:53.958 [0-0-0-writer] INFO  HdfsWriter$Task - begin do write...
2026-10-05 07:57:53.958 [0-0-0-writer] INFO  HdfsWriter$Task - write to file : [hdfs://192.168.42.101:8020/hive3/warehouse/ods.db/ods_order_info/dt=2026-10-01__13363147_e6f2_4b24_9a67_ea067891120c/order_info__789ef836_c919_4143_9c45_f6cc56c33ca2]
2026-10-05 07:57:55.259 [0-0-0-reader] INFO  CommonRdbmsReader$Task - Finished read record by Sql: [SELECT * FROM order_info WHERE date(create_time)='2026-10-01' 
] jdbcUrl:[jdbc:mysql://192.168.110.131:3306/cloud_ecommerce?useUnicode=true&characterEncoding=utf-8&yearIsDateType=false&zeroDateTimeBehavior=convertToNull&tinyInt1isBit=false&rewriteBatchedStatements=true].
2026-10-05 07:57:55.466 [0-0-0-writer] INFO  HdfsWriter$Task - end do write
2026-10-05 07:57:55.551 [taskGroup-0] INFO  TaskGroupContainer - taskGroup[0] taskId[0] is successed, used[1609]ms
2026-10-05 07:57:55.552 [taskGroup-0] INFO  TaskGroupContainer - taskGroup[0] completed it's tasks.
2026-10-05 07:58:03.938 [job-0] INFO  StandAloneJobContainerCommunicator - Total 75170 records, 9598615 bytes | Speed 937.36KB/s, 7517 records/s | Error 0 records, 0 bytes |  All Task WaitWriterTime 0.086s |  All Task WaitReaderTime 0.427s | Percentage 100.00%
2026-10-05 07:58:03.938 [job-0] INFO  AbstractScheduler - Scheduler accomplished all tasks.
2026-10-05 07:58:03.938 [job-0] INFO  JobContainer - DataX Writer.Job [hdfswriter] do post work.
2026-10-05 07:58:03.938 [job-0] INFO  HdfsWriter$Job - start rename file [hdfs://192.168.42.101:8020/hive3/warehouse/ods.db/ods_order_info/dt=2026-10-01__13363147_e6f2_4b24_9a67_ea067891120c/order_info__789ef836_c919_4143_9c45_f6cc56c33ca2] to file [hdfs://192.168.42.101:8020/hive3/warehouse/ods.db/ods_order_info/dt=2026-10-01/order_info__789ef836_c919_4143_9c45_f6cc56c33ca2].
2026-10-05 07:58:03.942 [job-0] INFO  HdfsWriter$Job - finish rename file [hdfs://192.168.42.101:8020/hive3/warehouse/ods.db/ods_order_info/dt=2026-10-01__13363147_e6f2_4b24_9a67_ea067891120c/order_info__789ef836_c919_4143_9c45_f6cc56c33ca2] to file [hdfs://192.168.42.101:8020/hive3/warehouse/ods.db/ods_order_info/dt=2026-10-01/order_info__789ef836_c919_4143_9c45_f6cc56c33ca2].
2026-10-05 07:58:03.942 [job-0] INFO  HdfsWriter$Job - start delete tmp dir [hdfs://192.168.42.101:8020/hive3/warehouse/ods.db/ods_order_info/dt=2026-10-01__13363147_e6f2_4b24_9a67_ea067891120c] .
2026-10-05 07:58:03.946 [job-0] INFO  HdfsWriter$Job - finish delete tmp dir [hdfs://192.168.42.101:8020/hive3/warehouse/ods.db/ods_order_info/dt=2026-10-01__13363147_e6f2_4b24_9a67_ea067891120c] .
2026-10-05 07:58:03.946 [job-0] INFO  JobContainer - DataX Reader.Job [mysqlreader] do post work.
2026-10-05 07:58:03.946 [job-0] INFO  JobContainer - DataX jobId [0] completed successfully.
2026-10-05 07:58:03.947 [job-0] INFO  HookInvoker - No hook invoked, because base dir not exists or is a file: /opt/datax/hook
2026-10-05 07:58:03.948 [job-0] INFO  JobContainer - 
	 [total cpu info] => 
		averageCpu                     | maxDeltaCpu                    | minDeltaCpu                    
		-1.00%                         | -1.00%                         | -1.00%
                        

	 [total gc info] => 
		 NAME                 | totalGCCount       | maxDeltaGCCount    | minDeltaGCCount    | totalGCTime        | maxDeltaGCTime     | minDeltaGCTime     
		 PS MarkSweep         | 1                  | 1                  | 1                  | 0.019s             | 0.019s             | 0.019s             
		 PS Scavenge          | 6                  | 6                  | 6                  | 0.031s             | 0.031s             | 0.031s             

2026-10-05 07:58:03.948 [job-0] INFO  JobContainer - PerfTrace not enable!
2026-10-05 07:58:03.948 [job-0] INFO  StandAloneJobContainerCommunicator - Total 75170 records, 9598615 bytes | Speed 937.36KB/s, 7517 records/s | Error 0 records, 0 bytes |  All Task WaitWriterTime 0.086s |  All Task WaitReaderTime 0.427s | Percentage 100.00%
2026-10-05 07:58:03.949 [job-0] INFO  JobContainer - 
任务启动时刻                    : 2026-10-05 07:57:52
任务结束时刻                    : 2026-10-05 07:58:03
任务总计耗时                    :                 10s
任务平均流量                    :          937.36KB/s
记录写入速度                    :           7517rec/s
读出记录总数                    :               75170
读写失败总数                    :                   0

======================datax开始抽取 order_info的分区2026-10-02==============================

DataX (DATAX-OPENSOURCE-3.0), From Alibaba !
Copyright (C) 2010-2017, Alibaba Group. All Rights Reserved.


2026-10-05 07:58:05.473 [main] INFO  MessageSource - JVM TimeZone: GMT+08:00, Locale: zh_CN
2026-10-05 07:58:05.474 [main] INFO  MessageSource - use Locale: zh_CN timeZone: sun.util.calendar.ZoneInfo[id="GMT+08:00",offset=28800000,dstSavings=0,useDaylight=false,transitions=0,lastRule=null]
2026-10-05 07:58:05.482 [main] INFO  VMInfo - VMInfo# operatingSystem class => sun.management.OperatingSystemImpl
2026-10-05 07:58:05.486 [main] INFO  Engine - the machine info  => 

	osInfo:	Oracle Corporation 1.8 25.212-b10
	jvmInfo:	Linux amd64 5.4.0-216-generic
	cpu num:	4

	totalPhysicalMemory:	-0.00G
	freePhysicalMemory:	-0.00G
	maxFileDescriptorCount:	-1
	currentOpenFileDescriptorCount:	-1

	GC Names	[PS MarkSweep, PS Scavenge]

	MEMORY_NAME                    | allocation_size                | init_size                      
	PS Eden Space                  | 256.00MB                       | 256.00MB                       
	Code Cache                     | 240.00MB                       | 2.44MB                         
	Compressed Class Space         | 1,024.00MB                     | 0.00MB                         
	PS Survivor Space              | 42.50MB                        | 42.50MB                        
	PS Old Gen                     | 683.00MB                       | 683.00MB                       
	Metaspace                      | -0.00MB                        | 0.00MB                         


2026-10-05 07:58:05.498 [main] INFO  Engine - 
{
	"content":[
		{
			"reader":{
				"name":"mysqlreader",
				"parameter":{
					"connection":[
						{
							"jdbcUrl":[
								"jdbc:mysql://192.168.110.131:3306/cloud_ecommerce?useUnicode=true&characterEncoding=utf-8"
							],
							"querySql":[
								"SELECT * FROM order_info WHERE date(create_time)='2026-10-02' "
							]
						}
					],
					"password":"*******",
					"username":"bigdata"
				}
			},
			"writer":{
				"name":"hdfswriter",
				"parameter":{
					"column":[
						{
							"name":"order_id",
							"type":"BIGINT"
						},
						{
							"name":"order_no",
							"type":"STRING"
						},
						{
							"name":"user_id",
							"type":"BIGINT"
						},
						{
							"name":"total_amount",
							"type":"STRING"
						},
						{
							"name":"pay_amount",
							"type":"STRING"
						},
						{
							"name":"freight_amount",
							"type":"STRING"
						},
						{
							"name":"discount_amount",
							"type":"STRING"
						},
						{
							"name":"coupon_id",
							"type":"BIGINT"
						},
						{
							"name":"order_status",
							"type":"TINYINT"
						},
						{
							"name":"payment_method",
							"type":"STRING"
						},
						{
							"name":"payment_time",
							"type":"STRING"
						},
						{
							"name":"delivery_time",
							"type":"STRING"
						},
						{
							"name":"receive_time",
							"type":"STRING"
						},
						{
							"name":"receiver_name",
							"type":"STRING"
						},
						{
							"name":"receiver_phone",
							"type":"STRING"
						},
						{
							"name":"receiver_address",
							"type":"STRING"
						},
						{
							"name":"order_remark",
							"type":"STRING"
						},
						{
							"name":"create_time",
							"type":"STRING"
						},
						{
							"name":"update_time",
							"type":"STRING"
						}
					],
					"defaultFS":"hdfs://192.168.42.101:8020",
					"fieldDelimiter":"\t",
					"fileName":"order_info",
					"fileType":"text",
					"path":"/hive3/warehouse/ods.db/ods_order_info/dt=2026-10-02",
					"writeMode":"truncate"
				}
			}
		}
	],
	"setting":{
		"speed":{
			"channel":1
		}
	}
}

2026-10-05 07:58:05.507 [main] WARN  Engine - prioriy set to 0, because NumberFormatException, the value is: null
2026-10-05 07:58:05.508 [main] INFO  PerfTrace - PerfTrace traceId=job_-1, isEnable=false, priority=0
2026-10-05 07:58:05.508 [main] INFO  JobContainer - DataX jobContainer starts job.
2026-10-05 07:58:05.509 [main] INFO  JobContainer - Set jobId = 0
2026-10-05 07:58:05.866 [job-0] INFO  OriginalConfPretreatmentUtil - Available jdbcUrl:jdbc:mysql://192.168.110.131:3306/cloud_ecommerce?useUnicode=true&characterEncoding=utf-8&yearIsDateType=false&zeroDateTimeBehavior=convertToNull&tinyInt1isBit=false&rewriteBatchedStatements=true.
2026-10-05 07:58:06.385 [job-0] INFO  JobContainer - jobContainer starts to do prepare ...
2026-10-05 07:58:06.385 [job-0] INFO  JobContainer - DataX Reader.Job [mysqlreader] do prepare work .
2026-10-05 07:58:06.385 [job-0] INFO  JobContainer - DataX Writer.Job [hdfswriter] do prepare work .
2026-10-05 07:58:06.432 [job-0] INFO  JobContainer - jobContainer starts to do split ...
2026-10-05 07:58:06.433 [job-0] INFO  JobContainer - Job set Channel-Number to 1 channels.
2026-10-05 07:58:06.434 [job-0] INFO  JobContainer - DataX Reader.Job [mysqlreader] splits to [1] tasks.
2026-10-05 07:58:06.434 [job-0] INFO  HdfsWriter$Job - begin do split...
2026-10-05 07:58:06.437 [job-0] INFO  HdfsWriter$Job - splited write file name:[hdfs://192.168.42.101:8020/hive3/warehouse/ods.db/ods_order_info/dt=2026-10-02__cbb23e63_83a6_42cc_95c5_f562b1b8a412/order_info__4bafd706_20ed_46df_84c7_ddadfc8ba0e5]
2026-10-05 07:58:06.437 [job-0] INFO  HdfsWriter$Job - end do split.
2026-10-05 07:58:06.437 [job-0] INFO  JobContainer - DataX Writer.Job [hdfswriter] splits to [1] tasks.
2026-10-05 07:58:06.446 [job-0] INFO  JobContainer - jobContainer starts to do schedule ...
2026-10-05 07:58:06.449 [job-0] INFO  JobContainer - Scheduler starts [1] taskGroups.
2026-10-05 07:58:06.450 [job-0] INFO  JobContainer - Running by standalone Mode.
2026-10-05 07:58:06.456 [taskGroup-0] INFO  TaskGroupContainer - taskGroupId=[0] start [1] channels for [1] tasks.
2026-10-05 07:58:06.459 [taskGroup-0] INFO  Channel - Channel set byte_speed_limit to -1, No bps activated.
2026-10-05 07:58:06.459 [taskGroup-0] INFO  Channel - Channel set record_speed_limit to -1, No tps activated.
2026-10-05 07:58:06.470 [taskGroup-0] INFO  TaskGroupContainer - taskGroup[0] taskId[0] attemptCount[1] is started
2026-10-05 07:58:06.472 [0-0-0-reader] INFO  CommonRdbmsReader$Task - Begin to read record by Sql: [SELECT * FROM order_info WHERE date(create_time)='2026-10-02' 
] jdbcUrl:[jdbc:mysql://192.168.110.131:3306/cloud_ecommerce?useUnicode=true&characterEncoding=utf-8&yearIsDateType=false&zeroDateTimeBehavior=convertToNull&tinyInt1isBit=false&rewriteBatchedStatements=true].
2026-10-05 07:58:06.482 [0-0-0-writer] INFO  HdfsWriter$Task - begin do write...
2026-10-05 07:58:06.482 [0-0-0-writer] INFO  HdfsWriter$Task - write to file : [hdfs://192.168.42.101:8020/hive3/warehouse/ods.db/ods_order_info/dt=2026-10-02__cbb23e63_83a6_42cc_95c5_f562b1b8a412/order_info__4bafd706_20ed_46df_84c7_ddadfc8ba0e5]
2026-10-05 07:58:07.764 [0-0-0-reader] INFO  CommonRdbmsReader$Task - Finished read record by Sql: [SELECT * FROM order_info WHERE date(create_time)='2026-10-02' 
] jdbcUrl:[jdbc:mysql://192.168.110.131:3306/cloud_ecommerce?useUnicode=true&characterEncoding=utf-8&yearIsDateType=false&zeroDateTimeBehavior=convertToNull&tinyInt1isBit=false&rewriteBatchedStatements=true].
2026-10-05 07:58:07.774 [0-0-0-writer] INFO  HdfsWriter$Task - end do write
2026-10-05 07:58:07.874 [taskGroup-0] INFO  TaskGroupContainer - taskGroup[0] taskId[0] is successed, used[1412]ms
2026-10-05 07:58:07.875 [taskGroup-0] INFO  TaskGroupContainer - taskGroup[0] completed it's tasks.
2026-10-05 07:58:16.462 [job-0] INFO  StandAloneJobContainerCommunicator - Total 75197 records, 9602812 bytes | Speed 937.77KB/s, 7519 records/s | Error 0 records, 0 bytes |  All Task WaitWriterTime 0.136s |  All Task WaitReaderTime 0.354s | Percentage 100.00%
2026-10-05 07:58:16.462 [job-0] INFO  AbstractScheduler - Scheduler accomplished all tasks.
2026-10-05 07:58:16.463 [job-0] INFO  JobContainer - DataX Writer.Job [hdfswriter] do post work.
2026-10-05 07:58:16.463 [job-0] INFO  HdfsWriter$Job - start rename file [hdfs://192.168.42.101:8020/hive3/warehouse/ods.db/ods_order_info/dt=2026-10-02__cbb23e63_83a6_42cc_95c5_f562b1b8a412/order_info__4bafd706_20ed_46df_84c7_ddadfc8ba0e5] to file [hdfs://192.168.42.101:8020/hive3/warehouse/ods.db/ods_order_info/dt=2026-10-02/order_info__4bafd706_20ed_46df_84c7_ddadfc8ba0e5].
2026-10-05 07:58:16.467 [job-0] INFO  HdfsWriter$Job - finish rename file [hdfs://192.168.42.101:8020/hive3/warehouse/ods.db/ods_order_info/dt=2026-10-02__cbb23e63_83a6_42cc_95c5_f562b1b8a412/order_info__4bafd706_20ed_46df_84c7_ddadfc8ba0e5] to file [hdfs://192.168.42.101:8020/hive3/warehouse/ods.db/ods_order_info/dt=2026-10-02/order_info__4bafd706_20ed_46df_84c7_ddadfc8ba0e5].
2026-10-05 07:58:16.467 [job-0] INFO  HdfsWriter$Job - start delete tmp dir [hdfs://192.168.42.101:8020/hive3/warehouse/ods.db/ods_order_info/dt=2026-10-02__cbb23e63_83a6_42cc_95c5_f562b1b8a412] .
2026-10-05 07:58:16.470 [job-0] INFO  HdfsWriter$Job - finish delete tmp dir [hdfs://192.168.42.101:8020/hive3/warehouse/ods.db/ods_order_info/dt=2026-10-02__cbb23e63_83a6_42cc_95c5_f562b1b8a412] .
2026-10-05 07:58:16.471 [job-0] INFO  JobContainer - DataX Reader.Job [mysqlreader] do post work.
2026-10-05 07:58:16.471 [job-0] INFO  JobContainer - DataX jobId [0] completed successfully.
2026-10-05 07:58:16.471 [job-0] INFO  HookInvoker - No hook invoked, because base dir not exists or is a file: /opt/datax/hook
2026-10-05 07:58:16.572 [job-0] INFO  JobContainer - 
	 [total cpu info] => 
		averageCpu                     | maxDeltaCpu                    | minDeltaCpu                    
		-1.00%                         | -1.00%                         | -1.00%
                        

	 [total gc info] => 
		 NAME                 | totalGCCount       | maxDeltaGCCount    | minDeltaGCCount    | totalGCTime        | maxDeltaGCTime     | minDeltaGCTime     
		 PS MarkSweep         | 1                  | 1                  | 1                  | 0.018s             | 0.018s             | 0.018s             
		 PS Scavenge          | 6                  | 6                  | 6                  | 0.025s             | 0.025s             | 0.025s             

2026-10-05 07:58:16.572 [job-0] INFO  JobContainer - PerfTrace not enable!
2026-10-05 07:58:16.573 [job-0] INFO  StandAloneJobContainerCommunicator - Total 75197 records, 9602812 bytes | Speed 937.77KB/s, 7519 records/s | Error 0 records, 0 bytes |  All Task WaitWriterTime 0.136s |  All Task WaitReaderTime 0.354s | Percentage 100.00%
2026-10-05 07:58:16.574 [job-0] INFO  JobContainer - 
任务启动时刻                    : 2026-10-05 07:58:05
任务结束时刻                    : 2026-10-05 07:58:16
任务总计耗时                    :                 11s
任务平均流量                    :          937.77KB/s
记录写入速度                    :           7519rec/s
读出记录总数                    :               75197
读写失败总数                    :                   0

======================datax开始抽取 order_info的分区2026-10-03==============================

DataX (DATAX-OPENSOURCE-3.0), From Alibaba !
Copyright (C) 2010-2017, Alibaba Group. All Rights Reserved.


2026-10-05 07:58:18.097 [main] INFO  MessageSource - JVM TimeZone: GMT+08:00, Locale: zh_CN
2026-10-05 07:58:18.098 [main] INFO  MessageSource - use Locale: zh_CN timeZone: sun.util.calendar.ZoneInfo[id="GMT+08:00",offset=28800000,dstSavings=0,useDaylight=false,transitions=0,lastRule=null]
2026-10-05 07:58:18.105 [main] INFO  VMInfo - VMInfo# operatingSystem class => sun.management.OperatingSystemImpl
2026-10-05 07:58:18.108 [main] INFO  Engine - the machine info  => 

	osInfo:	Oracle Corporation 1.8 25.212-b10
	jvmInfo:	Linux amd64 5.4.0-216-generic
	cpu num:	4

	totalPhysicalMemory:	-0.00G
	freePhysicalMemory:	-0.00G
	maxFileDescriptorCount:	-1
	currentOpenFileDescriptorCount:	-1

	GC Names	[PS MarkSweep, PS Scavenge]

	MEMORY_NAME                    | allocation_size                | init_size                      
	PS Eden Space                  | 256.00MB                       | 256.00MB                       
	Code Cache                     | 240.00MB                       | 2.44MB                         
	Compressed Class Space         | 1,024.00MB                     | 0.00MB                         
	PS Survivor Space              | 42.50MB                        | 42.50MB                        
	PS Old Gen                     | 683.00MB                       | 683.00MB                       
	Metaspace                      | -0.00MB                        | 0.00MB                         


2026-10-05 07:58:18.121 [main] INFO  Engine - 
{
	"content":[
		{
			"reader":{
				"name":"mysqlreader",
				"parameter":{
					"connection":[
						{
							"jdbcUrl":[
								"jdbc:mysql://192.168.110.131:3306/cloud_ecommerce?useUnicode=true&characterEncoding=utf-8"
							],
							"querySql":[
								"SELECT * FROM order_info WHERE date(create_time)='2026-10-03' "
							]
						}
					],
					"password":"*******",
					"username":"bigdata"
				}
			},
			"writer":{
				"name":"hdfswriter",
				"parameter":{
					"column":[
						{
							"name":"order_id",
							"type":"BIGINT"
						},
						{
							"name":"order_no",
							"type":"STRING"
						},
						{
							"name":"user_id",
							"type":"BIGINT"
						},
						{
							"name":"total_amount",
							"type":"STRING"
						},
						{
							"name":"pay_amount",
							"type":"STRING"
						},
						{
							"name":"freight_amount",
							"type":"STRING"
						},
						{
							"name":"discount_amount",
							"type":"STRING"
						},
						{
							"name":"coupon_id",
							"type":"BIGINT"
						},
						{
							"name":"order_status",
							"type":"TINYINT"
						},
						{
							"name":"payment_method",
							"type":"STRING"
						},
						{
							"name":"payment_time",
							"type":"STRING"
						},
						{
							"name":"delivery_time",
							"type":"STRING"
						},
						{
							"name":"receive_time",
							"type":"STRING"
						},
						{
							"name":"receiver_name",
							"type":"STRING"
						},
						{
							"name":"receiver_phone",
							"type":"STRING"
						},
						{
							"name":"receiver_address",
							"type":"STRING"
						},
						{
							"name":"order_remark",
							"type":"STRING"
						},
						{
							"name":"create_time",
							"type":"STRING"
						},
						{
							"name":"update_time",
							"type":"STRING"
						}
					],
					"defaultFS":"hdfs://192.168.42.101:8020",
					"fieldDelimiter":"\t",
					"fileName":"order_info",
					"fileType":"text",
					"path":"/hive3/warehouse/ods.db/ods_order_info/dt=2026-10-03",
					"writeMode":"truncate"
				}
			}
		}
	],
	"setting":{
		"speed":{
			"channel":1
		}
	}
}

2026-10-05 07:58:18.130 [main] WARN  Engine - prioriy set to 0, because NumberFormatException, the value is: null
2026-10-05 07:58:18.130 [main] INFO  PerfTrace - PerfTrace traceId=job_-1, isEnable=false, priority=0
2026-10-05 07:58:18.130 [main] INFO  JobContainer - DataX jobContainer starts job.
2026-10-05 07:58:18.131 [main] INFO  JobContainer - Set jobId = 0
2026-10-05 07:58:18.496 [job-0] INFO  OriginalConfPretreatmentUtil - Available jdbcUrl:jdbc:mysql://192.168.110.131:3306/cloud_ecommerce?useUnicode=true&characterEncoding=utf-8&yearIsDateType=false&zeroDateTimeBehavior=convertToNull&tinyInt1isBit=false&rewriteBatchedStatements=true.
2026-10-05 07:58:19.019 [job-0] INFO  JobContainer - jobContainer starts to do prepare ...
2026-10-05 07:58:19.019 [job-0] INFO  JobContainer - DataX Reader.Job [mysqlreader] do prepare work .
2026-10-05 07:58:19.019 [job-0] INFO  JobContainer - DataX Writer.Job [hdfswriter] do prepare work .
2026-10-05 07:58:19.070 [job-0] INFO  JobContainer - jobContainer starts to do split ...
2026-10-05 07:58:19.071 [job-0] INFO  JobContainer - Job set Channel-Number to 1 channels.
2026-10-05 07:58:19.072 [job-0] INFO  JobContainer - DataX Reader.Job [mysqlreader] splits to [1] tasks.
2026-10-05 07:58:19.073 [job-0] INFO  HdfsWriter$Job - begin do split...
2026-10-05 07:58:19.076 [job-0] INFO  HdfsWriter$Job - splited write file name:[hdfs://192.168.42.101:8020/hive3/warehouse/ods.db/ods_order_info/dt=2026-10-03__b800eafb_f0fd_4f3d_b3c5_08b9afa5936a/order_info__7aa26d4c_5404_4641_8fbf_a753a2630cf5]
2026-10-05 07:58:19.076 [job-0] INFO  HdfsWriter$Job - end do split.
2026-10-05 07:58:19.076 [job-0] INFO  JobContainer - DataX Writer.Job [hdfswriter] splits to [1] tasks.
2026-10-05 07:58:19.086 [job-0] INFO  JobContainer - jobContainer starts to do schedule ...
2026-10-05 07:58:19.088 [job-0] INFO  JobContainer - Scheduler starts [1] taskGroups.
2026-10-05 07:58:19.090 [job-0] INFO  JobContainer - Running by standalone Mode.
2026-10-05 07:58:19.102 [taskGroup-0] INFO  TaskGroupContainer - taskGroupId=[0] start [1] channels for [1] tasks.
2026-10-05 07:58:19.105 [taskGroup-0] INFO  Channel - Channel set byte_speed_limit to -1, No bps activated.
2026-10-05 07:58:19.105 [taskGroup-0] INFO  Channel - Channel set record_speed_limit to -1, No tps activated.
2026-10-05 07:58:19.112 [taskGroup-0] INFO  TaskGroupContainer - taskGroup[0] taskId[0] attemptCount[1] is started
2026-10-05 07:58:19.113 [0-0-0-reader] INFO  CommonRdbmsReader$Task - Begin to read record by Sql: [SELECT * FROM order_info WHERE date(create_time)='2026-10-03' 
] jdbcUrl:[jdbc:mysql://192.168.110.131:3306/cloud_ecommerce?useUnicode=true&characterEncoding=utf-8&yearIsDateType=false&zeroDateTimeBehavior=convertToNull&tinyInt1isBit=false&rewriteBatchedStatements=true].
2026-10-05 07:58:19.128 [0-0-0-writer] INFO  HdfsWriter$Task - begin do write...
2026-10-05 07:58:19.129 [0-0-0-writer] INFO  HdfsWriter$Task - write to file : [hdfs://192.168.42.101:8020/hive3/warehouse/ods.db/ods_order_info/dt=2026-10-03__b800eafb_f0fd_4f3d_b3c5_08b9afa5936a/order_info__7aa26d4c_5404_4641_8fbf_a753a2630cf5]
2026-10-05 07:58:20.438 [0-0-0-reader] INFO  CommonRdbmsReader$Task - Finished read record by Sql: [SELECT * FROM order_info WHERE date(create_time)='2026-10-03' 
] jdbcUrl:[jdbc:mysql://192.168.110.131:3306/cloud_ecommerce?useUnicode=true&characterEncoding=utf-8&yearIsDateType=false&zeroDateTimeBehavior=convertToNull&tinyInt1isBit=false&rewriteBatchedStatements=true].
2026-10-05 07:58:20.445 [0-0-0-writer] INFO  HdfsWriter$Task - end do write
2026-10-05 07:58:20.514 [taskGroup-0] INFO  TaskGroupContainer - taskGroup[0] taskId[0] is successed, used[1404]ms
2026-10-05 07:58:20.514 [taskGroup-0] INFO  TaskGroupContainer - taskGroup[0] completed it's tasks.
2026-10-05 07:58:29.100 [job-0] INFO  StandAloneJobContainerCommunicator - Total 74786 records, 9547276 bytes | Speed 932.35KB/s, 7478 records/s | Error 0 records, 0 bytes |  All Task WaitWriterTime 0.120s |  All Task WaitReaderTime 0.445s | Percentage 100.00%
2026-10-05 07:58:29.101 [job-0] INFO  AbstractScheduler - Scheduler accomplished all tasks.
2026-10-05 07:58:29.101 [job-0] INFO  JobContainer - DataX Writer.Job [hdfswriter] do post work.
2026-10-05 07:58:29.101 [job-0] INFO  HdfsWriter$Job - start rename file [hdfs://192.168.42.101:8020/hive3/warehouse/ods.db/ods_order_info/dt=2026-10-03__b800eafb_f0fd_4f3d_b3c5_08b9afa5936a/order_info__7aa26d4c_5404_4641_8fbf_a753a2630cf5] to file [hdfs://192.168.42.101:8020/hive3/warehouse/ods.db/ods_order_info/dt=2026-10-03/order_info__7aa26d4c_5404_4641_8fbf_a753a2630cf5].
2026-10-05 07:58:29.106 [job-0] INFO  HdfsWriter$Job - finish rename file [hdfs://192.168.42.101:8020/hive3/warehouse/ods.db/ods_order_info/dt=2026-10-03__b800eafb_f0fd_4f3d_b3c5_08b9afa5936a/order_info__7aa26d4c_5404_4641_8fbf_a753a2630cf5] to file [hdfs://192.168.42.101:8020/hive3/warehouse/ods.db/ods_order_info/dt=2026-10-03/order_info__7aa26d4c_5404_4641_8fbf_a753a2630cf5].
2026-10-05 07:58:29.106 [job-0] INFO  HdfsWriter$Job - start delete tmp dir [hdfs://192.168.42.101:8020/hive3/warehouse/ods.db/ods_order_info/dt=2026-10-03__b800eafb_f0fd_4f3d_b3c5_08b9afa5936a] .
2026-10-05 07:58:29.109 [job-0] INFO  HdfsWriter$Job - finish delete tmp dir [hdfs://192.168.42.101:8020/hive3/warehouse/ods.db/ods_order_info/dt=2026-10-03__b800eafb_f0fd_4f3d_b3c5_08b9afa5936a] .
2026-10-05 07:58:29.109 [job-0] INFO  JobContainer - DataX Reader.Job [mysqlreader] do post work.
2026-10-05 07:58:29.109 [job-0] INFO  JobContainer - DataX jobId [0] completed successfully.
2026-10-05 07:58:29.109 [job-0] INFO  HookInvoker - No hook invoked, because base dir not exists or is a file: /opt/datax/hook
2026-10-05 07:58:29.210 [job-0] INFO  JobContainer - 
	 [total cpu info] => 
		averageCpu                     | maxDeltaCpu                    | minDeltaCpu                    
		-1.00%                         | -1.00%                         | -1.00%
                        

	 [total gc info] => 
		 NAME                 | totalGCCount       | maxDeltaGCCount    | minDeltaGCCount    | totalGCTime        | maxDeltaGCTime     | minDeltaGCTime     
		 PS MarkSweep         | 1                  | 1                  | 1                  | 0.018s             | 0.018s             | 0.018s             
		 PS Scavenge          | 6                  | 6                  | 6                  | 0.028s             | 0.028s             | 0.028s             

2026-10-05 07:58:29.211 [job-0] INFO  JobContainer - PerfTrace not enable!
2026-10-05 07:58:29.211 [job-0] INFO  StandAloneJobContainerCommunicator - Total 74786 records, 9547276 bytes | Speed 932.35KB/s, 7478 records/s | Error 0 records, 0 bytes |  All Task WaitWriterTime 0.120s |  All Task WaitReaderTime 0.445s | Percentage 100.00%
2026-10-05 07:58:29.212 [job-0] INFO  JobContainer - 
任务启动时刻                    : 2026-10-05 07:58:18
任务结束时刻                    : 2026-10-05 07:58:29
任务总计耗时                    :                 11s
任务平均流量                    :          932.35KB/s
记录写入速度                    :           7478rec/s
读出记录总数                    :               74786
读写失败总数                    :                   0

======================datax开始抽取 order_info的分区2026-10-04==============================

DataX (DATAX-OPENSOURCE-3.0), From Alibaba !
Copyright (C) 2010-2017, Alibaba Group. All Rights Reserved.


2026-10-05 07:58:30.824 [main] INFO  MessageSource - JVM TimeZone: GMT+08:00, Locale: zh_CN
2026-10-05 07:58:30.825 [main] INFO  MessageSource - use Locale: zh_CN timeZone: sun.util.calendar.ZoneInfo[id="GMT+08:00",offset=28800000,dstSavings=0,useDaylight=false,transitions=0,lastRule=null]
2026-10-05 07:58:30.833 [main] INFO  VMInfo - VMInfo# operatingSystem class => sun.management.OperatingSystemImpl
2026-10-05 07:58:30.836 [main] INFO  Engine - the machine info  => 

	osInfo:	Oracle Corporation 1.8 25.212-b10
	jvmInfo:	Linux amd64 5.4.0-216-generic
	cpu num:	4

	totalPhysicalMemory:	-0.00G
	freePhysicalMemory:	-0.00G
	maxFileDescriptorCount:	-1
	currentOpenFileDescriptorCount:	-1

	GC Names	[PS MarkSweep, PS Scavenge]

	MEMORY_NAME                    | allocation_size                | init_size                      
	PS Eden Space                  | 256.00MB                       | 256.00MB                       
	Code Cache                     | 240.00MB                       | 2.44MB                         
	Compressed Class Space         | 1,024.00MB                     | 0.00MB                         
	PS Survivor Space              | 42.50MB                        | 42.50MB                        
	PS Old Gen                     | 683.00MB                       | 683.00MB                       
	Metaspace                      | -0.00MB                        | 0.00MB                         


2026-10-05 07:58:30.848 [main] INFO  Engine - 
{
	"content":[
		{
			"reader":{
				"name":"mysqlreader",
				"parameter":{
					"connection":[
						{
							"jdbcUrl":[
								"jdbc:mysql://192.168.110.131:3306/cloud_ecommerce?useUnicode=true&characterEncoding=utf-8"
							],
							"querySql":[
								"SELECT * FROM order_info WHERE date(create_time)='2026-10-04' "
							]
						}
					],
					"password":"*******",
					"username":"bigdata"
				}
			},
			"writer":{
				"name":"hdfswriter",
				"parameter":{
					"column":[
						{
							"name":"order_id",
							"type":"BIGINT"
						},
						{
							"name":"order_no",
							"type":"STRING"
						},
						{
							"name":"user_id",
							"type":"BIGINT"
						},
						{
							"name":"total_amount",
							"type":"STRING"
						},
						{
							"name":"pay_amount",
							"type":"STRING"
						},
						{
							"name":"freight_amount",
							"type":"STRING"
						},
						{
							"name":"discount_amount",
							"type":"STRING"
						},
						{
							"name":"coupon_id",
							"type":"BIGINT"
						},
						{
							"name":"order_status",
							"type":"TINYINT"
						},
						{
							"name":"payment_method",
							"type":"STRING"
						},
						{
							"name":"payment_time",
							"type":"STRING"
						},
						{
							"name":"delivery_time",
							"type":"STRING"
						},
						{
							"name":"receive_time",
							"type":"STRING"
						},
						{
							"name":"receiver_name",
							"type":"STRING"
						},
						{
							"name":"receiver_phone",
							"type":"STRING"
						},
						{
							"name":"receiver_address",
							"type":"STRING"
						},
						{
							"name":"order_remark",
							"type":"STRING"
						},
						{
							"name":"create_time",
							"type":"STRING"
						},
						{
							"name":"update_time",
							"type":"STRING"
						}
					],
					"defaultFS":"hdfs://192.168.42.101:8020",
					"fieldDelimiter":"\t",
					"fileName":"order_info",
					"fileType":"text",
					"path":"/hive3/warehouse/ods.db/ods_order_info/dt=2026-10-04",
					"writeMode":"truncate"
				}
			}
		}
	],
	"setting":{
		"speed":{
			"channel":1
		}
	}
}

2026-10-05 07:58:30.858 [main] WARN  Engine - prioriy set to 0, because NumberFormatException, the value is: null
2026-10-05 07:58:30.859 [main] INFO  PerfTrace - PerfTrace traceId=job_-1, isEnable=false, priority=0
2026-10-05 07:58:30.859 [main] INFO  JobContainer - DataX jobContainer starts job.
2026-10-05 07:58:30.860 [main] INFO  JobContainer - Set jobId = 0
2026-10-05 07:58:31.239 [job-0] INFO  OriginalConfPretreatmentUtil - Available jdbcUrl:jdbc:mysql://192.168.110.131:3306/cloud_ecommerce?useUnicode=true&characterEncoding=utf-8&yearIsDateType=false&zeroDateTimeBehavior=convertToNull&tinyInt1isBit=false&rewriteBatchedStatements=true.
2026-10-05 07:58:31.795 [job-0] INFO  JobContainer - jobContainer starts to do prepare ...
2026-10-05 07:58:31.795 [job-0] INFO  JobContainer - DataX Reader.Job [mysqlreader] do prepare work .
2026-10-05 07:58:31.795 [job-0] INFO  JobContainer - DataX Writer.Job [hdfswriter] do prepare work .
2026-10-05 07:58:31.847 [job-0] INFO  JobContainer - jobContainer starts to do split ...
2026-10-05 07:58:31.847 [job-0] INFO  JobContainer - Job set Channel-Number to 1 channels.
2026-10-05 07:58:31.848 [job-0] INFO  JobContainer - DataX Reader.Job [mysqlreader] splits to [1] tasks.
2026-10-05 07:58:31.849 [job-0] INFO  HdfsWriter$Job - begin do split...
2026-10-05 07:58:31.855 [job-0] INFO  HdfsWriter$Job - splited write file name:[hdfs://192.168.42.101:8020/hive3/warehouse/ods.db/ods_order_info/dt=2026-10-04__dbe2d2c8_96af_47a0_a94e_05a116a0097a/order_info__5591066d_f67f_4c74_a3a1_ad3bc90b5511]
2026-10-05 07:58:31.855 [job-0] INFO  HdfsWriter$Job - end do split.
2026-10-05 07:58:31.856 [job-0] INFO  JobContainer - DataX Writer.Job [hdfswriter] splits to [1] tasks.
2026-10-05 07:58:31.870 [job-0] INFO  JobContainer - jobContainer starts to do schedule ...
2026-10-05 07:58:31.873 [job-0] INFO  JobContainer - Scheduler starts [1] taskGroups.
2026-10-05 07:58:31.874 [job-0] INFO  JobContainer - Running by standalone Mode.
2026-10-05 07:58:31.885 [taskGroup-0] INFO  TaskGroupContainer - taskGroupId=[0] start [1] channels for [1] tasks.
2026-10-05 07:58:31.895 [taskGroup-0] INFO  Channel - Channel set byte_speed_limit to -1, No bps activated.
2026-10-05 07:58:31.896 [taskGroup-0] INFO  Channel - Channel set record_speed_limit to -1, No tps activated.
2026-10-05 07:58:31.906 [taskGroup-0] INFO  TaskGroupContainer - taskGroup[0] taskId[0] attemptCount[1] is started
2026-10-05 07:58:31.908 [0-0-0-reader] INFO  CommonRdbmsReader$Task - Begin to read record by Sql: [SELECT * FROM order_info WHERE date(create_time)='2026-10-04' 
] jdbcUrl:[jdbc:mysql://192.168.110.131:3306/cloud_ecommerce?useUnicode=true&characterEncoding=utf-8&yearIsDateType=false&zeroDateTimeBehavior=convertToNull&tinyInt1isBit=false&rewriteBatchedStatements=true].
2026-10-05 07:58:31.933 [0-0-0-writer] INFO  HdfsWriter$Task - begin do write...
2026-10-05 07:58:31.933 [0-0-0-writer] INFO  HdfsWriter$Task - write to file : [hdfs://192.168.42.101:8020/hive3/warehouse/ods.db/ods_order_info/dt=2026-10-04__dbe2d2c8_96af_47a0_a94e_05a116a0097a/order_info__5591066d_f67f_4c74_a3a1_ad3bc90b5511]
2026-10-05 07:58:32.850 [0-0-0-reader] INFO  CommonRdbmsReader$Task - Finished read record by Sql: [SELECT * FROM order_info WHERE date(create_time)='2026-10-04' 
] jdbcUrl:[jdbc:mysql://192.168.110.131:3306/cloud_ecommerce?useUnicode=true&characterEncoding=utf-8&yearIsDateType=false&zeroDateTimeBehavior=convertToNull&tinyInt1isBit=false&rewriteBatchedStatements=true].
2026-10-05 07:58:33.057 [0-0-0-writer] INFO  HdfsWriter$Task - end do write
2026-10-05 07:58:33.108 [taskGroup-0] INFO  TaskGroupContainer - taskGroup[0] taskId[0] is successed, used[1207]ms
2026-10-05 07:58:33.109 [taskGroup-0] INFO  TaskGroupContainer - taskGroup[0] completed it's tasks.
2026-10-05 07:58:41.890 [job-0] INFO  StandAloneJobContainerCommunicator - Total 0 records, 0 bytes | Speed 0B/s, 0 records/s | Error 0 records, 0 bytes |  All Task WaitWriterTime 0.000s |  All Task WaitReaderTime 0.000s | Percentage 100.00%
2026-10-05 07:58:41.890 [job-0] INFO  AbstractScheduler - Scheduler accomplished all tasks.
2026-10-05 07:58:41.890 [job-0] INFO  JobContainer - DataX Writer.Job [hdfswriter] do post work.
2026-10-05 07:58:41.891 [job-0] INFO  HdfsWriter$Job - start rename file [hdfs://192.168.42.101:8020/hive3/warehouse/ods.db/ods_order_info/dt=2026-10-04__dbe2d2c8_96af_47a0_a94e_05a116a0097a/order_info__5591066d_f67f_4c74_a3a1_ad3bc90b5511] to file [hdfs://192.168.42.101:8020/hive3/warehouse/ods.db/ods_order_info/dt=2026-10-04/order_info__5591066d_f67f_4c74_a3a1_ad3bc90b5511].
2026-10-05 07:58:41.892 [job-0] INFO  HdfsWriter$Job - 文件［hdfs://192.168.42.101:8020/hive3/warehouse/ods.db/ods_order_info/dt=2026-10-04__dbe2d2c8_96af_47a0_a94e_05a116a0097a/order_info__5591066d_f67f_4c74_a3a1_ad3bc90b5511］内容为空,请检查写入是否正常！
2026-10-05 07:58:41.892 [job-0] INFO  HdfsWriter$Job - start delete tmp dir [hdfs://192.168.42.101:8020/hive3/warehouse/ods.db/ods_order_info/dt=2026-10-04__dbe2d2c8_96af_47a0_a94e_05a116a0097a] .
2026-10-05 07:58:41.898 [job-0] INFO  HdfsWriter$Job - finish delete tmp dir [hdfs://192.168.42.101:8020/hive3/warehouse/ods.db/ods_order_info/dt=2026-10-04__dbe2d2c8_96af_47a0_a94e_05a116a0097a] .
2026-10-05 07:58:41.898 [job-0] INFO  JobContainer - DataX Reader.Job [mysqlreader] do post work.
2026-10-05 07:58:41.898 [job-0] INFO  JobContainer - DataX jobId [0] completed successfully.
2026-10-05 07:58:41.899 [job-0] INFO  HookInvoker - No hook invoked, because base dir not exists or is a file: /opt/datax/hook
2026-10-05 07:58:42.000 [job-0] INFO  JobContainer - 
	 [total cpu info] => 
		averageCpu                     | maxDeltaCpu                    | minDeltaCpu                    
		-1.00%                         | -1.00%                         | -1.00%
                        

	 [total gc info] => 
		 NAME                 | totalGCCount       | maxDeltaGCCount    | minDeltaGCCount    | totalGCTime        | maxDeltaGCTime     | minDeltaGCTime     
		 PS MarkSweep         | 1                  | 1                  | 1                  | 0.021s             | 0.021s             | 0.021s             
		 PS Scavenge          | 1                  | 1                  | 1                  | 0.009s             | 0.009s             | 0.009s             

2026-10-05 07:58:42.000 [job-0] INFO  JobContainer - PerfTrace not enable!
2026-10-05 07:58:42.001 [job-0] INFO  StandAloneJobContainerCommunicator - Total 0 records, 0 bytes | Speed 0B/s, 0 records/s | Error 0 records, 0 bytes |  All Task WaitWriterTime 0.000s |  All Task WaitReaderTime 0.000s | Percentage 100.00%
2026-10-05 07:58:42.001 [job-0] INFO  JobContainer - 
任务启动时刻                    : 2026-10-05 07:58:30
任务结束时刻                    : 2026-10-05 07:58:41
任务总计耗时                    :                 11s
任务平均流量                    :                0B/s
记录写入速度                    :              0rec/s
读出记录总数                    :                   0
读写失败总数                    :                   0

======================修复 order_info 分区======================
Partitions not in metastore:	ods_order_info:dt=2026-09-26	ods_order_info:dt=2026-09-27	ods_order_info:dt=2026-09-28	ods_order_info:dt=2026-09-29	ods_order_info:dt=2026-09-30	ods_order_info:dt=2026-10-01	ods_order_info:dt=2026-10-02	ods_order_info:dt=2026-10-03	ods_order_info:dt=2026-10-04
Repair: Added partition to metastore ods_order_info:dt=2026-10-02
Repair: Added partition to metastore ods_order_info:dt=2026-09-28
Repair: Added partition to metastore ods_order_info:dt=2026-10-03
Repair: Added partition to metastore ods_order_info:dt=2026-10-04
Repair: Added partition to metastore ods_order_info:dt=2026-10-01
Repair: Added partition to metastore ods_order_info:dt=2026-09-29
Repair: Added partition to metastore ods_order_info:dt=2026-09-26
Repair: Added partition to metastore ods_order_info:dt=2026-09-27
Repair: Added partition to metastore ods_order_info:dt=2026-09-30
======================首次抽取 order_detail==================================
=============业务数据库最小日期：2026-09-26================== 
======================datax开始抽取 order_detail的分区2026-09-26==============================

DataX (DATAX-OPENSOURCE-3.0), From Alibaba !
Copyright (C) 2010-2017, Alibaba Group. All Rights Reserved.


2026-10-05 07:58:57.950 [main] INFO  MessageSource - JVM TimeZone: GMT+08:00, Locale: zh_CN
2026-10-05 07:58:57.951 [main] INFO  MessageSource - use Locale: zh_CN timeZone: sun.util.calendar.ZoneInfo[id="GMT+08:00",offset=28800000,dstSavings=0,useDaylight=false,transitions=0,lastRule=null]
2026-10-05 07:58:57.958 [main] INFO  VMInfo - VMInfo# operatingSystem class => sun.management.OperatingSystemImpl
2026-10-05 07:58:57.961 [main] INFO  Engine - the machine info  => 

	osInfo:	Oracle Corporation 1.8 25.212-b10
	jvmInfo:	Linux amd64 5.4.0-216-generic
	cpu num:	4

	totalPhysicalMemory:	-0.00G
	freePhysicalMemory:	-0.00G
	maxFileDescriptorCount:	-1
	currentOpenFileDescriptorCount:	-1

	GC Names	[PS MarkSweep, PS Scavenge]

	MEMORY_NAME                    | allocation_size                | init_size                      
	PS Eden Space                  | 256.00MB                       | 256.00MB                       
	Code Cache                     | 240.00MB                       | 2.44MB                         
	Compressed Class Space         | 1,024.00MB                     | 0.00MB                         
	PS Survivor Space              | 42.50MB                        | 42.50MB                        
	PS Old Gen                     | 683.00MB                       | 683.00MB                       
	Metaspace                      | -0.00MB                        | 0.00MB                         


2026-10-05 07:58:57.971 [main] INFO  Engine - 
{
	"content":[
		{
			"reader":{
				"name":"mysqlreader",
				"parameter":{
					"connection":[
						{
							"jdbcUrl":[
								"jdbc:mysql://192.168.110.131:3306/cloud_ecommerce?useUnicode=true&characterEncoding=utf-8"
							],
							"querySql":[
								"SELECT * FROM order_detail WHERE date(create_time)='2026-09-26' "
							]
						}
					],
					"password":"*******",
					"username":"bigdata"
				}
			},
			"writer":{
				"name":"hdfswriter",
				"parameter":{
					"column":[
						{
							"name":"detail_id",
							"type":"BIGINT"
						},
						{
							"name":"order_id",
							"type":"BIGINT"
						},
						{
							"name":"product_id",
							"type":"BIGINT"
						},
						{
							"name":"product_price",
							"type":"STRING"
						},
						{
							"name":"product_quantity",
							"type":"INT"
						},
						{
							"name":"total_amount",
							"type":"STRING"
						},
						{
							"name":"create_time",
							"type":"STRING"
						}
					],
					"defaultFS":"hdfs://192.168.42.101:8020",
					"fieldDelimiter":"\t",
					"fileName":"order_detail",
					"fileType":"text",
					"path":"/hive3/warehouse/ods.db/ods_order_detail/dt=2026-09-26",
					"writeMode":"truncate"
				}
			}
		}
	],
	"setting":{
		"speed":{
			"channel":1
		}
	}
}

2026-10-05 07:58:57.981 [main] WARN  Engine - prioriy set to 0, because NumberFormatException, the value is: null
2026-10-05 07:58:57.982 [main] INFO  PerfTrace - PerfTrace traceId=job_-1, isEnable=false, priority=0
2026-10-05 07:58:57.982 [main] INFO  JobContainer - DataX jobContainer starts job.
2026-10-05 07:58:57.983 [main] INFO  JobContainer - Set jobId = 0
2026-10-05 07:58:58.329 [job-0] INFO  OriginalConfPretreatmentUtil - Available jdbcUrl:jdbc:mysql://192.168.110.131:3306/cloud_ecommerce?useUnicode=true&characterEncoding=utf-8&yearIsDateType=false&zeroDateTimeBehavior=convertToNull&tinyInt1isBit=false&rewriteBatchedStatements=true.
2026-10-05 07:58:58.896 [job-0] INFO  JobContainer - jobContainer starts to do prepare ...
2026-10-05 07:58:58.897 [job-0] INFO  JobContainer - DataX Reader.Job [mysqlreader] do prepare work .
2026-10-05 07:58:58.897 [job-0] INFO  JobContainer - DataX Writer.Job [hdfswriter] do prepare work .
2026-10-05 07:58:58.946 [job-0] INFO  JobContainer - jobContainer starts to do split ...
2026-10-05 07:58:58.946 [job-0] INFO  JobContainer - Job set Channel-Number to 1 channels.
2026-10-05 07:58:58.948 [job-0] INFO  JobContainer - DataX Reader.Job [mysqlreader] splits to [1] tasks.
2026-10-05 07:58:58.948 [job-0] INFO  HdfsWriter$Job - begin do split...
2026-10-05 07:58:58.950 [job-0] INFO  HdfsWriter$Job - splited write file name:[hdfs://192.168.42.101:8020/hive3/warehouse/ods.db/ods_order_detail/dt=2026-09-26__5699c293_36ed_48eb_868f_e69dc11bd44a/order_detail__b558c807_3f60_4e87_a234_0d3c427cc724]
2026-10-05 07:58:58.950 [job-0] INFO  HdfsWriter$Job - end do split.
2026-10-05 07:58:58.950 [job-0] INFO  JobContainer - DataX Writer.Job [hdfswriter] splits to [1] tasks.
2026-10-05 07:58:58.960 [job-0] INFO  JobContainer - jobContainer starts to do schedule ...
2026-10-05 07:58:58.962 [job-0] INFO  JobContainer - Scheduler starts [1] taskGroups.
2026-10-05 07:58:58.963 [job-0] INFO  JobContainer - Running by standalone Mode.
2026-10-05 07:58:58.968 [taskGroup-0] INFO  TaskGroupContainer - taskGroupId=[0] start [1] channels for [1] tasks.
2026-10-05 07:58:58.971 [taskGroup-0] INFO  Channel - Channel set byte_speed_limit to -1, No bps activated.
2026-10-05 07:58:58.971 [taskGroup-0] INFO  Channel - Channel set record_speed_limit to -1, No tps activated.
2026-10-05 07:58:58.978 [taskGroup-0] INFO  TaskGroupContainer - taskGroup[0] taskId[0] attemptCount[1] is started
2026-10-05 07:58:58.980 [0-0-0-reader] INFO  CommonRdbmsReader$Task - Begin to read record by Sql: [SELECT * FROM order_detail WHERE date(create_time)='2026-09-26' 
] jdbcUrl:[jdbc:mysql://192.168.110.131:3306/cloud_ecommerce?useUnicode=true&characterEncoding=utf-8&yearIsDateType=false&zeroDateTimeBehavior=convertToNull&tinyInt1isBit=false&rewriteBatchedStatements=true].
2026-10-05 07:58:58.992 [0-0-0-writer] INFO  HdfsWriter$Task - begin do write...
2026-10-05 07:58:58.992 [0-0-0-writer] INFO  HdfsWriter$Task - write to file : [hdfs://192.168.42.101:8020/hive3/warehouse/ods.db/ods_order_detail/dt=2026-09-26__5699c293_36ed_48eb_868f_e69dc11bd44a/order_detail__b558c807_3f60_4e87_a234_0d3c427cc724]
2026-10-05 07:59:00.587 [0-0-0-reader] INFO  CommonRdbmsReader$Task - Finished read record by Sql: [SELECT * FROM order_detail WHERE date(create_time)='2026-09-26' 
] jdbcUrl:[jdbc:mysql://192.168.110.131:3306/cloud_ecommerce?useUnicode=true&characterEncoding=utf-8&yearIsDateType=false&zeroDateTimeBehavior=convertToNull&tinyInt1isBit=false&rewriteBatchedStatements=true].
2026-10-05 07:59:00.596 [0-0-0-writer] INFO  HdfsWriter$Task - end do write
2026-10-05 07:59:00.681 [taskGroup-0] INFO  TaskGroupContainer - taskGroup[0] taskId[0] is successed, used[1704]ms
2026-10-05 07:59:00.682 [taskGroup-0] INFO  TaskGroupContainer - taskGroup[0] completed it's tasks.
2026-10-05 07:59:08.974 [job-0] INFO  StandAloneJobContainerCommunicator - Total 225757 records, 8490613 bytes | Speed 829.16KB/s, 22575 records/s | Error 0 records, 0 bytes |  All Task WaitWriterTime 0.164s |  All Task WaitReaderTime 0.769s | Percentage 100.00%
2026-10-05 07:59:08.975 [job-0] INFO  AbstractScheduler - Scheduler accomplished all tasks.
2026-10-05 07:59:08.975 [job-0] INFO  JobContainer - DataX Writer.Job [hdfswriter] do post work.
2026-10-05 07:59:08.975 [job-0] INFO  HdfsWriter$Job - start rename file [hdfs://192.168.42.101:8020/hive3/warehouse/ods.db/ods_order_detail/dt=2026-09-26__5699c293_36ed_48eb_868f_e69dc11bd44a/order_detail__b558c807_3f60_4e87_a234_0d3c427cc724] to file [hdfs://192.168.42.101:8020/hive3/warehouse/ods.db/ods_order_detail/dt=2026-09-26/order_detail__b558c807_3f60_4e87_a234_0d3c427cc724].
2026-10-05 07:59:08.979 [job-0] INFO  HdfsWriter$Job - finish rename file [hdfs://192.168.42.101:8020/hive3/warehouse/ods.db/ods_order_detail/dt=2026-09-26__5699c293_36ed_48eb_868f_e69dc11bd44a/order_detail__b558c807_3f60_4e87_a234_0d3c427cc724] to file [hdfs://192.168.42.101:8020/hive3/warehouse/ods.db/ods_order_detail/dt=2026-09-26/order_detail__b558c807_3f60_4e87_a234_0d3c427cc724].
2026-10-05 07:59:08.979 [job-0] INFO  HdfsWriter$Job - start delete tmp dir [hdfs://192.168.42.101:8020/hive3/warehouse/ods.db/ods_order_detail/dt=2026-09-26__5699c293_36ed_48eb_868f_e69dc11bd44a] .
2026-10-05 07:59:08.983 [job-0] INFO  HdfsWriter$Job - finish delete tmp dir [hdfs://192.168.42.101:8020/hive3/warehouse/ods.db/ods_order_detail/dt=2026-09-26__5699c293_36ed_48eb_868f_e69dc11bd44a] .
2026-10-05 07:59:08.983 [job-0] INFO  JobContainer - DataX Reader.Job [mysqlreader] do post work.
2026-10-05 07:59:08.983 [job-0] INFO  JobContainer - DataX jobId [0] completed successfully.
2026-10-05 07:59:08.983 [job-0] INFO  HookInvoker - No hook invoked, because base dir not exists or is a file: /opt/datax/hook
2026-10-05 07:59:09.085 [job-0] INFO  JobContainer - 
	 [total cpu info] => 
		averageCpu                     | maxDeltaCpu                    | minDeltaCpu                    
		-1.00%                         | -1.00%                         | -1.00%
                        

	 [total gc info] => 
		 NAME                 | totalGCCount       | maxDeltaGCCount    | minDeltaGCCount    | totalGCTime        | maxDeltaGCTime     | minDeltaGCTime     
		 PS MarkSweep         | 1                  | 1                  | 1                  | 0.019s             | 0.019s             | 0.019s             
		 PS Scavenge          | 7                  | 7                  | 7                  | 0.031s             | 0.031s             | 0.031s             

2026-10-05 07:59:09.085 [job-0] INFO  JobContainer - PerfTrace not enable!
2026-10-05 07:59:09.085 [job-0] INFO  StandAloneJobContainerCommunicator - Total 225757 records, 8490613 bytes | Speed 829.16KB/s, 22575 records/s | Error 0 records, 0 bytes |  All Task WaitWriterTime 0.164s |  All Task WaitReaderTime 0.769s | Percentage 100.00%
2026-10-05 07:59:09.086 [job-0] INFO  JobContainer - 
任务启动时刻                    : 2026-10-05 07:58:57
任务结束时刻                    : 2026-10-05 07:59:09
任务总计耗时                    :                 11s
任务平均流量                    :          829.16KB/s
记录写入速度                    :          22575rec/s
读出记录总数                    :              225757
读写失败总数                    :                   0

======================datax开始抽取 order_detail的分区2026-09-27==============================

DataX (DATAX-OPENSOURCE-3.0), From Alibaba !
Copyright (C) 2010-2017, Alibaba Group. All Rights Reserved.


2026-10-05 07:59:10.685 [main] INFO  MessageSource - JVM TimeZone: GMT+08:00, Locale: zh_CN
2026-10-05 07:59:10.687 [main] INFO  MessageSource - use Locale: zh_CN timeZone: sun.util.calendar.ZoneInfo[id="GMT+08:00",offset=28800000,dstSavings=0,useDaylight=false,transitions=0,lastRule=null]
2026-10-05 07:59:10.694 [main] INFO  VMInfo - VMInfo# operatingSystem class => sun.management.OperatingSystemImpl
2026-10-05 07:59:10.696 [main] INFO  Engine - the machine info  => 

	osInfo:	Oracle Corporation 1.8 25.212-b10
	jvmInfo:	Linux amd64 5.4.0-216-generic
	cpu num:	4

	totalPhysicalMemory:	-0.00G
	freePhysicalMemory:	-0.00G
	maxFileDescriptorCount:	-1
	currentOpenFileDescriptorCount:	-1

	GC Names	[PS MarkSweep, PS Scavenge]

	MEMORY_NAME                    | allocation_size                | init_size                      
	PS Eden Space                  | 256.00MB                       | 256.00MB                       
	Code Cache                     | 240.00MB                       | 2.44MB                         
	Compressed Class Space         | 1,024.00MB                     | 0.00MB                         
	PS Survivor Space              | 42.50MB                        | 42.50MB                        
	PS Old Gen                     | 683.00MB                       | 683.00MB                       
	Metaspace                      | -0.00MB                        | 0.00MB                         


2026-10-05 07:59:10.706 [main] INFO  Engine - 
{
	"content":[
		{
			"reader":{
				"name":"mysqlreader",
				"parameter":{
					"connection":[
						{
							"jdbcUrl":[
								"jdbc:mysql://192.168.110.131:3306/cloud_ecommerce?useUnicode=true&characterEncoding=utf-8"
							],
							"querySql":[
								"SELECT * FROM order_detail WHERE date(create_time)='2026-09-27' "
							]
						}
					],
					"password":"*******",
					"username":"bigdata"
				}
			},
			"writer":{
				"name":"hdfswriter",
				"parameter":{
					"column":[
						{
							"name":"detail_id",
							"type":"BIGINT"
						},
						{
							"name":"order_id",
							"type":"BIGINT"
						},
						{
							"name":"product_id",
							"type":"BIGINT"
						},
						{
							"name":"product_price",
							"type":"STRING"
						},
						{
							"name":"product_quantity",
							"type":"INT"
						},
						{
							"name":"total_amount",
							"type":"STRING"
						},
						{
							"name":"create_time",
							"type":"STRING"
						}
					],
					"defaultFS":"hdfs://192.168.42.101:8020",
					"fieldDelimiter":"\t",
					"fileName":"order_detail",
					"fileType":"text",
					"path":"/hive3/warehouse/ods.db/ods_order_detail/dt=2026-09-27",
					"writeMode":"truncate"
				}
			}
		}
	],
	"setting":{
		"speed":{
			"channel":1
		}
	}
}

2026-10-05 07:59:10.715 [main] WARN  Engine - prioriy set to 0, because NumberFormatException, the value is: null
2026-10-05 07:59:10.716 [main] INFO  PerfTrace - PerfTrace traceId=job_-1, isEnable=false, priority=0
2026-10-05 07:59:10.716 [main] INFO  JobContainer - DataX jobContainer starts job.
2026-10-05 07:59:10.717 [main] INFO  JobContainer - Set jobId = 0
2026-10-05 07:59:11.099 [job-0] INFO  OriginalConfPretreatmentUtil - Available jdbcUrl:jdbc:mysql://192.168.110.131:3306/cloud_ecommerce?useUnicode=true&characterEncoding=utf-8&yearIsDateType=false&zeroDateTimeBehavior=convertToNull&tinyInt1isBit=false&rewriteBatchedStatements=true.
2026-10-05 07:59:11.683 [job-0] INFO  JobContainer - jobContainer starts to do prepare ...
2026-10-05 07:59:11.684 [job-0] INFO  JobContainer - DataX Reader.Job [mysqlreader] do prepare work .
2026-10-05 07:59:11.684 [job-0] INFO  JobContainer - DataX Writer.Job [hdfswriter] do prepare work .
2026-10-05 07:59:11.738 [job-0] INFO  JobContainer - jobContainer starts to do split ...
2026-10-05 07:59:11.738 [job-0] INFO  JobContainer - Job set Channel-Number to 1 channels.
2026-10-05 07:59:11.740 [job-0] INFO  JobContainer - DataX Reader.Job [mysqlreader] splits to [1] tasks.
2026-10-05 07:59:11.740 [job-0] INFO  HdfsWriter$Job - begin do split...
2026-10-05 07:59:11.745 [job-0] INFO  HdfsWriter$Job - splited write file name:[hdfs://192.168.42.101:8020/hive3/warehouse/ods.db/ods_order_detail/dt=2026-09-27__a4368273_a164_4d11_92bc_8a6b51f7abeb/order_detail__e8f16f37_2523_49cc_a088_56ee3b49cd47]
2026-10-05 07:59:11.746 [job-0] INFO  HdfsWriter$Job - end do split.
2026-10-05 07:59:11.746 [job-0] INFO  JobContainer - DataX Writer.Job [hdfswriter] splits to [1] tasks.
2026-10-05 07:59:11.757 [job-0] INFO  JobContainer - jobContainer starts to do schedule ...
2026-10-05 07:59:11.760 [job-0] INFO  JobContainer - Scheduler starts [1] taskGroups.
2026-10-05 07:59:11.761 [job-0] INFO  JobContainer - Running by standalone Mode.
2026-10-05 07:59:11.768 [taskGroup-0] INFO  TaskGroupContainer - taskGroupId=[0] start [1] channels for [1] tasks.
2026-10-05 07:59:11.774 [taskGroup-0] INFO  Channel - Channel set byte_speed_limit to -1, No bps activated.
2026-10-05 07:59:11.775 [taskGroup-0] INFO  Channel - Channel set record_speed_limit to -1, No tps activated.
2026-10-05 07:59:11.781 [taskGroup-0] INFO  TaskGroupContainer - taskGroup[0] taskId[0] attemptCount[1] is started
2026-10-05 07:59:11.783 [0-0-0-reader] INFO  CommonRdbmsReader$Task - Begin to read record by Sql: [SELECT * FROM order_detail WHERE date(create_time)='2026-09-27' 
] jdbcUrl:[jdbc:mysql://192.168.110.131:3306/cloud_ecommerce?useUnicode=true&characterEncoding=utf-8&yearIsDateType=false&zeroDateTimeBehavior=convertToNull&tinyInt1isBit=false&rewriteBatchedStatements=true].
2026-10-05 07:59:11.805 [0-0-0-writer] INFO  HdfsWriter$Task - begin do write...
2026-10-05 07:59:11.805 [0-0-0-writer] INFO  HdfsWriter$Task - write to file : [hdfs://192.168.42.101:8020/hive3/warehouse/ods.db/ods_order_detail/dt=2026-09-27__a4368273_a164_4d11_92bc_8a6b51f7abeb/order_detail__e8f16f37_2523_49cc_a088_56ee3b49cd47]
2026-10-05 07:59:13.390 [0-0-0-reader] INFO  CommonRdbmsReader$Task - Finished read record by Sql: [SELECT * FROM order_detail WHERE date(create_time)='2026-09-27' 
] jdbcUrl:[jdbc:mysql://192.168.110.131:3306/cloud_ecommerce?useUnicode=true&characterEncoding=utf-8&yearIsDateType=false&zeroDateTimeBehavior=convertToNull&tinyInt1isBit=false&rewriteBatchedStatements=true].
2026-10-05 07:59:13.398 [0-0-0-writer] INFO  HdfsWriter$Task - end do write
2026-10-05 07:59:13.486 [taskGroup-0] INFO  TaskGroupContainer - taskGroup[0] taskId[0] is successed, used[1707]ms
2026-10-05 07:59:13.486 [taskGroup-0] INFO  TaskGroupContainer - taskGroup[0] completed it's tasks.
2026-10-05 07:59:21.776 [job-0] INFO  StandAloneJobContainerCommunicator - Total 225364 records, 8476314 bytes | Speed 827.76KB/s, 22536 records/s | Error 0 records, 0 bytes |  All Task WaitWriterTime 0.165s |  All Task WaitReaderTime 0.613s | Percentage 100.00%
2026-10-05 07:59:21.776 [job-0] INFO  AbstractScheduler - Scheduler accomplished all tasks.
2026-10-05 07:59:21.776 [job-0] INFO  JobContainer - DataX Writer.Job [hdfswriter] do post work.
2026-10-05 07:59:21.776 [job-0] INFO  HdfsWriter$Job - start rename file [hdfs://192.168.42.101:8020/hive3/warehouse/ods.db/ods_order_detail/dt=2026-09-27__a4368273_a164_4d11_92bc_8a6b51f7abeb/order_detail__e8f16f37_2523_49cc_a088_56ee3b49cd47] to file [hdfs://192.168.42.101:8020/hive3/warehouse/ods.db/ods_order_detail/dt=2026-09-27/order_detail__e8f16f37_2523_49cc_a088_56ee3b49cd47].
2026-10-05 07:59:21.780 [job-0] INFO  HdfsWriter$Job - finish rename file [hdfs://192.168.42.101:8020/hive3/warehouse/ods.db/ods_order_detail/dt=2026-09-27__a4368273_a164_4d11_92bc_8a6b51f7abeb/order_detail__e8f16f37_2523_49cc_a088_56ee3b49cd47] to file [hdfs://192.168.42.101:8020/hive3/warehouse/ods.db/ods_order_detail/dt=2026-09-27/order_detail__e8f16f37_2523_49cc_a088_56ee3b49cd47].
2026-10-05 07:59:21.780 [job-0] INFO  HdfsWriter$Job - start delete tmp dir [hdfs://192.168.42.101:8020/hive3/warehouse/ods.db/ods_order_detail/dt=2026-09-27__a4368273_a164_4d11_92bc_8a6b51f7abeb] .
2026-10-05 07:59:21.784 [job-0] INFO  HdfsWriter$Job - finish delete tmp dir [hdfs://192.168.42.101:8020/hive3/warehouse/ods.db/ods_order_detail/dt=2026-09-27__a4368273_a164_4d11_92bc_8a6b51f7abeb] .
2026-10-05 07:59:21.784 [job-0] INFO  JobContainer - DataX Reader.Job [mysqlreader] do post work.
2026-10-05 07:59:21.784 [job-0] INFO  JobContainer - DataX jobId [0] completed successfully.
2026-10-05 07:59:21.784 [job-0] INFO  HookInvoker - No hook invoked, because base dir not exists or is a file: /opt/datax/hook
2026-10-05 07:59:21.886 [job-0] INFO  JobContainer - 
	 [total cpu info] => 
		averageCpu                     | maxDeltaCpu                    | minDeltaCpu                    
		-1.00%                         | -1.00%                         | -1.00%
                        

	 [total gc info] => 
		 NAME                 | totalGCCount       | maxDeltaGCCount    | minDeltaGCCount    | totalGCTime        | maxDeltaGCTime     | minDeltaGCTime     
		 PS MarkSweep         | 1                  | 1                  | 1                  | 0.020s             | 0.020s             | 0.020s             
		 PS Scavenge          | 7                  | 7                  | 7                  | 0.029s             | 0.029s             | 0.029s             

2026-10-05 07:59:21.886 [job-0] INFO  JobContainer - PerfTrace not enable!
2026-10-05 07:59:21.886 [job-0] INFO  StandAloneJobContainerCommunicator - Total 225364 records, 8476314 bytes | Speed 827.76KB/s, 22536 records/s | Error 0 records, 0 bytes |  All Task WaitWriterTime 0.165s |  All Task WaitReaderTime 0.613s | Percentage 100.00%
2026-10-05 07:59:21.887 [job-0] INFO  JobContainer - 
任务启动时刻                    : 2026-10-05 07:59:10
任务结束时刻                    : 2026-10-05 07:59:21
任务总计耗时                    :                 11s
任务平均流量                    :          827.76KB/s
记录写入速度                    :          22536rec/s
读出记录总数                    :              225364
读写失败总数                    :                   0

======================datax开始抽取 order_detail的分区2026-09-28==============================

DataX (DATAX-OPENSOURCE-3.0), From Alibaba !
Copyright (C) 2010-2017, Alibaba Group. All Rights Reserved.


2026-10-05 07:59:23.417 [main] INFO  MessageSource - JVM TimeZone: GMT+08:00, Locale: zh_CN
2026-10-05 07:59:23.419 [main] INFO  MessageSource - use Locale: zh_CN timeZone: sun.util.calendar.ZoneInfo[id="GMT+08:00",offset=28800000,dstSavings=0,useDaylight=false,transitions=0,lastRule=null]
2026-10-05 07:59:23.425 [main] INFO  VMInfo - VMInfo# operatingSystem class => sun.management.OperatingSystemImpl
2026-10-05 07:59:23.428 [main] INFO  Engine - the machine info  => 

	osInfo:	Oracle Corporation 1.8 25.212-b10
	jvmInfo:	Linux amd64 5.4.0-216-generic
	cpu num:	4

	totalPhysicalMemory:	-0.00G
	freePhysicalMemory:	-0.00G
	maxFileDescriptorCount:	-1
	currentOpenFileDescriptorCount:	-1

	GC Names	[PS MarkSweep, PS Scavenge]

	MEMORY_NAME                    | allocation_size                | init_size                      
	PS Eden Space                  | 256.00MB                       | 256.00MB                       
	Code Cache                     | 240.00MB                       | 2.44MB                         
	Compressed Class Space         | 1,024.00MB                     | 0.00MB                         
	PS Survivor Space              | 42.50MB                        | 42.50MB                        
	PS Old Gen                     | 683.00MB                       | 683.00MB                       
	Metaspace                      | -0.00MB                        | 0.00MB                         


2026-10-05 07:59:23.438 [main] INFO  Engine - 
{
	"content":[
		{
			"reader":{
				"name":"mysqlreader",
				"parameter":{
					"connection":[
						{
							"jdbcUrl":[
								"jdbc:mysql://192.168.110.131:3306/cloud_ecommerce?useUnicode=true&characterEncoding=utf-8"
							],
							"querySql":[
								"SELECT * FROM order_detail WHERE date(create_time)='2026-09-28' "
							]
						}
					],
					"password":"*******",
					"username":"bigdata"
				}
			},
			"writer":{
				"name":"hdfswriter",
				"parameter":{
					"column":[
						{
							"name":"detail_id",
							"type":"BIGINT"
						},
						{
							"name":"order_id",
							"type":"BIGINT"
						},
						{
							"name":"product_id",
							"type":"BIGINT"
						},
						{
							"name":"product_price",
							"type":"STRING"
						},
						{
							"name":"product_quantity",
							"type":"INT"
						},
						{
							"name":"total_amount",
							"type":"STRING"
						},
						{
							"name":"create_time",
							"type":"STRING"
						}
					],
					"defaultFS":"hdfs://192.168.42.101:8020",
					"fieldDelimiter":"\t",
					"fileName":"order_detail",
					"fileType":"text",
					"path":"/hive3/warehouse/ods.db/ods_order_detail/dt=2026-09-28",
					"writeMode":"truncate"
				}
			}
		}
	],
	"setting":{
		"speed":{
			"channel":1
		}
	}
}

2026-10-05 07:59:23.447 [main] WARN  Engine - prioriy set to 0, because NumberFormatException, the value is: null
2026-10-05 07:59:23.448 [main] INFO  PerfTrace - PerfTrace traceId=job_-1, isEnable=false, priority=0
2026-10-05 07:59:23.448 [main] INFO  JobContainer - DataX jobContainer starts job.
2026-10-05 07:59:23.449 [main] INFO  JobContainer - Set jobId = 0
2026-10-05 07:59:23.809 [job-0] INFO  OriginalConfPretreatmentUtil - Available jdbcUrl:jdbc:mysql://192.168.110.131:3306/cloud_ecommerce?useUnicode=true&characterEncoding=utf-8&yearIsDateType=false&zeroDateTimeBehavior=convertToNull&tinyInt1isBit=false&rewriteBatchedStatements=true.
2026-10-05 07:59:24.349 [job-0] INFO  JobContainer - jobContainer starts to do prepare ...
2026-10-05 07:59:24.350 [job-0] INFO  JobContainer - DataX Reader.Job [mysqlreader] do prepare work .
2026-10-05 07:59:24.351 [job-0] INFO  JobContainer - DataX Writer.Job [hdfswriter] do prepare work .
2026-10-05 07:59:24.400 [job-0] INFO  JobContainer - jobContainer starts to do split ...
2026-10-05 07:59:24.401 [job-0] INFO  JobContainer - Job set Channel-Number to 1 channels.
2026-10-05 07:59:24.402 [job-0] INFO  JobContainer - DataX Reader.Job [mysqlreader] splits to [1] tasks.
2026-10-05 07:59:24.402 [job-0] INFO  HdfsWriter$Job - begin do split...
2026-10-05 07:59:24.405 [job-0] INFO  HdfsWriter$Job - splited write file name:[hdfs://192.168.42.101:8020/hive3/warehouse/ods.db/ods_order_detail/dt=2026-09-28__ec8ab495_a04a_4bba_a8fe_0ea38d020516/order_detail__8490d918_5355_4363_b7a3_f54866f549b3]
2026-10-05 07:59:24.405 [job-0] INFO  HdfsWriter$Job - end do split.
2026-10-05 07:59:24.405 [job-0] INFO  JobContainer - DataX Writer.Job [hdfswriter] splits to [1] tasks.
2026-10-05 07:59:24.416 [job-0] INFO  JobContainer - jobContainer starts to do schedule ...
2026-10-05 07:59:24.418 [job-0] INFO  JobContainer - Scheduler starts [1] taskGroups.
2026-10-05 07:59:24.419 [job-0] INFO  JobContainer - Running by standalone Mode.
2026-10-05 07:59:24.422 [taskGroup-0] INFO  TaskGroupContainer - taskGroupId=[0] start [1] channels for [1] tasks.
2026-10-05 07:59:24.426 [taskGroup-0] INFO  Channel - Channel set byte_speed_limit to -1, No bps activated.
2026-10-05 07:59:24.426 [taskGroup-0] INFO  Channel - Channel set record_speed_limit to -1, No tps activated.
2026-10-05 07:59:24.435 [taskGroup-0] INFO  TaskGroupContainer - taskGroup[0] taskId[0] attemptCount[1] is started
2026-10-05 07:59:24.438 [0-0-0-reader] INFO  CommonRdbmsReader$Task - Begin to read record by Sql: [SELECT * FROM order_detail WHERE date(create_time)='2026-09-28' 
] jdbcUrl:[jdbc:mysql://192.168.110.131:3306/cloud_ecommerce?useUnicode=true&characterEncoding=utf-8&yearIsDateType=false&zeroDateTimeBehavior=convertToNull&tinyInt1isBit=false&rewriteBatchedStatements=true].
2026-10-05 07:59:24.455 [0-0-0-writer] INFO  HdfsWriter$Task - begin do write...
2026-10-05 07:59:24.455 [0-0-0-writer] INFO  HdfsWriter$Task - write to file : [hdfs://192.168.42.101:8020/hive3/warehouse/ods.db/ods_order_detail/dt=2026-09-28__ec8ab495_a04a_4bba_a8fe_0ea38d020516/order_detail__8490d918_5355_4363_b7a3_f54866f549b3]
2026-10-05 07:59:26.042 [0-0-0-reader] INFO  CommonRdbmsReader$Task - Finished read record by Sql: [SELECT * FROM order_detail WHERE date(create_time)='2026-09-28' 
] jdbcUrl:[jdbc:mysql://192.168.110.131:3306/cloud_ecommerce?useUnicode=true&characterEncoding=utf-8&yearIsDateType=false&zeroDateTimeBehavior=convertToNull&tinyInt1isBit=false&rewriteBatchedStatements=true].
2026-10-05 07:59:26.051 [0-0-0-writer] INFO  HdfsWriter$Task - end do write
2026-10-05 07:59:26.146 [taskGroup-0] INFO  TaskGroupContainer - taskGroup[0] taskId[0] is successed, used[1715]ms
2026-10-05 07:59:26.146 [taskGroup-0] INFO  TaskGroupContainer - taskGroup[0] completed it's tasks.
2026-10-05 07:59:34.429 [job-0] INFO  StandAloneJobContainerCommunicator - Total 225883 records, 8494293 bytes | Speed 829.52KB/s, 22588 records/s | Error 0 records, 0 bytes |  All Task WaitWriterTime 0.115s |  All Task WaitReaderTime 0.755s | Percentage 100.00%
2026-10-05 07:59:34.429 [job-0] INFO  AbstractScheduler - Scheduler accomplished all tasks.
2026-10-05 07:59:34.430 [job-0] INFO  JobContainer - DataX Writer.Job [hdfswriter] do post work.
2026-10-05 07:59:34.430 [job-0] INFO  HdfsWriter$Job - start rename file [hdfs://192.168.42.101:8020/hive3/warehouse/ods.db/ods_order_detail/dt=2026-09-28__ec8ab495_a04a_4bba_a8fe_0ea38d020516/order_detail__8490d918_5355_4363_b7a3_f54866f549b3] to file [hdfs://192.168.42.101:8020/hive3/warehouse/ods.db/ods_order_detail/dt=2026-09-28/order_detail__8490d918_5355_4363_b7a3_f54866f549b3].
2026-10-05 07:59:34.434 [job-0] INFO  HdfsWriter$Job - finish rename file [hdfs://192.168.42.101:8020/hive3/warehouse/ods.db/ods_order_detail/dt=2026-09-28__ec8ab495_a04a_4bba_a8fe_0ea38d020516/order_detail__8490d918_5355_4363_b7a3_f54866f549b3] to file [hdfs://192.168.42.101:8020/hive3/warehouse/ods.db/ods_order_detail/dt=2026-09-28/order_detail__8490d918_5355_4363_b7a3_f54866f549b3].
2026-10-05 07:59:34.434 [job-0] INFO  HdfsWriter$Job - start delete tmp dir [hdfs://192.168.42.101:8020/hive3/warehouse/ods.db/ods_order_detail/dt=2026-09-28__ec8ab495_a04a_4bba_a8fe_0ea38d020516] .
2026-10-05 07:59:34.437 [job-0] INFO  HdfsWriter$Job - finish delete tmp dir [hdfs://192.168.42.101:8020/hive3/warehouse/ods.db/ods_order_detail/dt=2026-09-28__ec8ab495_a04a_4bba_a8fe_0ea38d020516] .
2026-10-05 07:59:34.438 [job-0] INFO  JobContainer - DataX Reader.Job [mysqlreader] do post work.
2026-10-05 07:59:34.438 [job-0] INFO  JobContainer - DataX jobId [0] completed successfully.
2026-10-05 07:59:34.438 [job-0] INFO  HookInvoker - No hook invoked, because base dir not exists or is a file: /opt/datax/hook
2026-10-05 07:59:34.540 [job-0] INFO  JobContainer - 
	 [total cpu info] => 
		averageCpu                     | maxDeltaCpu                    | minDeltaCpu                    
		-1.00%                         | -1.00%                         | -1.00%
                        

	 [total gc info] => 
		 NAME                 | totalGCCount       | maxDeltaGCCount    | minDeltaGCCount    | totalGCTime        | maxDeltaGCTime     | minDeltaGCTime     
		 PS MarkSweep         | 1                  | 1                  | 1                  | 0.019s             | 0.019s             | 0.019s             
		 PS Scavenge          | 7                  | 7                  | 7                  | 0.030s             | 0.030s             | 0.030s             

2026-10-05 07:59:34.540 [job-0] INFO  JobContainer - PerfTrace not enable!
2026-10-05 07:59:34.540 [job-0] INFO  StandAloneJobContainerCommunicator - Total 225883 records, 8494293 bytes | Speed 829.52KB/s, 22588 records/s | Error 0 records, 0 bytes |  All Task WaitWriterTime 0.115s |  All Task WaitReaderTime 0.755s | Percentage 100.00%
2026-10-05 07:59:34.541 [job-0] INFO  JobContainer - 
任务启动时刻                    : 2026-10-05 07:59:23
任务结束时刻                    : 2026-10-05 07:59:34
任务总计耗时                    :                 11s
任务平均流量                    :          829.52KB/s
记录写入速度                    :          22588rec/s
读出记录总数                    :              225883
读写失败总数                    :                   0

======================datax开始抽取 order_detail的分区2026-09-29==============================

DataX (DATAX-OPENSOURCE-3.0), From Alibaba !
Copyright (C) 2010-2017, Alibaba Group. All Rights Reserved.


2026-10-05 07:59:36.167 [main] INFO  MessageSource - JVM TimeZone: GMT+08:00, Locale: zh_CN
2026-10-05 07:59:36.169 [main] INFO  MessageSource - use Locale: zh_CN timeZone: sun.util.calendar.ZoneInfo[id="GMT+08:00",offset=28800000,dstSavings=0,useDaylight=false,transitions=0,lastRule=null]
2026-10-05 07:59:36.176 [main] INFO  VMInfo - VMInfo# operatingSystem class => sun.management.OperatingSystemImpl
2026-10-05 07:59:36.179 [main] INFO  Engine - the machine info  => 

	osInfo:	Oracle Corporation 1.8 25.212-b10
	jvmInfo:	Linux amd64 5.4.0-216-generic
	cpu num:	4

	totalPhysicalMemory:	-0.00G
	freePhysicalMemory:	-0.00G
	maxFileDescriptorCount:	-1
	currentOpenFileDescriptorCount:	-1

	GC Names	[PS MarkSweep, PS Scavenge]

	MEMORY_NAME                    | allocation_size                | init_size                      
	PS Eden Space                  | 256.00MB                       | 256.00MB                       
	Code Cache                     | 240.00MB                       | 2.44MB                         
	Compressed Class Space         | 1,024.00MB                     | 0.00MB                         
	PS Survivor Space              | 42.50MB                        | 42.50MB                        
	PS Old Gen                     | 683.00MB                       | 683.00MB                       
	Metaspace                      | -0.00MB                        | 0.00MB                         


2026-10-05 07:59:36.189 [main] INFO  Engine - 
{
	"content":[
		{
			"reader":{
				"name":"mysqlreader",
				"parameter":{
					"connection":[
						{
							"jdbcUrl":[
								"jdbc:mysql://192.168.110.131:3306/cloud_ecommerce?useUnicode=true&characterEncoding=utf-8"
							],
							"querySql":[
								"SELECT * FROM order_detail WHERE date(create_time)='2026-09-29' "
							]
						}
					],
					"password":"*******",
					"username":"bigdata"
				}
			},
			"writer":{
				"name":"hdfswriter",
				"parameter":{
					"column":[
						{
							"name":"detail_id",
							"type":"BIGINT"
						},
						{
							"name":"order_id",
							"type":"BIGINT"
						},
						{
							"name":"product_id",
							"type":"BIGINT"
						},
						{
							"name":"product_price",
							"type":"STRING"
						},
						{
							"name":"product_quantity",
							"type":"INT"
						},
						{
							"name":"total_amount",
							"type":"STRING"
						},
						{
							"name":"create_time",
							"type":"STRING"
						}
					],
					"defaultFS":"hdfs://192.168.42.101:8020",
					"fieldDelimiter":"\t",
					"fileName":"order_detail",
					"fileType":"text",
					"path":"/hive3/warehouse/ods.db/ods_order_detail/dt=2026-09-29",
					"writeMode":"truncate"
				}
			}
		}
	],
	"setting":{
		"speed":{
			"channel":1
		}
	}
}

2026-10-05 07:59:36.199 [main] WARN  Engine - prioriy set to 0, because NumberFormatException, the value is: null
2026-10-05 07:59:36.200 [main] INFO  PerfTrace - PerfTrace traceId=job_-1, isEnable=false, priority=0
2026-10-05 07:59:36.200 [main] INFO  JobContainer - DataX jobContainer starts job.
2026-10-05 07:59:36.201 [main] INFO  JobContainer - Set jobId = 0
2026-10-05 07:59:36.586 [job-0] INFO  OriginalConfPretreatmentUtil - Available jdbcUrl:jdbc:mysql://192.168.110.131:3306/cloud_ecommerce?useUnicode=true&characterEncoding=utf-8&yearIsDateType=false&zeroDateTimeBehavior=convertToNull&tinyInt1isBit=false&rewriteBatchedStatements=true.
2026-10-05 07:59:37.197 [job-0] INFO  JobContainer - jobContainer starts to do prepare ...
2026-10-05 07:59:37.198 [job-0] INFO  JobContainer - DataX Reader.Job [mysqlreader] do prepare work .
2026-10-05 07:59:37.198 [job-0] INFO  JobContainer - DataX Writer.Job [hdfswriter] do prepare work .
2026-10-05 07:59:37.263 [job-0] INFO  JobContainer - jobContainer starts to do split ...
2026-10-05 07:59:37.263 [job-0] INFO  JobContainer - Job set Channel-Number to 1 channels.
2026-10-05 07:59:37.264 [job-0] INFO  JobContainer - DataX Reader.Job [mysqlreader] splits to [1] tasks.
2026-10-05 07:59:37.265 [job-0] INFO  HdfsWriter$Job - begin do split...
2026-10-05 07:59:37.271 [job-0] INFO  HdfsWriter$Job - splited write file name:[hdfs://192.168.42.101:8020/hive3/warehouse/ods.db/ods_order_detail/dt=2026-09-29__b56c7c5f_cb6c_468f_9815_0ededd3a4b04/order_detail__275d3918_a32e_46af_8fa2_ba70ebd050f8]
2026-10-05 07:59:37.271 [job-0] INFO  HdfsWriter$Job - end do split.
2026-10-05 07:59:37.271 [job-0] INFO  JobContainer - DataX Writer.Job [hdfswriter] splits to [1] tasks.
2026-10-05 07:59:37.286 [job-0] INFO  JobContainer - jobContainer starts to do schedule ...
2026-10-05 07:59:37.288 [job-0] INFO  JobContainer - Scheduler starts [1] taskGroups.
2026-10-05 07:59:37.290 [job-0] INFO  JobContainer - Running by standalone Mode.
2026-10-05 07:59:37.300 [taskGroup-0] INFO  TaskGroupContainer - taskGroupId=[0] start [1] channels for [1] tasks.
2026-10-05 07:59:37.304 [taskGroup-0] INFO  Channel - Channel set byte_speed_limit to -1, No bps activated.
2026-10-05 07:59:37.304 [taskGroup-0] INFO  Channel - Channel set record_speed_limit to -1, No tps activated.
2026-10-05 07:59:37.312 [taskGroup-0] INFO  TaskGroupContainer - taskGroup[0] taskId[0] attemptCount[1] is started
2026-10-05 07:59:37.314 [0-0-0-reader] INFO  CommonRdbmsReader$Task - Begin to read record by Sql: [SELECT * FROM order_detail WHERE date(create_time)='2026-09-29' 
] jdbcUrl:[jdbc:mysql://192.168.110.131:3306/cloud_ecommerce?useUnicode=true&characterEncoding=utf-8&yearIsDateType=false&zeroDateTimeBehavior=convertToNull&tinyInt1isBit=false&rewriteBatchedStatements=true].
2026-10-05 07:59:37.334 [0-0-0-writer] INFO  HdfsWriter$Task - begin do write...
2026-10-05 07:59:37.334 [0-0-0-writer] INFO  HdfsWriter$Task - write to file : [hdfs://192.168.42.101:8020/hive3/warehouse/ods.db/ods_order_detail/dt=2026-09-29__b56c7c5f_cb6c_468f_9815_0ededd3a4b04/order_detail__275d3918_a32e_46af_8fa2_ba70ebd050f8]
2026-10-05 07:59:38.967 [0-0-0-reader] INFO  CommonRdbmsReader$Task - Finished read record by Sql: [SELECT * FROM order_detail WHERE date(create_time)='2026-09-29' 
] jdbcUrl:[jdbc:mysql://192.168.110.131:3306/cloud_ecommerce?useUnicode=true&characterEncoding=utf-8&yearIsDateType=false&zeroDateTimeBehavior=convertToNull&tinyInt1isBit=false&rewriteBatchedStatements=true].
2026-10-05 07:59:38.977 [0-0-0-writer] INFO  HdfsWriter$Task - end do write
2026-10-05 07:59:39.016 [taskGroup-0] INFO  TaskGroupContainer - taskGroup[0] taskId[0] is successed, used[1707]ms
2026-10-05 07:59:39.016 [taskGroup-0] INFO  TaskGroupContainer - taskGroup[0] completed it's tasks.
2026-10-05 07:59:47.303 [job-0] INFO  StandAloneJobContainerCommunicator - Total 225955 records, 8500508 bytes | Speed 830.13KB/s, 22595 records/s | Error 0 records, 0 bytes |  All Task WaitWriterTime 0.166s |  All Task WaitReaderTime 0.646s | Percentage 100.00%
2026-10-05 07:59:47.303 [job-0] INFO  AbstractScheduler - Scheduler accomplished all tasks.
2026-10-05 07:59:47.304 [job-0] INFO  JobContainer - DataX Writer.Job [hdfswriter] do post work.
2026-10-05 07:59:47.304 [job-0] INFO  HdfsWriter$Job - start rename file [hdfs://192.168.42.101:8020/hive3/warehouse/ods.db/ods_order_detail/dt=2026-09-29__b56c7c5f_cb6c_468f_9815_0ededd3a4b04/order_detail__275d3918_a32e_46af_8fa2_ba70ebd050f8] to file [hdfs://192.168.42.101:8020/hive3/warehouse/ods.db/ods_order_detail/dt=2026-09-29/order_detail__275d3918_a32e_46af_8fa2_ba70ebd050f8].
2026-10-05 07:59:47.309 [job-0] INFO  HdfsWriter$Job - finish rename file [hdfs://192.168.42.101:8020/hive3/warehouse/ods.db/ods_order_detail/dt=2026-09-29__b56c7c5f_cb6c_468f_9815_0ededd3a4b04/order_detail__275d3918_a32e_46af_8fa2_ba70ebd050f8] to file [hdfs://192.168.42.101:8020/hive3/warehouse/ods.db/ods_order_detail/dt=2026-09-29/order_detail__275d3918_a32e_46af_8fa2_ba70ebd050f8].
2026-10-05 07:59:47.309 [job-0] INFO  HdfsWriter$Job - start delete tmp dir [hdfs://192.168.42.101:8020/hive3/warehouse/ods.db/ods_order_detail/dt=2026-09-29__b56c7c5f_cb6c_468f_9815_0ededd3a4b04] .
2026-10-05 07:59:47.313 [job-0] INFO  HdfsWriter$Job - finish delete tmp dir [hdfs://192.168.42.101:8020/hive3/warehouse/ods.db/ods_order_detail/dt=2026-09-29__b56c7c5f_cb6c_468f_9815_0ededd3a4b04] .
2026-10-05 07:59:47.313 [job-0] INFO  JobContainer - DataX Reader.Job [mysqlreader] do post work.
2026-10-05 07:59:47.313 [job-0] INFO  JobContainer - DataX jobId [0] completed successfully.
2026-10-05 07:59:47.314 [job-0] INFO  HookInvoker - No hook invoked, because base dir not exists or is a file: /opt/datax/hook
2026-10-05 07:59:47.415 [job-0] INFO  JobContainer - 
	 [total cpu info] => 
		averageCpu                     | maxDeltaCpu                    | minDeltaCpu                    
		-1.00%                         | -1.00%                         | -1.00%
                        

	 [total gc info] => 
		 NAME                 | totalGCCount       | maxDeltaGCCount    | minDeltaGCCount    | totalGCTime        | maxDeltaGCTime     | minDeltaGCTime     
		 PS MarkSweep         | 1                  | 1                  | 1                  | 0.025s             | 0.025s             | 0.025s             
		 PS Scavenge          | 7                  | 7                  | 7                  | 0.038s             | 0.038s             | 0.038s             

2026-10-05 07:59:47.415 [job-0] INFO  JobContainer - PerfTrace not enable!
2026-10-05 07:59:47.415 [job-0] INFO  StandAloneJobContainerCommunicator - Total 225955 records, 8500508 bytes | Speed 830.13KB/s, 22595 records/s | Error 0 records, 0 bytes |  All Task WaitWriterTime 0.166s |  All Task WaitReaderTime 0.646s | Percentage 100.00%
2026-10-05 07:59:47.416 [job-0] INFO  JobContainer - 
任务启动时刻                    : 2026-10-05 07:59:36
任务结束时刻                    : 2026-10-05 07:59:47
任务总计耗时                    :                 11s
任务平均流量                    :          830.13KB/s
记录写入速度                    :          22595rec/s
读出记录总数                    :              225955
读写失败总数                    :                   0

======================datax开始抽取 order_detail的分区2026-09-30==============================

DataX (DATAX-OPENSOURCE-3.0), From Alibaba !
Copyright (C) 2010-2017, Alibaba Group. All Rights Reserved.


2026-10-05 07:59:49.054 [main] INFO  MessageSource - JVM TimeZone: GMT+08:00, Locale: zh_CN
2026-10-05 07:59:49.055 [main] INFO  MessageSource - use Locale: zh_CN timeZone: sun.util.calendar.ZoneInfo[id="GMT+08:00",offset=28800000,dstSavings=0,useDaylight=false,transitions=0,lastRule=null]
2026-10-05 07:59:49.062 [main] INFO  VMInfo - VMInfo# operatingSystem class => sun.management.OperatingSystemImpl
2026-10-05 07:59:49.065 [main] INFO  Engine - the machine info  => 

	osInfo:	Oracle Corporation 1.8 25.212-b10
	jvmInfo:	Linux amd64 5.4.0-216-generic
	cpu num:	4

	totalPhysicalMemory:	-0.00G
	freePhysicalMemory:	-0.00G
	maxFileDescriptorCount:	-1
	currentOpenFileDescriptorCount:	-1

	GC Names	[PS MarkSweep, PS Scavenge]

	MEMORY_NAME                    | allocation_size                | init_size                      
	PS Eden Space                  | 256.00MB                       | 256.00MB                       
	Code Cache                     | 240.00MB                       | 2.44MB                         
	Compressed Class Space         | 1,024.00MB                     | 0.00MB                         
	PS Survivor Space              | 42.50MB                        | 42.50MB                        
	PS Old Gen                     | 683.00MB                       | 683.00MB                       
	Metaspace                      | -0.00MB                        | 0.00MB                         


2026-10-05 07:59:49.076 [main] INFO  Engine - 
{
	"content":[
		{
			"reader":{
				"name":"mysqlreader",
				"parameter":{
					"connection":[
						{
							"jdbcUrl":[
								"jdbc:mysql://192.168.110.131:3306/cloud_ecommerce?useUnicode=true&characterEncoding=utf-8"
							],
							"querySql":[
								"SELECT * FROM order_detail WHERE date(create_time)='2026-09-30' "
							]
						}
					],
					"password":"*******",
					"username":"bigdata"
				}
			},
			"writer":{
				"name":"hdfswriter",
				"parameter":{
					"column":[
						{
							"name":"detail_id",
							"type":"BIGINT"
						},
						{
							"name":"order_id",
							"type":"BIGINT"
						},
						{
							"name":"product_id",
							"type":"BIGINT"
						},
						{
							"name":"product_price",
							"type":"STRING"
						},
						{
							"name":"product_quantity",
							"type":"INT"
						},
						{
							"name":"total_amount",
							"type":"STRING"
						},
						{
							"name":"create_time",
							"type":"STRING"
						}
					],
					"defaultFS":"hdfs://192.168.42.101:8020",
					"fieldDelimiter":"\t",
					"fileName":"order_detail",
					"fileType":"text",
					"path":"/hive3/warehouse/ods.db/ods_order_detail/dt=2026-09-30",
					"writeMode":"truncate"
				}
			}
		}
	],
	"setting":{
		"speed":{
			"channel":1
		}
	}
}

2026-10-05 07:59:49.086 [main] WARN  Engine - prioriy set to 0, because NumberFormatException, the value is: null
2026-10-05 07:59:49.087 [main] INFO  PerfTrace - PerfTrace traceId=job_-1, isEnable=false, priority=0
2026-10-05 07:59:49.087 [main] INFO  JobContainer - DataX jobContainer starts job.
2026-10-05 07:59:49.088 [main] INFO  JobContainer - Set jobId = 0
2026-10-05 07:59:49.484 [job-0] INFO  OriginalConfPretreatmentUtil - Available jdbcUrl:jdbc:mysql://192.168.110.131:3306/cloud_ecommerce?useUnicode=true&characterEncoding=utf-8&yearIsDateType=false&zeroDateTimeBehavior=convertToNull&tinyInt1isBit=false&rewriteBatchedStatements=true.
2026-10-05 07:59:50.191 [job-0] INFO  JobContainer - jobContainer starts to do prepare ...
2026-10-05 07:59:50.192 [job-0] INFO  JobContainer - DataX Reader.Job [mysqlreader] do prepare work .
2026-10-05 07:59:50.192 [job-0] INFO  JobContainer - DataX Writer.Job [hdfswriter] do prepare work .
2026-10-05 07:59:50.276 [job-0] INFO  JobContainer - jobContainer starts to do split ...
2026-10-05 07:59:50.276 [job-0] INFO  JobContainer - Job set Channel-Number to 1 channels.
2026-10-05 07:59:50.278 [job-0] INFO  JobContainer - DataX Reader.Job [mysqlreader] splits to [1] tasks.
2026-10-05 07:59:50.278 [job-0] INFO  HdfsWriter$Job - begin do split...
2026-10-05 07:59:50.283 [job-0] INFO  HdfsWriter$Job - splited write file name:[hdfs://192.168.42.101:8020/hive3/warehouse/ods.db/ods_order_detail/dt=2026-09-30__c5ea4e19_414f_4055_8dac_f8ebe09dfd05/order_detail__86fa8cde_ecda_464e_b82a_e8d5c29fa7be]
2026-10-05 07:59:50.283 [job-0] INFO  HdfsWriter$Job - end do split.
2026-10-05 07:59:50.283 [job-0] INFO  JobContainer - DataX Writer.Job [hdfswriter] splits to [1] tasks.
2026-10-05 07:59:50.296 [job-0] INFO  JobContainer - jobContainer starts to do schedule ...
2026-10-05 07:59:50.298 [job-0] INFO  JobContainer - Scheduler starts [1] taskGroups.
2026-10-05 07:59:50.300 [job-0] INFO  JobContainer - Running by standalone Mode.
2026-10-05 07:59:50.306 [taskGroup-0] INFO  TaskGroupContainer - taskGroupId=[0] start [1] channels for [1] tasks.
2026-10-05 07:59:50.314 [taskGroup-0] INFO  Channel - Channel set byte_speed_limit to -1, No bps activated.
2026-10-05 07:59:50.314 [taskGroup-0] INFO  Channel - Channel set record_speed_limit to -1, No tps activated.
2026-10-05 07:59:50.322 [taskGroup-0] INFO  TaskGroupContainer - taskGroup[0] taskId[0] attemptCount[1] is started
2026-10-05 07:59:50.326 [0-0-0-reader] INFO  CommonRdbmsReader$Task - Begin to read record by Sql: [SELECT * FROM order_detail WHERE date(create_time)='2026-09-30' 
] jdbcUrl:[jdbc:mysql://192.168.110.131:3306/cloud_ecommerce?useUnicode=true&characterEncoding=utf-8&yearIsDateType=false&zeroDateTimeBehavior=convertToNull&tinyInt1isBit=false&rewriteBatchedStatements=true].
2026-10-05 07:59:50.338 [0-0-0-writer] INFO  HdfsWriter$Task - begin do write...
2026-10-05 07:59:50.339 [0-0-0-writer] INFO  HdfsWriter$Task - write to file : [hdfs://192.168.42.101:8020/hive3/warehouse/ods.db/ods_order_detail/dt=2026-09-30__c5ea4e19_414f_4055_8dac_f8ebe09dfd05/order_detail__86fa8cde_ecda_464e_b82a_e8d5c29fa7be]
2026-10-05 07:59:52.063 [0-0-0-reader] INFO  CommonRdbmsReader$Task - Finished read record by Sql: [SELECT * FROM order_detail WHERE date(create_time)='2026-09-30' 
] jdbcUrl:[jdbc:mysql://192.168.110.131:3306/cloud_ecommerce?useUnicode=true&characterEncoding=utf-8&yearIsDateType=false&zeroDateTimeBehavior=convertToNull&tinyInt1isBit=false&rewriteBatchedStatements=true].
2026-10-05 07:59:52.071 [0-0-0-writer] INFO  HdfsWriter$Task - end do write
2026-10-05 07:59:52.125 [taskGroup-0] INFO  TaskGroupContainer - taskGroup[0] taskId[0] is successed, used[1807]ms
2026-10-05 07:59:52.126 [taskGroup-0] INFO  TaskGroupContainer - taskGroup[0] completed it's tasks.
2026-10-05 08:00:00.318 [job-0] INFO  StandAloneJobContainerCommunicator - Total 225928 records, 8497470 bytes | Speed 829.83KB/s, 22592 records/s | Error 0 records, 0 bytes |  All Task WaitWriterTime 0.183s |  All Task WaitReaderTime 0.653s | Percentage 100.00%
2026-10-05 08:00:00.319 [job-0] INFO  AbstractScheduler - Scheduler accomplished all tasks.
2026-10-05 08:00:00.319 [job-0] INFO  JobContainer - DataX Writer.Job [hdfswriter] do post work.
2026-10-05 08:00:00.319 [job-0] INFO  HdfsWriter$Job - start rename file [hdfs://192.168.42.101:8020/hive3/warehouse/ods.db/ods_order_detail/dt=2026-09-30__c5ea4e19_414f_4055_8dac_f8ebe09dfd05/order_detail__86fa8cde_ecda_464e_b82a_e8d5c29fa7be] to file [hdfs://192.168.42.101:8020/hive3/warehouse/ods.db/ods_order_detail/dt=2026-09-30/order_detail__86fa8cde_ecda_464e_b82a_e8d5c29fa7be].
2026-10-05 08:00:00.324 [job-0] INFO  HdfsWriter$Job - finish rename file [hdfs://192.168.42.101:8020/hive3/warehouse/ods.db/ods_order_detail/dt=2026-09-30__c5ea4e19_414f_4055_8dac_f8ebe09dfd05/order_detail__86fa8cde_ecda_464e_b82a_e8d5c29fa7be] to file [hdfs://192.168.42.101:8020/hive3/warehouse/ods.db/ods_order_detail/dt=2026-09-30/order_detail__86fa8cde_ecda_464e_b82a_e8d5c29fa7be].
2026-10-05 08:00:00.324 [job-0] INFO  HdfsWriter$Job - start delete tmp dir [hdfs://192.168.42.101:8020/hive3/warehouse/ods.db/ods_order_detail/dt=2026-09-30__c5ea4e19_414f_4055_8dac_f8ebe09dfd05] .
2026-10-05 08:00:00.328 [job-0] INFO  HdfsWriter$Job - finish delete tmp dir [hdfs://192.168.42.101:8020/hive3/warehouse/ods.db/ods_order_detail/dt=2026-09-30__c5ea4e19_414f_4055_8dac_f8ebe09dfd05] .
2026-10-05 08:00:00.328 [job-0] INFO  JobContainer - DataX Reader.Job [mysqlreader] do post work.
2026-10-05 08:00:00.328 [job-0] INFO  JobContainer - DataX jobId [0] completed successfully.
2026-10-05 08:00:00.329 [job-0] INFO  HookInvoker - No hook invoked, because base dir not exists or is a file: /opt/datax/hook
2026-10-05 08:00:00.430 [job-0] INFO  JobContainer - 
	 [total cpu info] => 
		averageCpu                     | maxDeltaCpu                    | minDeltaCpu                    
		-1.00%                         | -1.00%                         | -1.00%
                        

	 [total gc info] => 
		 NAME                 | totalGCCount       | maxDeltaGCCount    | minDeltaGCCount    | totalGCTime        | maxDeltaGCTime     | minDeltaGCTime     
		 PS MarkSweep         | 1                  | 1                  | 1                  | 0.024s             | 0.024s             | 0.024s             
		 PS Scavenge          | 7                  | 7                  | 7                  | 0.041s             | 0.041s             | 0.041s             

2026-10-05 08:00:00.430 [job-0] INFO  JobContainer - PerfTrace not enable!
2026-10-05 08:00:00.431 [job-0] INFO  StandAloneJobContainerCommunicator - Total 225928 records, 8497470 bytes | Speed 829.83KB/s, 22592 records/s | Error 0 records, 0 bytes |  All Task WaitWriterTime 0.183s |  All Task WaitReaderTime 0.653s | Percentage 100.00%
2026-10-05 08:00:00.432 [job-0] INFO  JobContainer - 
任务启动时刻                    : 2026-10-05 07:59:49
任务结束时刻                    : 2026-10-05 08:00:00
任务总计耗时                    :                 11s
任务平均流量                    :          829.83KB/s
记录写入速度                    :          22592rec/s
读出记录总数                    :              225928
读写失败总数                    :                   0

======================datax开始抽取 order_detail的分区2026-10-01==============================

DataX (DATAX-OPENSOURCE-3.0), From Alibaba !
Copyright (C) 2010-2017, Alibaba Group. All Rights Reserved.


2026-10-05 08:00:02.202 [main] INFO  MessageSource - JVM TimeZone: GMT+08:00, Locale: zh_CN
2026-10-05 08:00:02.204 [main] INFO  MessageSource - use Locale: zh_CN timeZone: sun.util.calendar.ZoneInfo[id="GMT+08:00",offset=28800000,dstSavings=0,useDaylight=false,transitions=0,lastRule=null]
2026-10-05 08:00:02.212 [main] INFO  VMInfo - VMInfo# operatingSystem class => sun.management.OperatingSystemImpl
2026-10-05 08:00:02.215 [main] INFO  Engine - the machine info  => 

	osInfo:	Oracle Corporation 1.8 25.212-b10
	jvmInfo:	Linux amd64 5.4.0-216-generic
	cpu num:	4

	totalPhysicalMemory:	-0.00G
	freePhysicalMemory:	-0.00G
	maxFileDescriptorCount:	-1
	currentOpenFileDescriptorCount:	-1

	GC Names	[PS MarkSweep, PS Scavenge]

	MEMORY_NAME                    | allocation_size                | init_size                      
	PS Eden Space                  | 256.00MB                       | 256.00MB                       
	Code Cache                     | 240.00MB                       | 2.44MB                         
	Compressed Class Space         | 1,024.00MB                     | 0.00MB                         
	PS Survivor Space              | 42.50MB                        | 42.50MB                        
	PS Old Gen                     | 683.00MB                       | 683.00MB                       
	Metaspace                      | -0.00MB                        | 0.00MB                         


2026-10-05 08:00:02.228 [main] INFO  Engine - 
{
	"content":[
		{
			"reader":{
				"name":"mysqlreader",
				"parameter":{
					"connection":[
						{
							"jdbcUrl":[
								"jdbc:mysql://192.168.110.131:3306/cloud_ecommerce?useUnicode=true&characterEncoding=utf-8"
							],
							"querySql":[
								"SELECT * FROM order_detail WHERE date(create_time)='2026-10-01' "
							]
						}
					],
					"password":"*******",
					"username":"bigdata"
				}
			},
			"writer":{
				"name":"hdfswriter",
				"parameter":{
					"column":[
						{
							"name":"detail_id",
							"type":"BIGINT"
						},
						{
							"name":"order_id",
							"type":"BIGINT"
						},
						{
							"name":"product_id",
							"type":"BIGINT"
						},
						{
							"name":"product_price",
							"type":"STRING"
						},
						{
							"name":"product_quantity",
							"type":"INT"
						},
						{
							"name":"total_amount",
							"type":"STRING"
						},
						{
							"name":"create_time",
							"type":"STRING"
						}
					],
					"defaultFS":"hdfs://192.168.42.101:8020",
					"fieldDelimiter":"\t",
					"fileName":"order_detail",
					"fileType":"text",
					"path":"/hive3/warehouse/ods.db/ods_order_detail/dt=2026-10-01",
					"writeMode":"truncate"
				}
			}
		}
	],
	"setting":{
		"speed":{
			"channel":1
		}
	}
}

2026-10-05 08:00:02.238 [main] WARN  Engine - prioriy set to 0, because NumberFormatException, the value is: null
2026-10-05 08:00:02.239 [main] INFO  PerfTrace - PerfTrace traceId=job_-1, isEnable=false, priority=0
2026-10-05 08:00:02.240 [main] INFO  JobContainer - DataX jobContainer starts job.
2026-10-05 08:00:02.241 [main] INFO  JobContainer - Set jobId = 0
2026-10-05 08:00:02.673 [job-0] INFO  OriginalConfPretreatmentUtil - Available jdbcUrl:jdbc:mysql://192.168.110.131:3306/cloud_ecommerce?useUnicode=true&characterEncoding=utf-8&yearIsDateType=false&zeroDateTimeBehavior=convertToNull&tinyInt1isBit=false&rewriteBatchedStatements=true.
2026-10-05 08:00:03.294 [job-0] INFO  JobContainer - jobContainer starts to do prepare ...
2026-10-05 08:00:03.294 [job-0] INFO  JobContainer - DataX Reader.Job [mysqlreader] do prepare work .
2026-10-05 08:00:03.294 [job-0] INFO  JobContainer - DataX Writer.Job [hdfswriter] do prepare work .
2026-10-05 08:00:03.357 [job-0] INFO  JobContainer - jobContainer starts to do split ...
2026-10-05 08:00:03.357 [job-0] INFO  JobContainer - Job set Channel-Number to 1 channels.
2026-10-05 08:00:03.359 [job-0] INFO  JobContainer - DataX Reader.Job [mysqlreader] splits to [1] tasks.
2026-10-05 08:00:03.359 [job-0] INFO  HdfsWriter$Job - begin do split...
2026-10-05 08:00:03.367 [job-0] INFO  HdfsWriter$Job - splited write file name:[hdfs://192.168.42.101:8020/hive3/warehouse/ods.db/ods_order_detail/dt=2026-10-01__0fd48e05_8189_40ff_9007_50f549575d92/order_detail__8ade12c4_c323_4997_a62f_a3707433ff18]
2026-10-05 08:00:03.368 [job-0] INFO  HdfsWriter$Job - end do split.
2026-10-05 08:00:03.368 [job-0] INFO  JobContainer - DataX Writer.Job [hdfswriter] splits to [1] tasks.
2026-10-05 08:00:03.382 [job-0] INFO  JobContainer - jobContainer starts to do schedule ...
2026-10-05 08:00:03.386 [job-0] INFO  JobContainer - Scheduler starts [1] taskGroups.
2026-10-05 08:00:03.388 [job-0] INFO  JobContainer - Running by standalone Mode.
2026-10-05 08:00:03.398 [taskGroup-0] INFO  TaskGroupContainer - taskGroupId=[0] start [1] channels for [1] tasks.
2026-10-05 08:00:03.402 [taskGroup-0] INFO  Channel - Channel set byte_speed_limit to -1, No bps activated.
2026-10-05 08:00:03.403 [taskGroup-0] INFO  Channel - Channel set record_speed_limit to -1, No tps activated.
2026-10-05 08:00:03.412 [taskGroup-0] INFO  TaskGroupContainer - taskGroup[0] taskId[0] attemptCount[1] is started
2026-10-05 08:00:03.413 [0-0-0-reader] INFO  CommonRdbmsReader$Task - Begin to read record by Sql: [SELECT * FROM order_detail WHERE date(create_time)='2026-10-01' 
] jdbcUrl:[jdbc:mysql://192.168.110.131:3306/cloud_ecommerce?useUnicode=true&characterEncoding=utf-8&yearIsDateType=false&zeroDateTimeBehavior=convertToNull&tinyInt1isBit=false&rewriteBatchedStatements=true].
2026-10-05 08:00:03.430 [0-0-0-writer] INFO  HdfsWriter$Task - begin do write...
2026-10-05 08:00:03.430 [0-0-0-writer] INFO  HdfsWriter$Task - write to file : [hdfs://192.168.42.101:8020/hive3/warehouse/ods.db/ods_order_detail/dt=2026-10-01__0fd48e05_8189_40ff_9007_50f549575d92/order_detail__8ade12c4_c323_4997_a62f_a3707433ff18]
2026-10-05 08:00:05.133 [0-0-0-reader] INFO  CommonRdbmsReader$Task - Finished read record by Sql: [SELECT * FROM order_detail WHERE date(create_time)='2026-10-01' 
] jdbcUrl:[jdbc:mysql://192.168.110.131:3306/cloud_ecommerce?useUnicode=true&characterEncoding=utf-8&yearIsDateType=false&zeroDateTimeBehavior=convertToNull&tinyInt1isBit=false&rewriteBatchedStatements=true].
2026-10-05 08:00:05.142 [0-0-0-writer] INFO  HdfsWriter$Task - end do write
2026-10-05 08:00:05.215 [taskGroup-0] INFO  TaskGroupContainer - taskGroup[0] taskId[0] is successed, used[1808]ms
2026-10-05 08:00:05.215 [taskGroup-0] INFO  TaskGroupContainer - taskGroup[0] completed it's tasks.
2026-10-05 08:00:13.403 [job-0] INFO  StandAloneJobContainerCommunicator - Total 226200 records, 8506482 bytes | Speed 830.71KB/s, 22620 records/s | Error 0 records, 0 bytes |  All Task WaitWriterTime 0.245s |  All Task WaitReaderTime 0.491s | Percentage 100.00%
2026-10-05 08:00:13.403 [job-0] INFO  AbstractScheduler - Scheduler accomplished all tasks.
2026-10-05 08:00:13.403 [job-0] INFO  JobContainer - DataX Writer.Job [hdfswriter] do post work.
2026-10-05 08:00:13.404 [job-0] INFO  HdfsWriter$Job - start rename file [hdfs://192.168.42.101:8020/hive3/warehouse/ods.db/ods_order_detail/dt=2026-10-01__0fd48e05_8189_40ff_9007_50f549575d92/order_detail__8ade12c4_c323_4997_a62f_a3707433ff18] to file [hdfs://192.168.42.101:8020/hive3/warehouse/ods.db/ods_order_detail/dt=2026-10-01/order_detail__8ade12c4_c323_4997_a62f_a3707433ff18].
2026-10-05 08:00:13.408 [job-0] INFO  HdfsWriter$Job - finish rename file [hdfs://192.168.42.101:8020/hive3/warehouse/ods.db/ods_order_detail/dt=2026-10-01__0fd48e05_8189_40ff_9007_50f549575d92/order_detail__8ade12c4_c323_4997_a62f_a3707433ff18] to file [hdfs://192.168.42.101:8020/hive3/warehouse/ods.db/ods_order_detail/dt=2026-10-01/order_detail__8ade12c4_c323_4997_a62f_a3707433ff18].
2026-10-05 08:00:13.408 [job-0] INFO  HdfsWriter$Job - start delete tmp dir [hdfs://192.168.42.101:8020/hive3/warehouse/ods.db/ods_order_detail/dt=2026-10-01__0fd48e05_8189_40ff_9007_50f549575d92] .
2026-10-05 08:00:13.413 [job-0] INFO  HdfsWriter$Job - finish delete tmp dir [hdfs://192.168.42.101:8020/hive3/warehouse/ods.db/ods_order_detail/dt=2026-10-01__0fd48e05_8189_40ff_9007_50f549575d92] .
2026-10-05 08:00:13.414 [job-0] INFO  JobContainer - DataX Reader.Job [mysqlreader] do post work.
2026-10-05 08:00:13.414 [job-0] INFO  JobContainer - DataX jobId [0] completed successfully.
2026-10-05 08:00:13.415 [job-0] INFO  HookInvoker - No hook invoked, because base dir not exists or is a file: /opt/datax/hook
2026-10-05 08:00:13.516 [job-0] INFO  JobContainer - 
	 [total cpu info] => 
		averageCpu                     | maxDeltaCpu                    | minDeltaCpu                    
		-1.00%                         | -1.00%                         | -1.00%
                        

	 [total gc info] => 
		 NAME                 | totalGCCount       | maxDeltaGCCount    | minDeltaGCCount    | totalGCTime        | maxDeltaGCTime     | minDeltaGCTime     
		 PS MarkSweep         | 1                  | 1                  | 1                  | 0.023s             | 0.023s             | 0.023s             
		 PS Scavenge          | 7                  | 7                  | 7                  | 0.035s             | 0.035s             | 0.035s             

2026-10-05 08:00:13.516 [job-0] INFO  JobContainer - PerfTrace not enable!
2026-10-05 08:00:13.516 [job-0] INFO  StandAloneJobContainerCommunicator - Total 226200 records, 8506482 bytes | Speed 830.71KB/s, 22620 records/s | Error 0 records, 0 bytes |  All Task WaitWriterTime 0.245s |  All Task WaitReaderTime 0.491s | Percentage 100.00%
2026-10-05 08:00:13.518 [job-0] INFO  JobContainer - 
任务启动时刻                    : 2026-10-05 08:00:02
任务结束时刻                    : 2026-10-05 08:00:13
任务总计耗时                    :                 11s
任务平均流量                    :          830.71KB/s
记录写入速度                    :          22620rec/s
读出记录总数                    :              226200
读写失败总数                    :                   0

======================datax开始抽取 order_detail的分区2026-10-02==============================

DataX (DATAX-OPENSOURCE-3.0), From Alibaba !
Copyright (C) 2010-2017, Alibaba Group. All Rights Reserved.


2026-10-05 08:00:15.187 [main] INFO  MessageSource - JVM TimeZone: GMT+08:00, Locale: zh_CN
2026-10-05 08:00:15.189 [main] INFO  MessageSource - use Locale: zh_CN timeZone: sun.util.calendar.ZoneInfo[id="GMT+08:00",offset=28800000,dstSavings=0,useDaylight=false,transitions=0,lastRule=null]
2026-10-05 08:00:15.198 [main] INFO  VMInfo - VMInfo# operatingSystem class => sun.management.OperatingSystemImpl
2026-10-05 08:00:15.202 [main] INFO  Engine - the machine info  => 

	osInfo:	Oracle Corporation 1.8 25.212-b10
	jvmInfo:	Linux amd64 5.4.0-216-generic
	cpu num:	4

	totalPhysicalMemory:	-0.00G
	freePhysicalMemory:	-0.00G
	maxFileDescriptorCount:	-1
	currentOpenFileDescriptorCount:	-1

	GC Names	[PS MarkSweep, PS Scavenge]

	MEMORY_NAME                    | allocation_size                | init_size                      
	PS Eden Space                  | 256.00MB                       | 256.00MB                       
	Code Cache                     | 240.00MB                       | 2.44MB                         
	Compressed Class Space         | 1,024.00MB                     | 0.00MB                         
	PS Survivor Space              | 42.50MB                        | 42.50MB                        
	PS Old Gen                     | 683.00MB                       | 683.00MB                       
	Metaspace                      | -0.00MB                        | 0.00MB                         


2026-10-05 08:00:15.215 [main] INFO  Engine - 
{
	"content":[
		{
			"reader":{
				"name":"mysqlreader",
				"parameter":{
					"connection":[
						{
							"jdbcUrl":[
								"jdbc:mysql://192.168.110.131:3306/cloud_ecommerce?useUnicode=true&characterEncoding=utf-8"
							],
							"querySql":[
								"SELECT * FROM order_detail WHERE date(create_time)='2026-10-02' "
							]
						}
					],
					"password":"*******",
					"username":"bigdata"
				}
			},
			"writer":{
				"name":"hdfswriter",
				"parameter":{
					"column":[
						{
							"name":"detail_id",
							"type":"BIGINT"
						},
						{
							"name":"order_id",
							"type":"BIGINT"
						},
						{
							"name":"product_id",
							"type":"BIGINT"
						},
						{
							"name":"product_price",
							"type":"STRING"
						},
						{
							"name":"product_quantity",
							"type":"INT"
						},
						{
							"name":"total_amount",
							"type":"STRING"
						},
						{
							"name":"create_time",
							"type":"STRING"
						}
					],
					"defaultFS":"hdfs://192.168.42.101:8020",
					"fieldDelimiter":"\t",
					"fileName":"order_detail",
					"fileType":"text",
					"path":"/hive3/warehouse/ods.db/ods_order_detail/dt=2026-10-02",
					"writeMode":"truncate"
				}
			}
		}
	],
	"setting":{
		"speed":{
			"channel":1
		}
	}
}

2026-10-05 08:00:15.226 [main] WARN  Engine - prioriy set to 0, because NumberFormatException, the value is: null
2026-10-05 08:00:15.228 [main] INFO  PerfTrace - PerfTrace traceId=job_-1, isEnable=false, priority=0
2026-10-05 08:00:15.228 [main] INFO  JobContainer - DataX jobContainer starts job.
2026-10-05 08:00:15.229 [main] INFO  JobContainer - Set jobId = 0
2026-10-05 08:00:15.619 [job-0] INFO  OriginalConfPretreatmentUtil - Available jdbcUrl:jdbc:mysql://192.168.110.131:3306/cloud_ecommerce?useUnicode=true&characterEncoding=utf-8&yearIsDateType=false&zeroDateTimeBehavior=convertToNull&tinyInt1isBit=false&rewriteBatchedStatements=true.
2026-10-05 08:00:16.215 [job-0] INFO  JobContainer - jobContainer starts to do prepare ...
2026-10-05 08:00:16.215 [job-0] INFO  JobContainer - DataX Reader.Job [mysqlreader] do prepare work .
2026-10-05 08:00:16.215 [job-0] INFO  JobContainer - DataX Writer.Job [hdfswriter] do prepare work .
2026-10-05 08:00:16.263 [job-0] INFO  JobContainer - jobContainer starts to do split ...
2026-10-05 08:00:16.263 [job-0] INFO  JobContainer - Job set Channel-Number to 1 channels.
2026-10-05 08:00:16.266 [job-0] INFO  JobContainer - DataX Reader.Job [mysqlreader] splits to [1] tasks.
2026-10-05 08:00:16.266 [job-0] INFO  HdfsWriter$Job - begin do split...
2026-10-05 08:00:16.269 [job-0] INFO  HdfsWriter$Job - splited write file name:[hdfs://192.168.42.101:8020/hive3/warehouse/ods.db/ods_order_detail/dt=2026-10-02__8ee76259_5fc4_46f7_a2cb_de464bbcde17/order_detail__8b9ad545_7e3e_412b_875a_08933408b863]
2026-10-05 08:00:16.269 [job-0] INFO  HdfsWriter$Job - end do split.
2026-10-05 08:00:16.269 [job-0] INFO  JobContainer - DataX Writer.Job [hdfswriter] splits to [1] tasks.
2026-10-05 08:00:16.279 [job-0] INFO  JobContainer - jobContainer starts to do schedule ...
2026-10-05 08:00:16.281 [job-0] INFO  JobContainer - Scheduler starts [1] taskGroups.
2026-10-05 08:00:16.282 [job-0] INFO  JobContainer - Running by standalone Mode.
2026-10-05 08:00:16.287 [taskGroup-0] INFO  TaskGroupContainer - taskGroupId=[0] start [1] channels for [1] tasks.
2026-10-05 08:00:16.290 [taskGroup-0] INFO  Channel - Channel set byte_speed_limit to -1, No bps activated.
2026-10-05 08:00:16.291 [taskGroup-0] INFO  Channel - Channel set record_speed_limit to -1, No tps activated.
2026-10-05 08:00:16.305 [taskGroup-0] INFO  TaskGroupContainer - taskGroup[0] taskId[0] attemptCount[1] is started
2026-10-05 08:00:16.307 [0-0-0-reader] INFO  CommonRdbmsReader$Task - Begin to read record by Sql: [SELECT * FROM order_detail WHERE date(create_time)='2026-10-02' 
] jdbcUrl:[jdbc:mysql://192.168.110.131:3306/cloud_ecommerce?useUnicode=true&characterEncoding=utf-8&yearIsDateType=false&zeroDateTimeBehavior=convertToNull&tinyInt1isBit=false&rewriteBatchedStatements=true].
2026-10-05 08:00:16.321 [0-0-0-writer] INFO  HdfsWriter$Task - begin do write...
2026-10-05 08:00:16.321 [0-0-0-writer] INFO  HdfsWriter$Task - write to file : [hdfs://192.168.42.101:8020/hive3/warehouse/ods.db/ods_order_detail/dt=2026-10-02__8ee76259_5fc4_46f7_a2cb_de464bbcde17/order_detail__8b9ad545_7e3e_412b_875a_08933408b863]
2026-10-05 08:00:17.897 [0-0-0-reader] INFO  CommonRdbmsReader$Task - Finished read record by Sql: [SELECT * FROM order_detail WHERE date(create_time)='2026-10-02' 
] jdbcUrl:[jdbc:mysql://192.168.110.131:3306/cloud_ecommerce?useUnicode=true&characterEncoding=utf-8&yearIsDateType=false&zeroDateTimeBehavior=convertToNull&tinyInt1isBit=false&rewriteBatchedStatements=true].
2026-10-05 08:00:17.905 [0-0-0-writer] INFO  HdfsWriter$Task - end do write
2026-10-05 08:00:17.908 [taskGroup-0] INFO  TaskGroupContainer - taskGroup[0] taskId[0] is successed, used[1612]ms
2026-10-05 08:00:17.908 [taskGroup-0] INFO  TaskGroupContainer - taskGroup[0] completed it's tasks.
2026-10-05 08:00:26.293 [job-0] INFO  StandAloneJobContainerCommunicator - Total 226989 records, 8537182 bytes | Speed 833.71KB/s, 22698 records/s | Error 0 records, 0 bytes |  All Task WaitWriterTime 0.199s |  All Task WaitReaderTime 0.607s | Percentage 100.00%
2026-10-05 08:00:26.293 [job-0] INFO  AbstractScheduler - Scheduler accomplished all tasks.
2026-10-05 08:00:26.293 [job-0] INFO  JobContainer - DataX Writer.Job [hdfswriter] do post work.
2026-10-05 08:00:26.293 [job-0] INFO  HdfsWriter$Job - start rename file [hdfs://192.168.42.101:8020/hive3/warehouse/ods.db/ods_order_detail/dt=2026-10-02__8ee76259_5fc4_46f7_a2cb_de464bbcde17/order_detail__8b9ad545_7e3e_412b_875a_08933408b863] to file [hdfs://192.168.42.101:8020/hive3/warehouse/ods.db/ods_order_detail/dt=2026-10-02/order_detail__8b9ad545_7e3e_412b_875a_08933408b863].
2026-10-05 08:00:26.298 [job-0] INFO  HdfsWriter$Job - finish rename file [hdfs://192.168.42.101:8020/hive3/warehouse/ods.db/ods_order_detail/dt=2026-10-02__8ee76259_5fc4_46f7_a2cb_de464bbcde17/order_detail__8b9ad545_7e3e_412b_875a_08933408b863] to file [hdfs://192.168.42.101:8020/hive3/warehouse/ods.db/ods_order_detail/dt=2026-10-02/order_detail__8b9ad545_7e3e_412b_875a_08933408b863].
2026-10-05 08:00:26.299 [job-0] INFO  HdfsWriter$Job - start delete tmp dir [hdfs://192.168.42.101:8020/hive3/warehouse/ods.db/ods_order_detail/dt=2026-10-02__8ee76259_5fc4_46f7_a2cb_de464bbcde17] .
2026-10-05 08:00:26.303 [job-0] INFO  HdfsWriter$Job - finish delete tmp dir [hdfs://192.168.42.101:8020/hive3/warehouse/ods.db/ods_order_detail/dt=2026-10-02__8ee76259_5fc4_46f7_a2cb_de464bbcde17] .
2026-10-05 08:00:26.304 [job-0] INFO  JobContainer - DataX Reader.Job [mysqlreader] do post work.
2026-10-05 08:00:26.304 [job-0] INFO  JobContainer - DataX jobId [0] completed successfully.
2026-10-05 08:00:26.304 [job-0] INFO  HookInvoker - No hook invoked, because base dir not exists or is a file: /opt/datax/hook
2026-10-05 08:00:26.406 [job-0] INFO  JobContainer - 
	 [total cpu info] => 
		averageCpu                     | maxDeltaCpu                    | minDeltaCpu                    
		-1.00%                         | -1.00%                         | -1.00%
                        

	 [total gc info] => 
		 NAME                 | totalGCCount       | maxDeltaGCCount    | minDeltaGCCount    | totalGCTime        | maxDeltaGCTime     | minDeltaGCTime     
		 PS MarkSweep         | 1                  | 1                  | 1                  | 0.022s             | 0.022s             | 0.022s             
		 PS Scavenge          | 7                  | 7                  | 7                  | 0.038s             | 0.038s             | 0.038s             

2026-10-05 08:00:26.406 [job-0] INFO  JobContainer - PerfTrace not enable!
2026-10-05 08:00:26.406 [job-0] INFO  StandAloneJobContainerCommunicator - Total 226989 records, 8537182 bytes | Speed 833.71KB/s, 22698 records/s | Error 0 records, 0 bytes |  All Task WaitWriterTime 0.199s |  All Task WaitReaderTime 0.607s | Percentage 100.00%
2026-10-05 08:00:26.407 [job-0] INFO  JobContainer - 
任务启动时刻                    : 2026-10-05 08:00:15
任务结束时刻                    : 2026-10-05 08:00:26
任务总计耗时                    :                 11s
任务平均流量                    :          833.71KB/s
记录写入速度                    :          22698rec/s
读出记录总数                    :              226989
读写失败总数                    :                   0

======================datax开始抽取 order_detail的分区2026-10-03==============================

DataX (DATAX-OPENSOURCE-3.0), From Alibaba !
Copyright (C) 2010-2017, Alibaba Group. All Rights Reserved.


2026-10-05 08:00:28.186 [main] INFO  MessageSource - JVM TimeZone: GMT+08:00, Locale: zh_CN
2026-10-05 08:00:28.187 [main] INFO  MessageSource - use Locale: zh_CN timeZone: sun.util.calendar.ZoneInfo[id="GMT+08:00",offset=28800000,dstSavings=0,useDaylight=false,transitions=0,lastRule=null]
2026-10-05 08:00:28.194 [main] INFO  VMInfo - VMInfo# operatingSystem class => sun.management.OperatingSystemImpl
2026-10-05 08:00:28.197 [main] INFO  Engine - the machine info  => 

	osInfo:	Oracle Corporation 1.8 25.212-b10
	jvmInfo:	Linux amd64 5.4.0-216-generic
	cpu num:	4

	totalPhysicalMemory:	-0.00G
	freePhysicalMemory:	-0.00G
	maxFileDescriptorCount:	-1
	currentOpenFileDescriptorCount:	-1

	GC Names	[PS MarkSweep, PS Scavenge]

	MEMORY_NAME                    | allocation_size                | init_size                      
	PS Eden Space                  | 256.00MB                       | 256.00MB                       
	Code Cache                     | 240.00MB                       | 2.44MB                         
	Compressed Class Space         | 1,024.00MB                     | 0.00MB                         
	PS Survivor Space              | 42.50MB                        | 42.50MB                        
	PS Old Gen                     | 683.00MB                       | 683.00MB                       
	Metaspace                      | -0.00MB                        | 0.00MB                         


2026-10-05 08:00:28.208 [main] INFO  Engine - 
{
	"content":[
		{
			"reader":{
				"name":"mysqlreader",
				"parameter":{
					"connection":[
						{
							"jdbcUrl":[
								"jdbc:mysql://192.168.110.131:3306/cloud_ecommerce?useUnicode=true&characterEncoding=utf-8"
							],
							"querySql":[
								"SELECT * FROM order_detail WHERE date(create_time)='2026-10-03' "
							]
						}
					],
					"password":"*******",
					"username":"bigdata"
				}
			},
			"writer":{
				"name":"hdfswriter",
				"parameter":{
					"column":[
						{
							"name":"detail_id",
							"type":"BIGINT"
						},
						{
							"name":"order_id",
							"type":"BIGINT"
						},
						{
							"name":"product_id",
							"type":"BIGINT"
						},
						{
							"name":"product_price",
							"type":"STRING"
						},
						{
							"name":"product_quantity",
							"type":"INT"
						},
						{
							"name":"total_amount",
							"type":"STRING"
						},
						{
							"name":"create_time",
							"type":"STRING"
						}
					],
					"defaultFS":"hdfs://192.168.42.101:8020",
					"fieldDelimiter":"\t",
					"fileName":"order_detail",
					"fileType":"text",
					"path":"/hive3/warehouse/ods.db/ods_order_detail/dt=2026-10-03",
					"writeMode":"truncate"
				}
			}
		}
	],
	"setting":{
		"speed":{
			"channel":1
		}
	}
}

2026-10-05 08:00:28.217 [main] WARN  Engine - prioriy set to 0, because NumberFormatException, the value is: null
2026-10-05 08:00:28.218 [main] INFO  PerfTrace - PerfTrace traceId=job_-1, isEnable=false, priority=0
2026-10-05 08:00:28.218 [main] INFO  JobContainer - DataX jobContainer starts job.
2026-10-05 08:00:28.219 [main] INFO  JobContainer - Set jobId = 0
2026-10-05 08:00:28.584 [job-0] INFO  OriginalConfPretreatmentUtil - Available jdbcUrl:jdbc:mysql://192.168.110.131:3306/cloud_ecommerce?useUnicode=true&characterEncoding=utf-8&yearIsDateType=false&zeroDateTimeBehavior=convertToNull&tinyInt1isBit=false&rewriteBatchedStatements=true.
2026-10-05 08:00:29.122 [job-0] INFO  JobContainer - jobContainer starts to do prepare ...
2026-10-05 08:00:29.122 [job-0] INFO  JobContainer - DataX Reader.Job [mysqlreader] do prepare work .
2026-10-05 08:00:29.122 [job-0] INFO  JobContainer - DataX Writer.Job [hdfswriter] do prepare work .
2026-10-05 08:00:29.180 [job-0] INFO  JobContainer - jobContainer starts to do split ...
2026-10-05 08:00:29.181 [job-0] INFO  JobContainer - Job set Channel-Number to 1 channels.
2026-10-05 08:00:29.182 [job-0] INFO  JobContainer - DataX Reader.Job [mysqlreader] splits to [1] tasks.
2026-10-05 08:00:29.182 [job-0] INFO  HdfsWriter$Job - begin do split...
2026-10-05 08:00:29.187 [job-0] INFO  HdfsWriter$Job - splited write file name:[hdfs://192.168.42.101:8020/hive3/warehouse/ods.db/ods_order_detail/dt=2026-10-03__43010be5_21a4_4b02_85d6_b506ef051beb/order_detail__80c40140_c47d_4ad2_907c_49c1f04913bd]
2026-10-05 08:00:29.187 [job-0] INFO  HdfsWriter$Job - end do split.
2026-10-05 08:00:29.187 [job-0] INFO  JobContainer - DataX Writer.Job [hdfswriter] splits to [1] tasks.
2026-10-05 08:00:29.198 [job-0] INFO  JobContainer - jobContainer starts to do schedule ...
2026-10-05 08:00:29.200 [job-0] INFO  JobContainer - Scheduler starts [1] taskGroups.
2026-10-05 08:00:29.201 [job-0] INFO  JobContainer - Running by standalone Mode.
2026-10-05 08:00:29.206 [taskGroup-0] INFO  TaskGroupContainer - taskGroupId=[0] start [1] channels for [1] tasks.
2026-10-05 08:00:29.214 [taskGroup-0] INFO  Channel - Channel set byte_speed_limit to -1, No bps activated.
2026-10-05 08:00:29.215 [taskGroup-0] INFO  Channel - Channel set record_speed_limit to -1, No tps activated.
2026-10-05 08:00:29.221 [taskGroup-0] INFO  TaskGroupContainer - taskGroup[0] taskId[0] attemptCount[1] is started
2026-10-05 08:00:29.222 [0-0-0-reader] INFO  CommonRdbmsReader$Task - Begin to read record by Sql: [SELECT * FROM order_detail WHERE date(create_time)='2026-10-03' 
] jdbcUrl:[jdbc:mysql://192.168.110.131:3306/cloud_ecommerce?useUnicode=true&characterEncoding=utf-8&yearIsDateType=false&zeroDateTimeBehavior=convertToNull&tinyInt1isBit=false&rewriteBatchedStatements=true].
2026-10-05 08:00:29.237 [0-0-0-writer] INFO  HdfsWriter$Task - begin do write...
2026-10-05 08:00:29.237 [0-0-0-writer] INFO  HdfsWriter$Task - write to file : [hdfs://192.168.42.101:8020/hive3/warehouse/ods.db/ods_order_detail/dt=2026-10-03__43010be5_21a4_4b02_85d6_b506ef051beb/order_detail__80c40140_c47d_4ad2_907c_49c1f04913bd]
2026-10-05 08:00:30.819 [0-0-0-reader] INFO  CommonRdbmsReader$Task - Finished read record by Sql: [SELECT * FROM order_detail WHERE date(create_time)='2026-10-03' 
] jdbcUrl:[jdbc:mysql://192.168.110.131:3306/cloud_ecommerce?useUnicode=true&characterEncoding=utf-8&yearIsDateType=false&zeroDateTimeBehavior=convertToNull&tinyInt1isBit=false&rewriteBatchedStatements=true].
2026-10-05 08:00:30.830 [0-0-0-writer] INFO  HdfsWriter$Task - end do write
2026-10-05 08:00:30.924 [taskGroup-0] INFO  TaskGroupContainer - taskGroup[0] taskId[0] is successed, used[1705]ms
2026-10-05 08:00:30.924 [taskGroup-0] INFO  TaskGroupContainer - taskGroup[0] completed it's tasks.
2026-10-05 08:00:39.211 [job-0] INFO  StandAloneJobContainerCommunicator - Total 225377 records, 8476278 bytes | Speed 827.76KB/s, 22537 records/s | Error 0 records, 0 bytes |  All Task WaitWriterTime 0.235s |  All Task WaitReaderTime 0.639s | Percentage 100.00%
2026-10-05 08:00:39.211 [job-0] INFO  AbstractScheduler - Scheduler accomplished all tasks.
2026-10-05 08:00:39.212 [job-0] INFO  JobContainer - DataX Writer.Job [hdfswriter] do post work.
2026-10-05 08:00:39.212 [job-0] INFO  HdfsWriter$Job - start rename file [hdfs://192.168.42.101:8020/hive3/warehouse/ods.db/ods_order_detail/dt=2026-10-03__43010be5_21a4_4b02_85d6_b506ef051beb/order_detail__80c40140_c47d_4ad2_907c_49c1f04913bd] to file [hdfs://192.168.42.101:8020/hive3/warehouse/ods.db/ods_order_detail/dt=2026-10-03/order_detail__80c40140_c47d_4ad2_907c_49c1f04913bd].
2026-10-05 08:00:39.216 [job-0] INFO  HdfsWriter$Job - finish rename file [hdfs://192.168.42.101:8020/hive3/warehouse/ods.db/ods_order_detail/dt=2026-10-03__43010be5_21a4_4b02_85d6_b506ef051beb/order_detail__80c40140_c47d_4ad2_907c_49c1f04913bd] to file [hdfs://192.168.42.101:8020/hive3/warehouse/ods.db/ods_order_detail/dt=2026-10-03/order_detail__80c40140_c47d_4ad2_907c_49c1f04913bd].
2026-10-05 08:00:39.216 [job-0] INFO  HdfsWriter$Job - start delete tmp dir [hdfs://192.168.42.101:8020/hive3/warehouse/ods.db/ods_order_detail/dt=2026-10-03__43010be5_21a4_4b02_85d6_b506ef051beb] .
2026-10-05 08:00:39.220 [job-0] INFO  HdfsWriter$Job - finish delete tmp dir [hdfs://192.168.42.101:8020/hive3/warehouse/ods.db/ods_order_detail/dt=2026-10-03__43010be5_21a4_4b02_85d6_b506ef051beb] .
2026-10-05 08:00:39.221 [job-0] INFO  JobContainer - DataX Reader.Job [mysqlreader] do post work.
2026-10-05 08:00:39.221 [job-0] INFO  JobContainer - DataX jobId [0] completed successfully.
2026-10-05 08:00:39.221 [job-0] INFO  HookInvoker - No hook invoked, because base dir not exists or is a file: /opt/datax/hook
2026-10-05 08:00:39.323 [job-0] INFO  JobContainer - 
	 [total cpu info] => 
		averageCpu                     | maxDeltaCpu                    | minDeltaCpu                    
		-1.00%                         | -1.00%                         | -1.00%
                        

	 [total gc info] => 
		 NAME                 | totalGCCount       | maxDeltaGCCount    | minDeltaGCCount    | totalGCTime        | maxDeltaGCTime     | minDeltaGCTime     
		 PS MarkSweep         | 1                  | 1                  | 1                  | 0.020s             | 0.020s             | 0.020s             
		 PS Scavenge          | 7                  | 7                  | 7                  | 0.033s             | 0.033s             | 0.033s             

2026-10-05 08:00:39.323 [job-0] INFO  JobContainer - PerfTrace not enable!
2026-10-05 08:00:39.323 [job-0] INFO  StandAloneJobContainerCommunicator - Total 225377 records, 8476278 bytes | Speed 827.76KB/s, 22537 records/s | Error 0 records, 0 bytes |  All Task WaitWriterTime 0.235s |  All Task WaitReaderTime 0.639s | Percentage 100.00%
2026-10-05 08:00:39.324 [job-0] INFO  JobContainer - 
任务启动时刻                    : 2026-10-05 08:00:28
任务结束时刻                    : 2026-10-05 08:00:39
任务总计耗时                    :                 11s
任务平均流量                    :          827.76KB/s
记录写入速度                    :          22537rec/s
读出记录总数                    :              225377
读写失败总数                    :                   0

======================datax开始抽取 order_detail的分区2026-10-04==============================

DataX (DATAX-OPENSOURCE-3.0), From Alibaba !
Copyright (C) 2010-2017, Alibaba Group. All Rights Reserved.


2026-10-05 08:00:41.099 [main] INFO  MessageSource - JVM TimeZone: GMT+08:00, Locale: zh_CN
2026-10-05 08:00:41.102 [main] INFO  MessageSource - use Locale: zh_CN timeZone: sun.util.calendar.ZoneInfo[id="GMT+08:00",offset=28800000,dstSavings=0,useDaylight=false,transitions=0,lastRule=null]
2026-10-05 08:00:41.112 [main] INFO  VMInfo - VMInfo# operatingSystem class => sun.management.OperatingSystemImpl
2026-10-05 08:00:41.116 [main] INFO  Engine - the machine info  => 

	osInfo:	Oracle Corporation 1.8 25.212-b10
	jvmInfo:	Linux amd64 5.4.0-216-generic
	cpu num:	4

	totalPhysicalMemory:	-0.00G
	freePhysicalMemory:	-0.00G
	maxFileDescriptorCount:	-1
	currentOpenFileDescriptorCount:	-1

	GC Names	[PS MarkSweep, PS Scavenge]

	MEMORY_NAME                    | allocation_size                | init_size                      
	PS Eden Space                  | 256.00MB                       | 256.00MB                       
	Code Cache                     | 240.00MB                       | 2.44MB                         
	Compressed Class Space         | 1,024.00MB                     | 0.00MB                         
	PS Survivor Space              | 42.50MB                        | 42.50MB                        
	PS Old Gen                     | 683.00MB                       | 683.00MB                       
	Metaspace                      | -0.00MB                        | 0.00MB                         


2026-10-05 08:00:41.128 [main] INFO  Engine - 
{
	"content":[
		{
			"reader":{
				"name":"mysqlreader",
				"parameter":{
					"connection":[
						{
							"jdbcUrl":[
								"jdbc:mysql://192.168.110.131:3306/cloud_ecommerce?useUnicode=true&characterEncoding=utf-8"
							],
							"querySql":[
								"SELECT * FROM order_detail WHERE date(create_time)='2026-10-04' "
							]
						}
					],
					"password":"*******",
					"username":"bigdata"
				}
			},
			"writer":{
				"name":"hdfswriter",
				"parameter":{
					"column":[
						{
							"name":"detail_id",
							"type":"BIGINT"
						},
						{
							"name":"order_id",
							"type":"BIGINT"
						},
						{
							"name":"product_id",
							"type":"BIGINT"
						},
						{
							"name":"product_price",
							"type":"STRING"
						},
						{
							"name":"product_quantity",
							"type":"INT"
						},
						{
							"name":"total_amount",
							"type":"STRING"
						},
						{
							"name":"create_time",
							"type":"STRING"
						}
					],
					"defaultFS":"hdfs://192.168.42.101:8020",
					"fieldDelimiter":"\t",
					"fileName":"order_detail",
					"fileType":"text",
					"path":"/hive3/warehouse/ods.db/ods_order_detail/dt=2026-10-04",
					"writeMode":"truncate"
				}
			}
		}
	],
	"setting":{
		"speed":{
			"channel":1
		}
	}
}

2026-10-05 08:00:41.139 [main] WARN  Engine - prioriy set to 0, because NumberFormatException, the value is: null
2026-10-05 08:00:41.140 [main] INFO  PerfTrace - PerfTrace traceId=job_-1, isEnable=false, priority=0
2026-10-05 08:00:41.140 [main] INFO  JobContainer - DataX jobContainer starts job.
2026-10-05 08:00:41.141 [main] INFO  JobContainer - Set jobId = 0
2026-10-05 08:00:41.549 [job-0] INFO  OriginalConfPretreatmentUtil - Available jdbcUrl:jdbc:mysql://192.168.110.131:3306/cloud_ecommerce?useUnicode=true&characterEncoding=utf-8&yearIsDateType=false&zeroDateTimeBehavior=convertToNull&tinyInt1isBit=false&rewriteBatchedStatements=true.
2026-10-05 08:00:42.173 [job-0] INFO  JobContainer - jobContainer starts to do prepare ...
2026-10-05 08:00:42.174 [job-0] INFO  JobContainer - DataX Reader.Job [mysqlreader] do prepare work .
2026-10-05 08:00:42.174 [job-0] INFO  JobContainer - DataX Writer.Job [hdfswriter] do prepare work .
2026-10-05 08:00:42.233 [job-0] INFO  JobContainer - jobContainer starts to do split ...
2026-10-05 08:00:42.233 [job-0] INFO  JobContainer - Job set Channel-Number to 1 channels.
2026-10-05 08:00:42.235 [job-0] INFO  JobContainer - DataX Reader.Job [mysqlreader] splits to [1] tasks.
2026-10-05 08:00:42.236 [job-0] INFO  HdfsWriter$Job - begin do split...
2026-10-05 08:00:42.238 [job-0] INFO  HdfsWriter$Job - splited write file name:[hdfs://192.168.42.101:8020/hive3/warehouse/ods.db/ods_order_detail/dt=2026-10-04__c19a8c8a_9ac1_4dfb_b88d_d042bb21646e/order_detail__1f5c00eb_7b47_43c5_81a8_90d540384734]
2026-10-05 08:00:42.239 [job-0] INFO  HdfsWriter$Job - end do split.
2026-10-05 08:00:42.239 [job-0] INFO  JobContainer - DataX Writer.Job [hdfswriter] splits to [1] tasks.
2026-10-05 08:00:42.252 [job-0] INFO  JobContainer - jobContainer starts to do schedule ...
2026-10-05 08:00:42.254 [job-0] INFO  JobContainer - Scheduler starts [1] taskGroups.
2026-10-05 08:00:42.256 [job-0] INFO  JobContainer - Running by standalone Mode.
2026-10-05 08:00:42.267 [taskGroup-0] INFO  TaskGroupContainer - taskGroupId=[0] start [1] channels for [1] tasks.
2026-10-05 08:00:42.270 [taskGroup-0] INFO  Channel - Channel set byte_speed_limit to -1, No bps activated.
2026-10-05 08:00:42.270 [taskGroup-0] INFO  Channel - Channel set record_speed_limit to -1, No tps activated.
2026-10-05 08:00:42.285 [taskGroup-0] INFO  TaskGroupContainer - taskGroup[0] taskId[0] attemptCount[1] is started
2026-10-05 08:00:42.290 [0-0-0-reader] INFO  CommonRdbmsReader$Task - Begin to read record by Sql: [SELECT * FROM order_detail WHERE date(create_time)='2026-10-04' 
] jdbcUrl:[jdbc:mysql://192.168.110.131:3306/cloud_ecommerce?useUnicode=true&characterEncoding=utf-8&yearIsDateType=false&zeroDateTimeBehavior=convertToNull&tinyInt1isBit=false&rewriteBatchedStatements=true].
2026-10-05 08:00:42.299 [0-0-0-writer] INFO  HdfsWriter$Task - begin do write...
2026-10-05 08:00:42.299 [0-0-0-writer] INFO  HdfsWriter$Task - write to file : [hdfs://192.168.42.101:8020/hive3/warehouse/ods.db/ods_order_detail/dt=2026-10-04__c19a8c8a_9ac1_4dfb_b88d_d042bb21646e/order_detail__1f5c00eb_7b47_43c5_81a8_90d540384734]
2026-10-05 08:00:43.595 [0-0-0-reader] INFO  CommonRdbmsReader$Task - Finished read record by Sql: [SELECT * FROM order_detail WHERE date(create_time)='2026-10-04' 
] jdbcUrl:[jdbc:mysql://192.168.110.131:3306/cloud_ecommerce?useUnicode=true&characterEncoding=utf-8&yearIsDateType=false&zeroDateTimeBehavior=convertToNull&tinyInt1isBit=false&rewriteBatchedStatements=true].
2026-10-05 08:00:43.806 [0-0-0-writer] INFO  HdfsWriter$Task - end do write
2026-10-05 08:00:43.889 [taskGroup-0] INFO  TaskGroupContainer - taskGroup[0] taskId[0] is successed, used[1614]ms
2026-10-05 08:00:43.890 [taskGroup-0] INFO  TaskGroupContainer - taskGroup[0] completed it's tasks.
2026-10-05 08:00:52.269 [job-0] INFO  StandAloneJobContainerCommunicator - Total 0 records, 0 bytes | Speed 0B/s, 0 records/s | Error 0 records, 0 bytes |  All Task WaitWriterTime 0.000s |  All Task WaitReaderTime 0.000s | Percentage 100.00%
2026-10-05 08:00:52.269 [job-0] INFO  AbstractScheduler - Scheduler accomplished all tasks.
2026-10-05 08:00:52.269 [job-0] INFO  JobContainer - DataX Writer.Job [hdfswriter] do post work.
2026-10-05 08:00:52.269 [job-0] INFO  HdfsWriter$Job - start rename file [hdfs://192.168.42.101:8020/hive3/warehouse/ods.db/ods_order_detail/dt=2026-10-04__c19a8c8a_9ac1_4dfb_b88d_d042bb21646e/order_detail__1f5c00eb_7b47_43c5_81a8_90d540384734] to file [hdfs://192.168.42.101:8020/hive3/warehouse/ods.db/ods_order_detail/dt=2026-10-04/order_detail__1f5c00eb_7b47_43c5_81a8_90d540384734].
2026-10-05 08:00:52.272 [job-0] INFO  HdfsWriter$Job - 文件［hdfs://192.168.42.101:8020/hive3/warehouse/ods.db/ods_order_detail/dt=2026-10-04__c19a8c8a_9ac1_4dfb_b88d_d042bb21646e/order_detail__1f5c00eb_7b47_43c5_81a8_90d540384734］内容为空,请检查写入是否正常！
2026-10-05 08:00:52.272 [job-0] INFO  HdfsWriter$Job - start delete tmp dir [hdfs://192.168.42.101:8020/hive3/warehouse/ods.db/ods_order_detail/dt=2026-10-04__c19a8c8a_9ac1_4dfb_b88d_d042bb21646e] .
2026-10-05 08:00:52.309 [job-0] INFO  HdfsWriter$Job - finish delete tmp dir [hdfs://192.168.42.101:8020/hive3/warehouse/ods.db/ods_order_detail/dt=2026-10-04__c19a8c8a_9ac1_4dfb_b88d_d042bb21646e] .
2026-10-05 08:00:52.310 [job-0] INFO  JobContainer - DataX Reader.Job [mysqlreader] do post work.
2026-10-05 08:00:52.311 [job-0] INFO  JobContainer - DataX jobId [0] completed successfully.
2026-10-05 08:00:52.312 [job-0] INFO  HookInvoker - No hook invoked, because base dir not exists or is a file: /opt/datax/hook
2026-10-05 08:00:52.415 [job-0] INFO  JobContainer - 
	 [total cpu info] => 
		averageCpu                     | maxDeltaCpu                    | minDeltaCpu                    
		-1.00%                         | -1.00%                         | -1.00%
                        

	 [total gc info] => 
		 NAME                 | totalGCCount       | maxDeltaGCCount    | minDeltaGCCount    | totalGCTime        | maxDeltaGCTime     | minDeltaGCTime     
		 PS MarkSweep         | 1                  | 1                  | 1                  | 0.022s             | 0.022s             | 0.022s             
		 PS Scavenge          | 1                  | 1                  | 1                  | 0.010s             | 0.010s             | 0.010s             

2026-10-05 08:00:52.415 [job-0] INFO  JobContainer - PerfTrace not enable!
2026-10-05 08:00:52.415 [job-0] INFO  StandAloneJobContainerCommunicator - Total 0 records, 0 bytes | Speed 0B/s, 0 records/s | Error 0 records, 0 bytes |  All Task WaitWriterTime 0.000s |  All Task WaitReaderTime 0.000s | Percentage 100.00%
2026-10-05 08:00:52.416 [job-0] INFO  JobContainer - 
任务启动时刻                    : 2026-10-05 08:00:41
任务结束时刻                    : 2026-10-05 08:00:52
任务总计耗时                    :                 11s
任务平均流量                    :                0B/s
记录写入速度                    :              0rec/s
读出记录总数                    :                   0
读写失败总数                    :                   0

======================修复 order_detail 分区======================
Partitions not in metastore:	ods_order_detail:dt=2026-09-26	ods_order_detail:dt=2026-09-27	ods_order_detail:dt=2026-09-28	ods_order_detail:dt=2026-09-29	ods_order_detail:dt=2026-09-30	ods_order_detail:dt=2026-10-01	ods_order_detail:dt=2026-10-02	ods_order_detail:dt=2026-10-03	ods_order_detail:dt=2026-10-04
Repair: Added partition to metastore ods_order_detail:dt=2026-10-02
Repair: Added partition to metastore ods_order_detail:dt=2026-09-28
Repair: Added partition to metastore ods_order_detail:dt=2026-10-03
Repair: Added partition to metastore ods_order_detail:dt=2026-10-04
Repair: Added partition to metastore ods_order_detail:dt=2026-10-01
Repair: Added partition to metastore ods_order_detail:dt=2026-09-29
Repair: Added partition to metastore ods_order_detail:dt=2026-09-26
Repair: Added partition to metastore ods_order_detail:dt=2026-09-27
Repair: Added partition to metastore ods_order_detail:dt=2026-09-30
======================首次抽取 payment_info==================================
=============业务数据库最小日期：2026-09-26================== 
======================datax开始抽取 payment_info的分区2026-09-26==============================

DataX (DATAX-OPENSOURCE-3.0), From Alibaba !
Copyright (C) 2010-2017, Alibaba Group. All Rights Reserved.


2026-10-05 08:01:10.273 [main] INFO  MessageSource - JVM TimeZone: GMT+08:00, Locale: zh_CN
2026-10-05 08:01:10.274 [main] INFO  MessageSource - use Locale: zh_CN timeZone: sun.util.calendar.ZoneInfo[id="GMT+08:00",offset=28800000,dstSavings=0,useDaylight=false,transitions=0,lastRule=null]
2026-10-05 08:01:10.281 [main] INFO  VMInfo - VMInfo# operatingSystem class => sun.management.OperatingSystemImpl
2026-10-05 08:01:10.285 [main] INFO  Engine - the machine info  => 

	osInfo:	Oracle Corporation 1.8 25.212-b10
	jvmInfo:	Linux amd64 5.4.0-216-generic
	cpu num:	4

	totalPhysicalMemory:	-0.00G
	freePhysicalMemory:	-0.00G
	maxFileDescriptorCount:	-1
	currentOpenFileDescriptorCount:	-1

	GC Names	[PS MarkSweep, PS Scavenge]

	MEMORY_NAME                    | allocation_size                | init_size                      
	PS Eden Space                  | 256.00MB                       | 256.00MB                       
	Code Cache                     | 240.00MB                       | 2.44MB                         
	Compressed Class Space         | 1,024.00MB                     | 0.00MB                         
	PS Survivor Space              | 42.50MB                        | 42.50MB                        
	PS Old Gen                     | 683.00MB                       | 683.00MB                       
	Metaspace                      | -0.00MB                        | 0.00MB                         


2026-10-05 08:01:10.295 [main] INFO  Engine - 
{
	"content":[
		{
			"reader":{
				"name":"mysqlreader",
				"parameter":{
					"connection":[
						{
							"jdbcUrl":[
								"jdbc:mysql://192.168.110.131:3306/cloud_ecommerce?useUnicode=true&characterEncoding=utf-8"
							],
							"querySql":[
								"SELECT * FROM payment_info WHERE date(create_time)='2026-09-26' "
							]
						}
					],
					"password":"*******",
					"username":"bigdata"
				}
			},
			"writer":{
				"name":"hdfswriter",
				"parameter":{
					"column":[
						{
							"name":"pay_id",
							"type":"BIGINT"
						},
						{
							"name":"order_id",
							"type":"BIGINT"
						},
						{
							"name":"pay_amount",
							"type":"STRING"
						},
						{
							"name":"payment_method",
							"type":"STRING"
						},
						{
							"name":"payment_status",
							"type":"TINYINT"
						},
						{
							"name":"transaction_id",
							"type":"STRING"
						},
						{
							"name":"pay_time",
							"type":"STRING"
						},
						{
							"name":"create_time",
							"type":"STRING"
						},
						{
							"name":"update_time",
							"type":"STRING"
						}
					],
					"defaultFS":"hdfs://192.168.42.101:8020",
					"fieldDelimiter":"\t",
					"fileName":"payment_info",
					"fileType":"text",
					"path":"/hive3/warehouse/ods.db/ods_payment_info/dt=2026-09-26",
					"writeMode":"truncate"
				}
			}
		}
	],
	"setting":{
		"speed":{
			"channel":1
		}
	}
}

2026-10-05 08:01:10.305 [main] WARN  Engine - prioriy set to 0, because NumberFormatException, the value is: null
2026-10-05 08:01:10.306 [main] INFO  PerfTrace - PerfTrace traceId=job_-1, isEnable=false, priority=0
2026-10-05 08:01:10.306 [main] INFO  JobContainer - DataX jobContainer starts job.
2026-10-05 08:01:10.307 [main] INFO  JobContainer - Set jobId = 0
2026-10-05 08:01:10.711 [job-0] INFO  OriginalConfPretreatmentUtil - Available jdbcUrl:jdbc:mysql://192.168.110.131:3306/cloud_ecommerce?useUnicode=true&characterEncoding=utf-8&yearIsDateType=false&zeroDateTimeBehavior=convertToNull&tinyInt1isBit=false&rewriteBatchedStatements=true.
2026-10-05 08:01:11.282 [job-0] INFO  JobContainer - jobContainer starts to do prepare ...
2026-10-05 08:01:11.282 [job-0] INFO  JobContainer - DataX Reader.Job [mysqlreader] do prepare work .
2026-10-05 08:01:11.283 [job-0] INFO  JobContainer - DataX Writer.Job [hdfswriter] do prepare work .
2026-10-05 08:01:11.344 [job-0] INFO  JobContainer - jobContainer starts to do split ...
2026-10-05 08:01:11.344 [job-0] INFO  JobContainer - Job set Channel-Number to 1 channels.
2026-10-05 08:01:11.345 [job-0] INFO  JobContainer - DataX Reader.Job [mysqlreader] splits to [1] tasks.
2026-10-05 08:01:11.346 [job-0] INFO  HdfsWriter$Job - begin do split...
2026-10-05 08:01:11.348 [job-0] INFO  HdfsWriter$Job - splited write file name:[hdfs://192.168.42.101:8020/hive3/warehouse/ods.db/ods_payment_info/dt=2026-09-26__985e3d87_0e0e_495e_a93f_f3a65c8016f5/payment_info__b4cf1e7c_c657_4997_a255_287c3a8ef8e5]
2026-10-05 08:01:11.349 [job-0] INFO  HdfsWriter$Job - end do split.
2026-10-05 08:01:11.349 [job-0] INFO  JobContainer - DataX Writer.Job [hdfswriter] splits to [1] tasks.
2026-10-05 08:01:11.360 [job-0] INFO  JobContainer - jobContainer starts to do schedule ...
2026-10-05 08:01:11.362 [job-0] INFO  JobContainer - Scheduler starts [1] taskGroups.
2026-10-05 08:01:11.363 [job-0] INFO  JobContainer - Running by standalone Mode.
2026-10-05 08:01:11.376 [taskGroup-0] INFO  TaskGroupContainer - taskGroupId=[0] start [1] channels for [1] tasks.
2026-10-05 08:01:11.379 [taskGroup-0] INFO  Channel - Channel set byte_speed_limit to -1, No bps activated.
2026-10-05 08:01:11.379 [taskGroup-0] INFO  Channel - Channel set record_speed_limit to -1, No tps activated.
2026-10-05 08:01:11.390 [taskGroup-0] INFO  TaskGroupContainer - taskGroup[0] taskId[0] attemptCount[1] is started
2026-10-05 08:01:11.396 [0-0-0-reader] INFO  CommonRdbmsReader$Task - Begin to read record by Sql: [SELECT * FROM payment_info WHERE date(create_time)='2026-09-26' 
] jdbcUrl:[jdbc:mysql://192.168.110.131:3306/cloud_ecommerce?useUnicode=true&characterEncoding=utf-8&yearIsDateType=false&zeroDateTimeBehavior=convertToNull&tinyInt1isBit=false&rewriteBatchedStatements=true].
2026-10-05 08:01:11.403 [0-0-0-writer] INFO  HdfsWriter$Task - begin do write...
2026-10-05 08:01:11.404 [0-0-0-writer] INFO  HdfsWriter$Task - write to file : [hdfs://192.168.42.101:8020/hive3/warehouse/ods.db/ods_payment_info/dt=2026-09-26__985e3d87_0e0e_495e_a93f_f3a65c8016f5/payment_info__b4cf1e7c_c657_4997_a255_287c3a8ef8e5]
2026-10-05 08:01:12.934 [0-0-0-reader] INFO  CommonRdbmsReader$Task - Finished read record by Sql: [SELECT * FROM payment_info WHERE date(create_time)='2026-09-26' 
] jdbcUrl:[jdbc:mysql://192.168.110.131:3306/cloud_ecommerce?useUnicode=true&characterEncoding=utf-8&yearIsDateType=false&zeroDateTimeBehavior=convertToNull&tinyInt1isBit=false&rewriteBatchedStatements=true].
2026-10-05 08:01:12.943 [0-0-0-writer] INFO  HdfsWriter$Task - end do write
2026-10-05 08:01:12.993 [taskGroup-0] INFO  TaskGroupContainer - taskGroup[0] taskId[0] is successed, used[1609]ms
2026-10-05 08:01:12.993 [taskGroup-0] INFO  TaskGroupContainer - taskGroup[0] completed it's tasks.
2026-10-05 08:01:21.373 [job-0] INFO  StandAloneJobContainerCommunicator - Total 71000 records, 5752597 bytes | Speed 561.78KB/s, 7100 records/s | Error 0 records, 0 bytes |  All Task WaitWriterTime 0.173s |  All Task WaitReaderTime 0.773s | Percentage 100.00%
2026-10-05 08:01:21.373 [job-0] INFO  AbstractScheduler - Scheduler accomplished all tasks.
2026-10-05 08:01:21.373 [job-0] INFO  JobContainer - DataX Writer.Job [hdfswriter] do post work.
2026-10-05 08:01:21.373 [job-0] INFO  HdfsWriter$Job - start rename file [hdfs://192.168.42.101:8020/hive3/warehouse/ods.db/ods_payment_info/dt=2026-09-26__985e3d87_0e0e_495e_a93f_f3a65c8016f5/payment_info__b4cf1e7c_c657_4997_a255_287c3a8ef8e5] to file [hdfs://192.168.42.101:8020/hive3/warehouse/ods.db/ods_payment_info/dt=2026-09-26/payment_info__b4cf1e7c_c657_4997_a255_287c3a8ef8e5].
2026-10-05 08:01:21.378 [job-0] INFO  HdfsWriter$Job - finish rename file [hdfs://192.168.42.101:8020/hive3/warehouse/ods.db/ods_payment_info/dt=2026-09-26__985e3d87_0e0e_495e_a93f_f3a65c8016f5/payment_info__b4cf1e7c_c657_4997_a255_287c3a8ef8e5] to file [hdfs://192.168.42.101:8020/hive3/warehouse/ods.db/ods_payment_info/dt=2026-09-26/payment_info__b4cf1e7c_c657_4997_a255_287c3a8ef8e5].
2026-10-05 08:01:21.378 [job-0] INFO  HdfsWriter$Job - start delete tmp dir [hdfs://192.168.42.101:8020/hive3/warehouse/ods.db/ods_payment_info/dt=2026-09-26__985e3d87_0e0e_495e_a93f_f3a65c8016f5] .
2026-10-05 08:01:21.382 [job-0] INFO  HdfsWriter$Job - finish delete tmp dir [hdfs://192.168.42.101:8020/hive3/warehouse/ods.db/ods_payment_info/dt=2026-09-26__985e3d87_0e0e_495e_a93f_f3a65c8016f5] .
2026-10-05 08:01:21.382 [job-0] INFO  JobContainer - DataX Reader.Job [mysqlreader] do post work.
2026-10-05 08:01:21.383 [job-0] INFO  JobContainer - DataX jobId [0] completed successfully.
2026-10-05 08:01:21.383 [job-0] INFO  HookInvoker - No hook invoked, because base dir not exists or is a file: /opt/datax/hook
2026-10-05 08:01:21.484 [job-0] INFO  JobContainer - 
	 [total cpu info] => 
		averageCpu                     | maxDeltaCpu                    | minDeltaCpu                    
		-1.00%                         | -1.00%                         | -1.00%
                        

	 [total gc info] => 
		 NAME                 | totalGCCount       | maxDeltaGCCount    | minDeltaGCCount    | totalGCTime        | maxDeltaGCTime     | minDeltaGCTime     
		 PS MarkSweep         | 1                  | 1                  | 1                  | 0.020s             | 0.020s             | 0.020s             
		 PS Scavenge          | 4                  | 4                  | 4                  | 0.026s             | 0.026s             | 0.026s             

2026-10-05 08:01:21.484 [job-0] INFO  JobContainer - PerfTrace not enable!
2026-10-05 08:01:21.485 [job-0] INFO  StandAloneJobContainerCommunicator - Total 71000 records, 5752597 bytes | Speed 561.78KB/s, 7100 records/s | Error 0 records, 0 bytes |  All Task WaitWriterTime 0.173s |  All Task WaitReaderTime 0.773s | Percentage 100.00%
2026-10-05 08:01:21.486 [job-0] INFO  JobContainer - 
任务启动时刻                    : 2026-10-05 08:01:10
任务结束时刻                    : 2026-10-05 08:01:21
任务总计耗时                    :                 11s
任务平均流量                    :          561.78KB/s
记录写入速度                    :           7100rec/s
读出记录总数                    :               71000
读写失败总数                    :                   0

======================datax开始抽取 payment_info的分区2026-09-27==============================

DataX (DATAX-OPENSOURCE-3.0), From Alibaba !
Copyright (C) 2010-2017, Alibaba Group. All Rights Reserved.


2026-10-05 08:01:23.038 [main] INFO  MessageSource - JVM TimeZone: GMT+08:00, Locale: zh_CN
2026-10-05 08:01:23.040 [main] INFO  MessageSource - use Locale: zh_CN timeZone: sun.util.calendar.ZoneInfo[id="GMT+08:00",offset=28800000,dstSavings=0,useDaylight=false,transitions=0,lastRule=null]
2026-10-05 08:01:23.047 [main] INFO  VMInfo - VMInfo# operatingSystem class => sun.management.OperatingSystemImpl
2026-10-05 08:01:23.051 [main] INFO  Engine - the machine info  => 

	osInfo:	Oracle Corporation 1.8 25.212-b10
	jvmInfo:	Linux amd64 5.4.0-216-generic
	cpu num:	4

	totalPhysicalMemory:	-0.00G
	freePhysicalMemory:	-0.00G
	maxFileDescriptorCount:	-1
	currentOpenFileDescriptorCount:	-1

	GC Names	[PS MarkSweep, PS Scavenge]

	MEMORY_NAME                    | allocation_size                | init_size                      
	PS Eden Space                  | 256.00MB                       | 256.00MB                       
	Code Cache                     | 240.00MB                       | 2.44MB                         
	Compressed Class Space         | 1,024.00MB                     | 0.00MB                         
	PS Survivor Space              | 42.50MB                        | 42.50MB                        
	PS Old Gen                     | 683.00MB                       | 683.00MB                       
	Metaspace                      | -0.00MB                        | 0.00MB                         


2026-10-05 08:01:23.064 [main] INFO  Engine - 
{
	"content":[
		{
			"reader":{
				"name":"mysqlreader",
				"parameter":{
					"connection":[
						{
							"jdbcUrl":[
								"jdbc:mysql://192.168.110.131:3306/cloud_ecommerce?useUnicode=true&characterEncoding=utf-8"
							],
							"querySql":[
								"SELECT * FROM payment_info WHERE date(create_time)='2026-09-27' "
							]
						}
					],
					"password":"*******",
					"username":"bigdata"
				}
			},
			"writer":{
				"name":"hdfswriter",
				"parameter":{
					"column":[
						{
							"name":"pay_id",
							"type":"BIGINT"
						},
						{
							"name":"order_id",
							"type":"BIGINT"
						},
						{
							"name":"pay_amount",
							"type":"STRING"
						},
						{
							"name":"payment_method",
							"type":"STRING"
						},
						{
							"name":"payment_status",
							"type":"TINYINT"
						},
						{
							"name":"transaction_id",
							"type":"STRING"
						},
						{
							"name":"pay_time",
							"type":"STRING"
						},
						{
							"name":"create_time",
							"type":"STRING"
						},
						{
							"name":"update_time",
							"type":"STRING"
						}
					],
					"defaultFS":"hdfs://192.168.42.101:8020",
					"fieldDelimiter":"\t",
					"fileName":"payment_info",
					"fileType":"text",
					"path":"/hive3/warehouse/ods.db/ods_payment_info/dt=2026-09-27",
					"writeMode":"truncate"
				}
			}
		}
	],
	"setting":{
		"speed":{
			"channel":1
		}
	}
}

2026-10-05 08:01:23.075 [main] WARN  Engine - prioriy set to 0, because NumberFormatException, the value is: null
2026-10-05 08:01:23.076 [main] INFO  PerfTrace - PerfTrace traceId=job_-1, isEnable=false, priority=0
2026-10-05 08:01:23.077 [main] INFO  JobContainer - DataX jobContainer starts job.
2026-10-05 08:01:23.078 [main] INFO  JobContainer - Set jobId = 0
2026-10-05 08:01:23.466 [job-0] INFO  OriginalConfPretreatmentUtil - Available jdbcUrl:jdbc:mysql://192.168.110.131:3306/cloud_ecommerce?useUnicode=true&characterEncoding=utf-8&yearIsDateType=false&zeroDateTimeBehavior=convertToNull&tinyInt1isBit=false&rewriteBatchedStatements=true.
2026-10-05 08:01:23.996 [job-0] INFO  JobContainer - jobContainer starts to do prepare ...
2026-10-05 08:01:23.997 [job-0] INFO  JobContainer - DataX Reader.Job [mysqlreader] do prepare work .
2026-10-05 08:01:23.997 [job-0] INFO  JobContainer - DataX Writer.Job [hdfswriter] do prepare work .
2026-10-05 08:01:24.058 [job-0] INFO  JobContainer - jobContainer starts to do split ...
2026-10-05 08:01:24.059 [job-0] INFO  JobContainer - Job set Channel-Number to 1 channels.
2026-10-05 08:01:24.061 [job-0] INFO  JobContainer - DataX Reader.Job [mysqlreader] splits to [1] tasks.
2026-10-05 08:01:24.061 [job-0] INFO  HdfsWriter$Job - begin do split...
2026-10-05 08:01:24.067 [job-0] INFO  HdfsWriter$Job - splited write file name:[hdfs://192.168.42.101:8020/hive3/warehouse/ods.db/ods_payment_info/dt=2026-09-27__2179a659_f794_4437_b703_0045937ca6c3/payment_info__c8cfad24_074a_49ad_a1c2_cdbadd450bcf]
2026-10-05 08:01:24.067 [job-0] INFO  HdfsWriter$Job - end do split.
2026-10-05 08:01:24.067 [job-0] INFO  JobContainer - DataX Writer.Job [hdfswriter] splits to [1] tasks.
2026-10-05 08:01:24.080 [job-0] INFO  JobContainer - jobContainer starts to do schedule ...
2026-10-05 08:01:24.084 [job-0] INFO  JobContainer - Scheduler starts [1] taskGroups.
2026-10-05 08:01:24.085 [job-0] INFO  JobContainer - Running by standalone Mode.
2026-10-05 08:01:24.102 [taskGroup-0] INFO  TaskGroupContainer - taskGroupId=[0] start [1] channels for [1] tasks.
2026-10-05 08:01:24.106 [taskGroup-0] INFO  Channel - Channel set byte_speed_limit to -1, No bps activated.
2026-10-05 08:01:24.106 [taskGroup-0] INFO  Channel - Channel set record_speed_limit to -1, No tps activated.
2026-10-05 08:01:24.113 [taskGroup-0] INFO  TaskGroupContainer - taskGroup[0] taskId[0] attemptCount[1] is started
2026-10-05 08:01:24.115 [0-0-0-reader] INFO  CommonRdbmsReader$Task - Begin to read record by Sql: [SELECT * FROM payment_info WHERE date(create_time)='2026-09-27' 
] jdbcUrl:[jdbc:mysql://192.168.110.131:3306/cloud_ecommerce?useUnicode=true&characterEncoding=utf-8&yearIsDateType=false&zeroDateTimeBehavior=convertToNull&tinyInt1isBit=false&rewriteBatchedStatements=true].
2026-10-05 08:01:24.128 [0-0-0-writer] INFO  HdfsWriter$Task - begin do write...
2026-10-05 08:01:24.128 [0-0-0-writer] INFO  HdfsWriter$Task - write to file : [hdfs://192.168.42.101:8020/hive3/warehouse/ods.db/ods_payment_info/dt=2026-09-27__2179a659_f794_4437_b703_0045937ca6c3/payment_info__c8cfad24_074a_49ad_a1c2_cdbadd450bcf]
2026-10-05 08:01:24.935 [0-0-0-reader] INFO  CommonRdbmsReader$Task - Finished read record by Sql: [SELECT * FROM payment_info WHERE date(create_time)='2026-09-27' 
] jdbcUrl:[jdbc:mysql://192.168.110.131:3306/cloud_ecommerce?useUnicode=true&characterEncoding=utf-8&yearIsDateType=false&zeroDateTimeBehavior=convertToNull&tinyInt1isBit=false&rewriteBatchedStatements=true].
2026-10-05 08:01:24.945 [0-0-0-writer] INFO  HdfsWriter$Task - end do write
2026-10-05 08:01:25.014 [taskGroup-0] INFO  TaskGroupContainer - taskGroup[0] taskId[0] is successed, used[902]ms
2026-10-05 08:01:25.014 [taskGroup-0] INFO  TaskGroupContainer - taskGroup[0] completed it's tasks.
2026-10-05 08:01:34.097 [job-0] INFO  StandAloneJobContainerCommunicator - Total 70560 records, 5718176 bytes | Speed 558.42KB/s, 7056 records/s | Error 0 records, 0 bytes |  All Task WaitWriterTime 0.113s |  All Task WaitReaderTime 0.117s | Percentage 100.00%
2026-10-05 08:01:34.097 [job-0] INFO  AbstractScheduler - Scheduler accomplished all tasks.
2026-10-05 08:01:34.097 [job-0] INFO  JobContainer - DataX Writer.Job [hdfswriter] do post work.
2026-10-05 08:01:34.097 [job-0] INFO  HdfsWriter$Job - start rename file [hdfs://192.168.42.101:8020/hive3/warehouse/ods.db/ods_payment_info/dt=2026-09-27__2179a659_f794_4437_b703_0045937ca6c3/payment_info__c8cfad24_074a_49ad_a1c2_cdbadd450bcf] to file [hdfs://192.168.42.101:8020/hive3/warehouse/ods.db/ods_payment_info/dt=2026-09-27/payment_info__c8cfad24_074a_49ad_a1c2_cdbadd450bcf].
2026-10-05 08:01:34.101 [job-0] INFO  HdfsWriter$Job - finish rename file [hdfs://192.168.42.101:8020/hive3/warehouse/ods.db/ods_payment_info/dt=2026-09-27__2179a659_f794_4437_b703_0045937ca6c3/payment_info__c8cfad24_074a_49ad_a1c2_cdbadd450bcf] to file [hdfs://192.168.42.101:8020/hive3/warehouse/ods.db/ods_payment_info/dt=2026-09-27/payment_info__c8cfad24_074a_49ad_a1c2_cdbadd450bcf].
2026-10-05 08:01:34.101 [job-0] INFO  HdfsWriter$Job - start delete tmp dir [hdfs://192.168.42.101:8020/hive3/warehouse/ods.db/ods_payment_info/dt=2026-09-27__2179a659_f794_4437_b703_0045937ca6c3] .
2026-10-05 08:01:34.104 [job-0] INFO  HdfsWriter$Job - finish delete tmp dir [hdfs://192.168.42.101:8020/hive3/warehouse/ods.db/ods_payment_info/dt=2026-09-27__2179a659_f794_4437_b703_0045937ca6c3] .
2026-10-05 08:01:34.105 [job-0] INFO  JobContainer - DataX Reader.Job [mysqlreader] do post work.
2026-10-05 08:01:34.105 [job-0] INFO  JobContainer - DataX jobId [0] completed successfully.
2026-10-05 08:01:34.105 [job-0] INFO  HookInvoker - No hook invoked, because base dir not exists or is a file: /opt/datax/hook
2026-10-05 08:01:34.206 [job-0] INFO  JobContainer - 
	 [total cpu info] => 
		averageCpu                     | maxDeltaCpu                    | minDeltaCpu                    
		-1.00%                         | -1.00%                         | -1.00%
                        

	 [total gc info] => 
		 NAME                 | totalGCCount       | maxDeltaGCCount    | minDeltaGCCount    | totalGCTime        | maxDeltaGCTime     | minDeltaGCTime     
		 PS MarkSweep         | 1                  | 1                  | 1                  | 0.019s             | 0.019s             | 0.019s             
		 PS Scavenge          | 4                  | 4                  | 4                  | 0.024s             | 0.024s             | 0.024s             

2026-10-05 08:01:34.206 [job-0] INFO  JobContainer - PerfTrace not enable!
2026-10-05 08:01:34.207 [job-0] INFO  StandAloneJobContainerCommunicator - Total 70560 records, 5718176 bytes | Speed 558.42KB/s, 7056 records/s | Error 0 records, 0 bytes |  All Task WaitWriterTime 0.113s |  All Task WaitReaderTime 0.117s | Percentage 100.00%
2026-10-05 08:01:34.208 [job-0] INFO  JobContainer - 
任务启动时刻                    : 2026-10-05 08:01:23
任务结束时刻                    : 2026-10-05 08:01:34
任务总计耗时                    :                 11s
任务平均流量                    :          558.42KB/s
记录写入速度                    :           7056rec/s
读出记录总数                    :               70560
读写失败总数                    :                   0

======================datax开始抽取 payment_info的分区2026-09-28==============================

DataX (DATAX-OPENSOURCE-3.0), From Alibaba !
Copyright (C) 2010-2017, Alibaba Group. All Rights Reserved.


2026-10-05 08:01:35.721 [main] INFO  MessageSource - JVM TimeZone: GMT+08:00, Locale: zh_CN
2026-10-05 08:01:35.722 [main] INFO  MessageSource - use Locale: zh_CN timeZone: sun.util.calendar.ZoneInfo[id="GMT+08:00",offset=28800000,dstSavings=0,useDaylight=false,transitions=0,lastRule=null]
2026-10-05 08:01:35.729 [main] INFO  VMInfo - VMInfo# operatingSystem class => sun.management.OperatingSystemImpl
2026-10-05 08:01:35.732 [main] INFO  Engine - the machine info  => 

	osInfo:	Oracle Corporation 1.8 25.212-b10
	jvmInfo:	Linux amd64 5.4.0-216-generic
	cpu num:	4

	totalPhysicalMemory:	-0.00G
	freePhysicalMemory:	-0.00G
	maxFileDescriptorCount:	-1
	currentOpenFileDescriptorCount:	-1

	GC Names	[PS MarkSweep, PS Scavenge]

	MEMORY_NAME                    | allocation_size                | init_size                      
	PS Eden Space                  | 256.00MB                       | 256.00MB                       
	Code Cache                     | 240.00MB                       | 2.44MB                         
	Compressed Class Space         | 1,024.00MB                     | 0.00MB                         
	PS Survivor Space              | 42.50MB                        | 42.50MB                        
	PS Old Gen                     | 683.00MB                       | 683.00MB                       
	Metaspace                      | -0.00MB                        | 0.00MB                         


2026-10-05 08:01:35.742 [main] INFO  Engine - 
{
	"content":[
		{
			"reader":{
				"name":"mysqlreader",
				"parameter":{
					"connection":[
						{
							"jdbcUrl":[
								"jdbc:mysql://192.168.110.131:3306/cloud_ecommerce?useUnicode=true&characterEncoding=utf-8"
							],
							"querySql":[
								"SELECT * FROM payment_info WHERE date(create_time)='2026-09-28' "
							]
						}
					],
					"password":"*******",
					"username":"bigdata"
				}
			},
			"writer":{
				"name":"hdfswriter",
				"parameter":{
					"column":[
						{
							"name":"pay_id",
							"type":"BIGINT"
						},
						{
							"name":"order_id",
							"type":"BIGINT"
						},
						{
							"name":"pay_amount",
							"type":"STRING"
						},
						{
							"name":"payment_method",
							"type":"STRING"
						},
						{
							"name":"payment_status",
							"type":"TINYINT"
						},
						{
							"name":"transaction_id",
							"type":"STRING"
						},
						{
							"name":"pay_time",
							"type":"STRING"
						},
						{
							"name":"create_time",
							"type":"STRING"
						},
						{
							"name":"update_time",
							"type":"STRING"
						}
					],
					"defaultFS":"hdfs://192.168.42.101:8020",
					"fieldDelimiter":"\t",
					"fileName":"payment_info",
					"fileType":"text",
					"path":"/hive3/warehouse/ods.db/ods_payment_info/dt=2026-09-28",
					"writeMode":"truncate"
				}
			}
		}
	],
	"setting":{
		"speed":{
			"channel":1
		}
	}
}

2026-10-05 08:01:35.751 [main] WARN  Engine - prioriy set to 0, because NumberFormatException, the value is: null
2026-10-05 08:01:35.752 [main] INFO  PerfTrace - PerfTrace traceId=job_-1, isEnable=false, priority=0
2026-10-05 08:01:35.752 [main] INFO  JobContainer - DataX jobContainer starts job.
2026-10-05 08:01:35.753 [main] INFO  JobContainer - Set jobId = 0
2026-10-05 08:01:36.114 [job-0] INFO  OriginalConfPretreatmentUtil - Available jdbcUrl:jdbc:mysql://192.168.110.131:3306/cloud_ecommerce?useUnicode=true&characterEncoding=utf-8&yearIsDateType=false&zeroDateTimeBehavior=convertToNull&tinyInt1isBit=false&rewriteBatchedStatements=true.
2026-10-05 08:01:36.630 [job-0] INFO  JobContainer - jobContainer starts to do prepare ...
2026-10-05 08:01:36.630 [job-0] INFO  JobContainer - DataX Reader.Job [mysqlreader] do prepare work .
2026-10-05 08:01:36.631 [job-0] INFO  JobContainer - DataX Writer.Job [hdfswriter] do prepare work .
2026-10-05 08:01:36.683 [job-0] INFO  JobContainer - jobContainer starts to do split ...
2026-10-05 08:01:36.683 [job-0] INFO  JobContainer - Job set Channel-Number to 1 channels.
2026-10-05 08:01:36.684 [job-0] INFO  JobContainer - DataX Reader.Job [mysqlreader] splits to [1] tasks.
2026-10-05 08:01:36.685 [job-0] INFO  HdfsWriter$Job - begin do split...
2026-10-05 08:01:36.688 [job-0] INFO  HdfsWriter$Job - splited write file name:[hdfs://192.168.42.101:8020/hive3/warehouse/ods.db/ods_payment_info/dt=2026-09-28__9ef30e53_240c_40ee_a464_ed9445992b03/payment_info__25341ca7_7e5d_488c_b84d_9eb3f4fd5580]
2026-10-05 08:01:36.688 [job-0] INFO  HdfsWriter$Job - end do split.
2026-10-05 08:01:36.688 [job-0] INFO  JobContainer - DataX Writer.Job [hdfswriter] splits to [1] tasks.
2026-10-05 08:01:36.697 [job-0] INFO  JobContainer - jobContainer starts to do schedule ...
2026-10-05 08:01:36.700 [job-0] INFO  JobContainer - Scheduler starts [1] taskGroups.
2026-10-05 08:01:36.701 [job-0] INFO  JobContainer - Running by standalone Mode.
2026-10-05 08:01:36.707 [taskGroup-0] INFO  TaskGroupContainer - taskGroupId=[0] start [1] channels for [1] tasks.
2026-10-05 08:01:36.710 [taskGroup-0] INFO  Channel - Channel set byte_speed_limit to -1, No bps activated.
2026-10-05 08:01:36.710 [taskGroup-0] INFO  Channel - Channel set record_speed_limit to -1, No tps activated.
2026-10-05 08:01:36.721 [taskGroup-0] INFO  TaskGroupContainer - taskGroup[0] taskId[0] attemptCount[1] is started
2026-10-05 08:01:36.722 [0-0-0-reader] INFO  CommonRdbmsReader$Task - Begin to read record by Sql: [SELECT * FROM payment_info WHERE date(create_time)='2026-09-28' 
] jdbcUrl:[jdbc:mysql://192.168.110.131:3306/cloud_ecommerce?useUnicode=true&characterEncoding=utf-8&yearIsDateType=false&zeroDateTimeBehavior=convertToNull&tinyInt1isBit=false&rewriteBatchedStatements=true].
2026-10-05 08:01:36.731 [0-0-0-writer] INFO  HdfsWriter$Task - begin do write...
2026-10-05 08:01:36.731 [0-0-0-writer] INFO  HdfsWriter$Task - write to file : [hdfs://192.168.42.101:8020/hive3/warehouse/ods.db/ods_payment_info/dt=2026-09-28__9ef30e53_240c_40ee_a464_ed9445992b03/payment_info__25341ca7_7e5d_488c_b84d_9eb3f4fd5580]
2026-10-05 08:01:37.561 [0-0-0-reader] INFO  CommonRdbmsReader$Task - Finished read record by Sql: [SELECT * FROM payment_info WHERE date(create_time)='2026-09-28' 
] jdbcUrl:[jdbc:mysql://192.168.110.131:3306/cloud_ecommerce?useUnicode=true&characterEncoding=utf-8&yearIsDateType=false&zeroDateTimeBehavior=convertToNull&tinyInt1isBit=false&rewriteBatchedStatements=true].
2026-10-05 08:01:37.570 [0-0-0-writer] INFO  HdfsWriter$Task - end do write
2026-10-05 08:01:37.623 [taskGroup-0] INFO  TaskGroupContainer - taskGroup[0] taskId[0] is successed, used[908]ms
2026-10-05 08:01:37.623 [taskGroup-0] INFO  TaskGroupContainer - taskGroup[0] completed it's tasks.
2026-10-05 08:01:46.711 [job-0] INFO  StandAloneJobContainerCommunicator - Total 70835 records, 5739796 bytes | Speed 560.53KB/s, 7083 records/s | Error 0 records, 0 bytes |  All Task WaitWriterTime 0.143s |  All Task WaitReaderTime 0.144s | Percentage 100.00%
2026-10-05 08:01:46.711 [job-0] INFO  AbstractScheduler - Scheduler accomplished all tasks.
2026-10-05 08:01:46.712 [job-0] INFO  JobContainer - DataX Writer.Job [hdfswriter] do post work.
2026-10-05 08:01:46.712 [job-0] INFO  HdfsWriter$Job - start rename file [hdfs://192.168.42.101:8020/hive3/warehouse/ods.db/ods_payment_info/dt=2026-09-28__9ef30e53_240c_40ee_a464_ed9445992b03/payment_info__25341ca7_7e5d_488c_b84d_9eb3f4fd5580] to file [hdfs://192.168.42.101:8020/hive3/warehouse/ods.db/ods_payment_info/dt=2026-09-28/payment_info__25341ca7_7e5d_488c_b84d_9eb3f4fd5580].
2026-10-05 08:01:46.716 [job-0] INFO  HdfsWriter$Job - finish rename file [hdfs://192.168.42.101:8020/hive3/warehouse/ods.db/ods_payment_info/dt=2026-09-28__9ef30e53_240c_40ee_a464_ed9445992b03/payment_info__25341ca7_7e5d_488c_b84d_9eb3f4fd5580] to file [hdfs://192.168.42.101:8020/hive3/warehouse/ods.db/ods_payment_info/dt=2026-09-28/payment_info__25341ca7_7e5d_488c_b84d_9eb3f4fd5580].
2026-10-05 08:01:46.716 [job-0] INFO  HdfsWriter$Job - start delete tmp dir [hdfs://192.168.42.101:8020/hive3/warehouse/ods.db/ods_payment_info/dt=2026-09-28__9ef30e53_240c_40ee_a464_ed9445992b03] .
2026-10-05 08:01:46.720 [job-0] INFO  HdfsWriter$Job - finish delete tmp dir [hdfs://192.168.42.101:8020/hive3/warehouse/ods.db/ods_payment_info/dt=2026-09-28__9ef30e53_240c_40ee_a464_ed9445992b03] .
2026-10-05 08:01:46.721 [job-0] INFO  JobContainer - DataX Reader.Job [mysqlreader] do post work.
2026-10-05 08:01:46.721 [job-0] INFO  JobContainer - DataX jobId [0] completed successfully.
2026-10-05 08:01:46.721 [job-0] INFO  HookInvoker - No hook invoked, because base dir not exists or is a file: /opt/datax/hook
2026-10-05 08:01:46.823 [job-0] INFO  JobContainer - 
	 [total cpu info] => 
		averageCpu                     | maxDeltaCpu                    | minDeltaCpu                    
		-1.00%                         | -1.00%                         | -1.00%
                        

	 [total gc info] => 
		 NAME                 | totalGCCount       | maxDeltaGCCount    | minDeltaGCCount    | totalGCTime        | maxDeltaGCTime     | minDeltaGCTime     
		 PS MarkSweep         | 1                  | 1                  | 1                  | 0.020s             | 0.020s             | 0.020s             
		 PS Scavenge          | 4                  | 4                  | 4                  | 0.023s             | 0.023s             | 0.023s             

2026-10-05 08:01:46.823 [job-0] INFO  JobContainer - PerfTrace not enable!
2026-10-05 08:01:46.823 [job-0] INFO  StandAloneJobContainerCommunicator - Total 70835 records, 5739796 bytes | Speed 560.53KB/s, 7083 records/s | Error 0 records, 0 bytes |  All Task WaitWriterTime 0.143s |  All Task WaitReaderTime 0.144s | Percentage 100.00%
2026-10-05 08:01:46.825 [job-0] INFO  JobContainer - 
任务启动时刻                    : 2026-10-05 08:01:35
任务结束时刻                    : 2026-10-05 08:01:46
任务总计耗时                    :                 11s
任务平均流量                    :          560.53KB/s
记录写入速度                    :           7083rec/s
读出记录总数                    :               70835
读写失败总数                    :                   0

======================datax开始抽取 payment_info的分区2026-09-29==============================

DataX (DATAX-OPENSOURCE-3.0), From Alibaba !
Copyright (C) 2010-2017, Alibaba Group. All Rights Reserved.


2026-10-05 08:01:48.515 [main] INFO  MessageSource - JVM TimeZone: GMT+08:00, Locale: zh_CN
2026-10-05 08:01:48.516 [main] INFO  MessageSource - use Locale: zh_CN timeZone: sun.util.calendar.ZoneInfo[id="GMT+08:00",offset=28800000,dstSavings=0,useDaylight=false,transitions=0,lastRule=null]
2026-10-05 08:01:48.524 [main] INFO  VMInfo - VMInfo# operatingSystem class => sun.management.OperatingSystemImpl
2026-10-05 08:01:48.527 [main] INFO  Engine - the machine info  => 

	osInfo:	Oracle Corporation 1.8 25.212-b10
	jvmInfo:	Linux amd64 5.4.0-216-generic
	cpu num:	4

	totalPhysicalMemory:	-0.00G
	freePhysicalMemory:	-0.00G
	maxFileDescriptorCount:	-1
	currentOpenFileDescriptorCount:	-1

	GC Names	[PS MarkSweep, PS Scavenge]

	MEMORY_NAME                    | allocation_size                | init_size                      
	PS Eden Space                  | 256.00MB                       | 256.00MB                       
	Code Cache                     | 240.00MB                       | 2.44MB                         
	Compressed Class Space         | 1,024.00MB                     | 0.00MB                         
	PS Survivor Space              | 42.50MB                        | 42.50MB                        
	PS Old Gen                     | 683.00MB                       | 683.00MB                       
	Metaspace                      | -0.00MB                        | 0.00MB                         


2026-10-05 08:01:48.540 [main] INFO  Engine - 
{
	"content":[
		{
			"reader":{
				"name":"mysqlreader",
				"parameter":{
					"connection":[
						{
							"jdbcUrl":[
								"jdbc:mysql://192.168.110.131:3306/cloud_ecommerce?useUnicode=true&characterEncoding=utf-8"
							],
							"querySql":[
								"SELECT * FROM payment_info WHERE date(create_time)='2026-09-29' "
							]
						}
					],
					"password":"*******",
					"username":"bigdata"
				}
			},
			"writer":{
				"name":"hdfswriter",
				"parameter":{
					"column":[
						{
							"name":"pay_id",
							"type":"BIGINT"
						},
						{
							"name":"order_id",
							"type":"BIGINT"
						},
						{
							"name":"pay_amount",
							"type":"STRING"
						},
						{
							"name":"payment_method",
							"type":"STRING"
						},
						{
							"name":"payment_status",
							"type":"TINYINT"
						},
						{
							"name":"transaction_id",
							"type":"STRING"
						},
						{
							"name":"pay_time",
							"type":"STRING"
						},
						{
							"name":"create_time",
							"type":"STRING"
						},
						{
							"name":"update_time",
							"type":"STRING"
						}
					],
					"defaultFS":"hdfs://192.168.42.101:8020",
					"fieldDelimiter":"\t",
					"fileName":"payment_info",
					"fileType":"text",
					"path":"/hive3/warehouse/ods.db/ods_payment_info/dt=2026-09-29",
					"writeMode":"truncate"
				}
			}
		}
	],
	"setting":{
		"speed":{
			"channel":1
		}
	}
}

2026-10-05 08:01:48.551 [main] WARN  Engine - prioriy set to 0, because NumberFormatException, the value is: null
2026-10-05 08:01:48.552 [main] INFO  PerfTrace - PerfTrace traceId=job_-1, isEnable=false, priority=0
2026-10-05 08:01:48.552 [main] INFO  JobContainer - DataX jobContainer starts job.
2026-10-05 08:01:48.553 [main] INFO  JobContainer - Set jobId = 0
2026-10-05 08:01:48.927 [job-0] INFO  OriginalConfPretreatmentUtil - Available jdbcUrl:jdbc:mysql://192.168.110.131:3306/cloud_ecommerce?useUnicode=true&characterEncoding=utf-8&yearIsDateType=false&zeroDateTimeBehavior=convertToNull&tinyInt1isBit=false&rewriteBatchedStatements=true.
2026-10-05 08:01:49.485 [job-0] INFO  JobContainer - jobContainer starts to do prepare ...
2026-10-05 08:01:49.485 [job-0] INFO  JobContainer - DataX Reader.Job [mysqlreader] do prepare work .
2026-10-05 08:01:49.485 [job-0] INFO  JobContainer - DataX Writer.Job [hdfswriter] do prepare work .
2026-10-05 08:01:49.538 [job-0] INFO  JobContainer - jobContainer starts to do split ...
2026-10-05 08:01:49.538 [job-0] INFO  JobContainer - Job set Channel-Number to 1 channels.
2026-10-05 08:01:49.539 [job-0] INFO  JobContainer - DataX Reader.Job [mysqlreader] splits to [1] tasks.
2026-10-05 08:01:49.539 [job-0] INFO  HdfsWriter$Job - begin do split...
2026-10-05 08:01:49.543 [job-0] INFO  HdfsWriter$Job - splited write file name:[hdfs://192.168.42.101:8020/hive3/warehouse/ods.db/ods_payment_info/dt=2026-09-29__d2bb810b_33dc_4d98_a411_9911c78f6f5f/payment_info__57b987eb_bcc5_43aa_9f74_ac149e39ae6b]
2026-10-05 08:01:49.543 [job-0] INFO  HdfsWriter$Job - end do split.
2026-10-05 08:01:49.543 [job-0] INFO  JobContainer - DataX Writer.Job [hdfswriter] splits to [1] tasks.
2026-10-05 08:01:49.553 [job-0] INFO  JobContainer - jobContainer starts to do schedule ...
2026-10-05 08:01:49.555 [job-0] INFO  JobContainer - Scheduler starts [1] taskGroups.
2026-10-05 08:01:49.556 [job-0] INFO  JobContainer - Running by standalone Mode.
2026-10-05 08:01:49.566 [taskGroup-0] INFO  TaskGroupContainer - taskGroupId=[0] start [1] channels for [1] tasks.
2026-10-05 08:01:49.568 [taskGroup-0] INFO  Channel - Channel set byte_speed_limit to -1, No bps activated.
2026-10-05 08:01:49.568 [taskGroup-0] INFO  Channel - Channel set record_speed_limit to -1, No tps activated.
2026-10-05 08:01:49.574 [taskGroup-0] INFO  TaskGroupContainer - taskGroup[0] taskId[0] attemptCount[1] is started
2026-10-05 08:01:49.576 [0-0-0-reader] INFO  CommonRdbmsReader$Task - Begin to read record by Sql: [SELECT * FROM payment_info WHERE date(create_time)='2026-09-29' 
] jdbcUrl:[jdbc:mysql://192.168.110.131:3306/cloud_ecommerce?useUnicode=true&characterEncoding=utf-8&yearIsDateType=false&zeroDateTimeBehavior=convertToNull&tinyInt1isBit=false&rewriteBatchedStatements=true].
2026-10-05 08:01:49.587 [0-0-0-writer] INFO  HdfsWriter$Task - begin do write...
2026-10-05 08:01:49.587 [0-0-0-writer] INFO  HdfsWriter$Task - write to file : [hdfs://192.168.42.101:8020/hive3/warehouse/ods.db/ods_payment_info/dt=2026-09-29__d2bb810b_33dc_4d98_a411_9911c78f6f5f/payment_info__57b987eb_bcc5_43aa_9f74_ac149e39ae6b]
2026-10-05 08:01:50.391 [0-0-0-reader] INFO  CommonRdbmsReader$Task - Finished read record by Sql: [SELECT * FROM payment_info WHERE date(create_time)='2026-09-29' 
] jdbcUrl:[jdbc:mysql://192.168.110.131:3306/cloud_ecommerce?useUnicode=true&characterEncoding=utf-8&yearIsDateType=false&zeroDateTimeBehavior=convertToNull&tinyInt1isBit=false&rewriteBatchedStatements=true].
2026-10-05 08:01:50.399 [0-0-0-writer] INFO  HdfsWriter$Task - end do write
2026-10-05 08:01:50.476 [taskGroup-0] INFO  TaskGroupContainer - taskGroup[0] taskId[0] is successed, used[903]ms
2026-10-05 08:01:50.476 [taskGroup-0] INFO  TaskGroupContainer - taskGroup[0] completed it's tasks.
2026-10-05 08:01:59.566 [job-0] INFO  StandAloneJobContainerCommunicator - Total 71098 records, 5761755 bytes | Speed 562.67KB/s, 7109 records/s | Error 0 records, 0 bytes |  All Task WaitWriterTime 0.153s |  All Task WaitReaderTime 0.139s | Percentage 100.00%
2026-10-05 08:01:59.566 [job-0] INFO  AbstractScheduler - Scheduler accomplished all tasks.
2026-10-05 08:01:59.567 [job-0] INFO  JobContainer - DataX Writer.Job [hdfswriter] do post work.
2026-10-05 08:01:59.567 [job-0] INFO  HdfsWriter$Job - start rename file [hdfs://192.168.42.101:8020/hive3/warehouse/ods.db/ods_payment_info/dt=2026-09-29__d2bb810b_33dc_4d98_a411_9911c78f6f5f/payment_info__57b987eb_bcc5_43aa_9f74_ac149e39ae6b] to file [hdfs://192.168.42.101:8020/hive3/warehouse/ods.db/ods_payment_info/dt=2026-09-29/payment_info__57b987eb_bcc5_43aa_9f74_ac149e39ae6b].
2026-10-05 08:01:59.572 [job-0] INFO  HdfsWriter$Job - finish rename file [hdfs://192.168.42.101:8020/hive3/warehouse/ods.db/ods_payment_info/dt=2026-09-29__d2bb810b_33dc_4d98_a411_9911c78f6f5f/payment_info__57b987eb_bcc5_43aa_9f74_ac149e39ae6b] to file [hdfs://192.168.42.101:8020/hive3/warehouse/ods.db/ods_payment_info/dt=2026-09-29/payment_info__57b987eb_bcc5_43aa_9f74_ac149e39ae6b].
2026-10-05 08:01:59.572 [job-0] INFO  HdfsWriter$Job - start delete tmp dir [hdfs://192.168.42.101:8020/hive3/warehouse/ods.db/ods_payment_info/dt=2026-09-29__d2bb810b_33dc_4d98_a411_9911c78f6f5f] .
2026-10-05 08:01:59.579 [job-0] INFO  HdfsWriter$Job - finish delete tmp dir [hdfs://192.168.42.101:8020/hive3/warehouse/ods.db/ods_payment_info/dt=2026-09-29__d2bb810b_33dc_4d98_a411_9911c78f6f5f] .
2026-10-05 08:01:59.579 [job-0] INFO  JobContainer - DataX Reader.Job [mysqlreader] do post work.
2026-10-05 08:01:59.580 [job-0] INFO  JobContainer - DataX jobId [0] completed successfully.
2026-10-05 08:01:59.580 [job-0] INFO  HookInvoker - No hook invoked, because base dir not exists or is a file: /opt/datax/hook
2026-10-05 08:01:59.682 [job-0] INFO  JobContainer - 
	 [total cpu info] => 
		averageCpu                     | maxDeltaCpu                    | minDeltaCpu                    
		-1.00%                         | -1.00%                         | -1.00%
                        

	 [total gc info] => 
		 NAME                 | totalGCCount       | maxDeltaGCCount    | minDeltaGCCount    | totalGCTime        | maxDeltaGCTime     | minDeltaGCTime     
		 PS MarkSweep         | 1                  | 1                  | 1                  | 0.020s             | 0.020s             | 0.020s             
		 PS Scavenge          | 4                  | 4                  | 4                  | 0.024s             | 0.024s             | 0.024s             

2026-10-05 08:01:59.682 [job-0] INFO  JobContainer - PerfTrace not enable!
2026-10-05 08:01:59.682 [job-0] INFO  StandAloneJobContainerCommunicator - Total 71098 records, 5761755 bytes | Speed 562.67KB/s, 7109 records/s | Error 0 records, 0 bytes |  All Task WaitWriterTime 0.153s |  All Task WaitReaderTime 0.139s | Percentage 100.00%
2026-10-05 08:01:59.683 [job-0] INFO  JobContainer - 
任务启动时刻                    : 2026-10-05 08:01:48
任务结束时刻                    : 2026-10-05 08:01:59
任务总计耗时                    :                 11s
任务平均流量                    :          562.67KB/s
记录写入速度                    :           7109rec/s
读出记录总数                    :               71098
读写失败总数                    :                   0

======================datax开始抽取 payment_info的分区2026-09-30==============================

DataX (DATAX-OPENSOURCE-3.0), From Alibaba !
Copyright (C) 2010-2017, Alibaba Group. All Rights Reserved.


2026-10-05 08:02:01.271 [main] INFO  MessageSource - JVM TimeZone: GMT+08:00, Locale: zh_CN
2026-10-05 08:02:01.272 [main] INFO  MessageSource - use Locale: zh_CN timeZone: sun.util.calendar.ZoneInfo[id="GMT+08:00",offset=28800000,dstSavings=0,useDaylight=false,transitions=0,lastRule=null]
2026-10-05 08:02:01.279 [main] INFO  VMInfo - VMInfo# operatingSystem class => sun.management.OperatingSystemImpl
2026-10-05 08:02:01.282 [main] INFO  Engine - the machine info  => 

	osInfo:	Oracle Corporation 1.8 25.212-b10
	jvmInfo:	Linux amd64 5.4.0-216-generic
	cpu num:	4

	totalPhysicalMemory:	-0.00G
	freePhysicalMemory:	-0.00G
	maxFileDescriptorCount:	-1
	currentOpenFileDescriptorCount:	-1

	GC Names	[PS MarkSweep, PS Scavenge]

	MEMORY_NAME                    | allocation_size                | init_size                      
	PS Eden Space                  | 256.00MB                       | 256.00MB                       
	Code Cache                     | 240.00MB                       | 2.44MB                         
	Compressed Class Space         | 1,024.00MB                     | 0.00MB                         
	PS Survivor Space              | 42.50MB                        | 42.50MB                        
	PS Old Gen                     | 683.00MB                       | 683.00MB                       
	Metaspace                      | -0.00MB                        | 0.00MB                         


2026-10-05 08:02:01.293 [main] INFO  Engine - 
{
	"content":[
		{
			"reader":{
				"name":"mysqlreader",
				"parameter":{
					"connection":[
						{
							"jdbcUrl":[
								"jdbc:mysql://192.168.110.131:3306/cloud_ecommerce?useUnicode=true&characterEncoding=utf-8"
							],
							"querySql":[
								"SELECT * FROM payment_info WHERE date(create_time)='2026-09-30' "
							]
						}
					],
					"password":"*******",
					"username":"bigdata"
				}
			},
			"writer":{
				"name":"hdfswriter",
				"parameter":{
					"column":[
						{
							"name":"pay_id",
							"type":"BIGINT"
						},
						{
							"name":"order_id",
							"type":"BIGINT"
						},
						{
							"name":"pay_amount",
							"type":"STRING"
						},
						{
							"name":"payment_method",
							"type":"STRING"
						},
						{
							"name":"payment_status",
							"type":"TINYINT"
						},
						{
							"name":"transaction_id",
							"type":"STRING"
						},
						{
							"name":"pay_time",
							"type":"STRING"
						},
						{
							"name":"create_time",
							"type":"STRING"
						},
						{
							"name":"update_time",
							"type":"STRING"
						}
					],
					"defaultFS":"hdfs://192.168.42.101:8020",
					"fieldDelimiter":"\t",
					"fileName":"payment_info",
					"fileType":"text",
					"path":"/hive3/warehouse/ods.db/ods_payment_info/dt=2026-09-30",
					"writeMode":"truncate"
				}
			}
		}
	],
	"setting":{
		"speed":{
			"channel":1
		}
	}
}

2026-10-05 08:02:01.302 [main] WARN  Engine - prioriy set to 0, because NumberFormatException, the value is: null
2026-10-05 08:02:01.303 [main] INFO  PerfTrace - PerfTrace traceId=job_-1, isEnable=false, priority=0
2026-10-05 08:02:01.303 [main] INFO  JobContainer - DataX jobContainer starts job.
2026-10-05 08:02:01.304 [main] INFO  JobContainer - Set jobId = 0
2026-10-05 08:02:01.680 [job-0] INFO  OriginalConfPretreatmentUtil - Available jdbcUrl:jdbc:mysql://192.168.110.131:3306/cloud_ecommerce?useUnicode=true&characterEncoding=utf-8&yearIsDateType=false&zeroDateTimeBehavior=convertToNull&tinyInt1isBit=false&rewriteBatchedStatements=true.
2026-10-05 08:02:02.209 [job-0] INFO  JobContainer - jobContainer starts to do prepare ...
2026-10-05 08:02:02.209 [job-0] INFO  JobContainer - DataX Reader.Job [mysqlreader] do prepare work .
2026-10-05 08:02:02.209 [job-0] INFO  JobContainer - DataX Writer.Job [hdfswriter] do prepare work .
2026-10-05 08:02:02.254 [job-0] INFO  JobContainer - jobContainer starts to do split ...
2026-10-05 08:02:02.254 [job-0] INFO  JobContainer - Job set Channel-Number to 1 channels.
2026-10-05 08:02:02.255 [job-0] INFO  JobContainer - DataX Reader.Job [mysqlreader] splits to [1] tasks.
2026-10-05 08:02:02.255 [job-0] INFO  HdfsWriter$Job - begin do split...
2026-10-05 08:02:02.259 [job-0] INFO  HdfsWriter$Job - splited write file name:[hdfs://192.168.42.101:8020/hive3/warehouse/ods.db/ods_payment_info/dt=2026-09-30__7e62a67e_9a82_4186_b1c0_74f74c29681b/payment_info__671a156e_afd2_4b01_9038_a5b7b31bb24b]
2026-10-05 08:02:02.259 [job-0] INFO  HdfsWriter$Job - end do split.
2026-10-05 08:02:02.259 [job-0] INFO  JobContainer - DataX Writer.Job [hdfswriter] splits to [1] tasks.
2026-10-05 08:02:02.267 [job-0] INFO  JobContainer - jobContainer starts to do schedule ...
2026-10-05 08:02:02.269 [job-0] INFO  JobContainer - Scheduler starts [1] taskGroups.
2026-10-05 08:02:02.270 [job-0] INFO  JobContainer - Running by standalone Mode.
2026-10-05 08:02:02.273 [taskGroup-0] INFO  TaskGroupContainer - taskGroupId=[0] start [1] channels for [1] tasks.
2026-10-05 08:02:02.275 [taskGroup-0] INFO  Channel - Channel set byte_speed_limit to -1, No bps activated.
2026-10-05 08:02:02.275 [taskGroup-0] INFO  Channel - Channel set record_speed_limit to -1, No tps activated.
2026-10-05 08:02:02.282 [taskGroup-0] INFO  TaskGroupContainer - taskGroup[0] taskId[0] attemptCount[1] is started
2026-10-05 08:02:02.284 [0-0-0-reader] INFO  CommonRdbmsReader$Task - Begin to read record by Sql: [SELECT * FROM payment_info WHERE date(create_time)='2026-09-30' 
] jdbcUrl:[jdbc:mysql://192.168.110.131:3306/cloud_ecommerce?useUnicode=true&characterEncoding=utf-8&yearIsDateType=false&zeroDateTimeBehavior=convertToNull&tinyInt1isBit=false&rewriteBatchedStatements=true].
2026-10-05 08:02:02.296 [0-0-0-writer] INFO  HdfsWriter$Task - begin do write...
2026-10-05 08:02:02.296 [0-0-0-writer] INFO  HdfsWriter$Task - write to file : [hdfs://192.168.42.101:8020/hive3/warehouse/ods.db/ods_payment_info/dt=2026-09-30__7e62a67e_9a82_4186_b1c0_74f74c29681b/payment_info__671a156e_afd2_4b01_9038_a5b7b31bb24b]
2026-10-05 08:02:03.159 [0-0-0-reader] INFO  CommonRdbmsReader$Task - Finished read record by Sql: [SELECT * FROM payment_info WHERE date(create_time)='2026-09-30' 
] jdbcUrl:[jdbc:mysql://192.168.110.131:3306/cloud_ecommerce?useUnicode=true&characterEncoding=utf-8&yearIsDateType=false&zeroDateTimeBehavior=convertToNull&tinyInt1isBit=false&rewriteBatchedStatements=true].
2026-10-05 08:02:03.370 [0-0-0-writer] INFO  HdfsWriter$Task - end do write
2026-10-05 08:02:03.384 [taskGroup-0] INFO  TaskGroupContainer - taskGroup[0] taskId[0] is successed, used[1104]ms
2026-10-05 08:02:03.384 [taskGroup-0] INFO  TaskGroupContainer - taskGroup[0] completed it's tasks.
2026-10-05 08:02:12.278 [job-0] INFO  StandAloneJobContainerCommunicator - Total 70883 records, 5743891 bytes | Speed 560.93KB/s, 7088 records/s | Error 0 records, 0 bytes |  All Task WaitWriterTime 0.165s |  All Task WaitReaderTime 0.139s | Percentage 100.00%
2026-10-05 08:02:12.278 [job-0] INFO  AbstractScheduler - Scheduler accomplished all tasks.
2026-10-05 08:02:12.279 [job-0] INFO  JobContainer - DataX Writer.Job [hdfswriter] do post work.
2026-10-05 08:02:12.279 [job-0] INFO  HdfsWriter$Job - start rename file [hdfs://192.168.42.101:8020/hive3/warehouse/ods.db/ods_payment_info/dt=2026-09-30__7e62a67e_9a82_4186_b1c0_74f74c29681b/payment_info__671a156e_afd2_4b01_9038_a5b7b31bb24b] to file [hdfs://192.168.42.101:8020/hive3/warehouse/ods.db/ods_payment_info/dt=2026-09-30/payment_info__671a156e_afd2_4b01_9038_a5b7b31bb24b].
2026-10-05 08:02:12.283 [job-0] INFO  HdfsWriter$Job - finish rename file [hdfs://192.168.42.101:8020/hive3/warehouse/ods.db/ods_payment_info/dt=2026-09-30__7e62a67e_9a82_4186_b1c0_74f74c29681b/payment_info__671a156e_afd2_4b01_9038_a5b7b31bb24b] to file [hdfs://192.168.42.101:8020/hive3/warehouse/ods.db/ods_payment_info/dt=2026-09-30/payment_info__671a156e_afd2_4b01_9038_a5b7b31bb24b].
2026-10-05 08:02:12.283 [job-0] INFO  HdfsWriter$Job - start delete tmp dir [hdfs://192.168.42.101:8020/hive3/warehouse/ods.db/ods_payment_info/dt=2026-09-30__7e62a67e_9a82_4186_b1c0_74f74c29681b] .
2026-10-05 08:02:12.287 [job-0] INFO  HdfsWriter$Job - finish delete tmp dir [hdfs://192.168.42.101:8020/hive3/warehouse/ods.db/ods_payment_info/dt=2026-09-30__7e62a67e_9a82_4186_b1c0_74f74c29681b] .
2026-10-05 08:02:12.287 [job-0] INFO  JobContainer - DataX Reader.Job [mysqlreader] do post work.
2026-10-05 08:02:12.287 [job-0] INFO  JobContainer - DataX jobId [0] completed successfully.
2026-10-05 08:02:12.287 [job-0] INFO  HookInvoker - No hook invoked, because base dir not exists or is a file: /opt/datax/hook
2026-10-05 08:02:12.389 [job-0] INFO  JobContainer - 
	 [total cpu info] => 
		averageCpu                     | maxDeltaCpu                    | minDeltaCpu                    
		-1.00%                         | -1.00%                         | -1.00%
                        

	 [total gc info] => 
		 NAME                 | totalGCCount       | maxDeltaGCCount    | minDeltaGCCount    | totalGCTime        | maxDeltaGCTime     | minDeltaGCTime     
		 PS MarkSweep         | 1                  | 1                  | 1                  | 0.018s             | 0.018s             | 0.018s             
		 PS Scavenge          | 4                  | 4                  | 4                  | 0.020s             | 0.020s             | 0.020s             

2026-10-05 08:02:12.389 [job-0] INFO  JobContainer - PerfTrace not enable!
2026-10-05 08:02:12.389 [job-0] INFO  StandAloneJobContainerCommunicator - Total 70883 records, 5743891 bytes | Speed 560.93KB/s, 7088 records/s | Error 0 records, 0 bytes |  All Task WaitWriterTime 0.165s |  All Task WaitReaderTime 0.139s | Percentage 100.00%
2026-10-05 08:02:12.390 [job-0] INFO  JobContainer - 
任务启动时刻                    : 2026-10-05 08:02:01
任务结束时刻                    : 2026-10-05 08:02:12
任务总计耗时                    :                 11s
任务平均流量                    :          560.93KB/s
记录写入速度                    :           7088rec/s
读出记录总数                    :               70883
读写失败总数                    :                   0

======================datax开始抽取 payment_info的分区2026-10-01==============================

DataX (DATAX-OPENSOURCE-3.0), From Alibaba !
Copyright (C) 2010-2017, Alibaba Group. All Rights Reserved.


2026-10-05 08:02:13.897 [main] INFO  MessageSource - JVM TimeZone: GMT+08:00, Locale: zh_CN
2026-10-05 08:02:13.898 [main] INFO  MessageSource - use Locale: zh_CN timeZone: sun.util.calendar.ZoneInfo[id="GMT+08:00",offset=28800000,dstSavings=0,useDaylight=false,transitions=0,lastRule=null]
2026-10-05 08:02:13.906 [main] INFO  VMInfo - VMInfo# operatingSystem class => sun.management.OperatingSystemImpl
2026-10-05 08:02:13.909 [main] INFO  Engine - the machine info  => 

	osInfo:	Oracle Corporation 1.8 25.212-b10
	jvmInfo:	Linux amd64 5.4.0-216-generic
	cpu num:	4

	totalPhysicalMemory:	-0.00G
	freePhysicalMemory:	-0.00G
	maxFileDescriptorCount:	-1
	currentOpenFileDescriptorCount:	-1

	GC Names	[PS MarkSweep, PS Scavenge]

	MEMORY_NAME                    | allocation_size                | init_size                      
	PS Eden Space                  | 256.00MB                       | 256.00MB                       
	Code Cache                     | 240.00MB                       | 2.44MB                         
	Compressed Class Space         | 1,024.00MB                     | 0.00MB                         
	PS Survivor Space              | 42.50MB                        | 42.50MB                        
	PS Old Gen                     | 683.00MB                       | 683.00MB                       
	Metaspace                      | -0.00MB                        | 0.00MB                         


2026-10-05 08:02:13.919 [main] INFO  Engine - 
{
	"content":[
		{
			"reader":{
				"name":"mysqlreader",
				"parameter":{
					"connection":[
						{
							"jdbcUrl":[
								"jdbc:mysql://192.168.110.131:3306/cloud_ecommerce?useUnicode=true&characterEncoding=utf-8"
							],
							"querySql":[
								"SELECT * FROM payment_info WHERE date(create_time)='2026-10-01' "
							]
						}
					],
					"password":"*******",
					"username":"bigdata"
				}
			},
			"writer":{
				"name":"hdfswriter",
				"parameter":{
					"column":[
						{
							"name":"pay_id",
							"type":"BIGINT"
						},
						{
							"name":"order_id",
							"type":"BIGINT"
						},
						{
							"name":"pay_amount",
							"type":"STRING"
						},
						{
							"name":"payment_method",
							"type":"STRING"
						},
						{
							"name":"payment_status",
							"type":"TINYINT"
						},
						{
							"name":"transaction_id",
							"type":"STRING"
						},
						{
							"name":"pay_time",
							"type":"STRING"
						},
						{
							"name":"create_time",
							"type":"STRING"
						},
						{
							"name":"update_time",
							"type":"STRING"
						}
					],
					"defaultFS":"hdfs://192.168.42.101:8020",
					"fieldDelimiter":"\t",
					"fileName":"payment_info",
					"fileType":"text",
					"path":"/hive3/warehouse/ods.db/ods_payment_info/dt=2026-10-01",
					"writeMode":"truncate"
				}
			}
		}
	],
	"setting":{
		"speed":{
			"channel":1
		}
	}
}

2026-10-05 08:02:13.928 [main] WARN  Engine - prioriy set to 0, because NumberFormatException, the value is: null
2026-10-05 08:02:13.929 [main] INFO  PerfTrace - PerfTrace traceId=job_-1, isEnable=false, priority=0
2026-10-05 08:02:13.929 [main] INFO  JobContainer - DataX jobContainer starts job.
2026-10-05 08:02:13.930 [main] INFO  JobContainer - Set jobId = 0
2026-10-05 08:02:14.298 [job-0] INFO  OriginalConfPretreatmentUtil - Available jdbcUrl:jdbc:mysql://192.168.110.131:3306/cloud_ecommerce?useUnicode=true&characterEncoding=utf-8&yearIsDateType=false&zeroDateTimeBehavior=convertToNull&tinyInt1isBit=false&rewriteBatchedStatements=true.
2026-10-05 08:02:14.818 [job-0] INFO  JobContainer - jobContainer starts to do prepare ...
2026-10-05 08:02:14.818 [job-0] INFO  JobContainer - DataX Reader.Job [mysqlreader] do prepare work .
2026-10-05 08:02:14.818 [job-0] INFO  JobContainer - DataX Writer.Job [hdfswriter] do prepare work .
2026-10-05 08:02:14.868 [job-0] INFO  JobContainer - jobContainer starts to do split ...
2026-10-05 08:02:14.868 [job-0] INFO  JobContainer - Job set Channel-Number to 1 channels.
2026-10-05 08:02:14.870 [job-0] INFO  JobContainer - DataX Reader.Job [mysqlreader] splits to [1] tasks.
2026-10-05 08:02:14.870 [job-0] INFO  HdfsWriter$Job - begin do split...
2026-10-05 08:02:14.872 [job-0] INFO  HdfsWriter$Job - splited write file name:[hdfs://192.168.42.101:8020/hive3/warehouse/ods.db/ods_payment_info/dt=2026-10-01__c44b9776_13f2_4c02_88ea_6965fdbfb7ce/payment_info__2a6cd97e_68cc_4800_a5c0_4e73dfe2dab0]
2026-10-05 08:02:14.872 [job-0] INFO  HdfsWriter$Job - end do split.
2026-10-05 08:02:14.872 [job-0] INFO  JobContainer - DataX Writer.Job [hdfswriter] splits to [1] tasks.
2026-10-05 08:02:14.881 [job-0] INFO  JobContainer - jobContainer starts to do schedule ...
2026-10-05 08:02:14.883 [job-0] INFO  JobContainer - Scheduler starts [1] taskGroups.
2026-10-05 08:02:14.884 [job-0] INFO  JobContainer - Running by standalone Mode.
2026-10-05 08:02:14.895 [taskGroup-0] INFO  TaskGroupContainer - taskGroupId=[0] start [1] channels for [1] tasks.
2026-10-05 08:02:14.899 [taskGroup-0] INFO  Channel - Channel set byte_speed_limit to -1, No bps activated.
2026-10-05 08:02:14.899 [taskGroup-0] INFO  Channel - Channel set record_speed_limit to -1, No tps activated.
2026-10-05 08:02:14.905 [taskGroup-0] INFO  TaskGroupContainer - taskGroup[0] taskId[0] attemptCount[1] is started
2026-10-05 08:02:14.907 [0-0-0-reader] INFO  CommonRdbmsReader$Task - Begin to read record by Sql: [SELECT * FROM payment_info WHERE date(create_time)='2026-10-01' 
] jdbcUrl:[jdbc:mysql://192.168.110.131:3306/cloud_ecommerce?useUnicode=true&characterEncoding=utf-8&yearIsDateType=false&zeroDateTimeBehavior=convertToNull&tinyInt1isBit=false&rewriteBatchedStatements=true].
2026-10-05 08:02:14.918 [0-0-0-writer] INFO  HdfsWriter$Task - begin do write...
2026-10-05 08:02:14.918 [0-0-0-writer] INFO  HdfsWriter$Task - write to file : [hdfs://192.168.42.101:8020/hive3/warehouse/ods.db/ods_payment_info/dt=2026-10-01__c44b9776_13f2_4c02_88ea_6965fdbfb7ce/payment_info__2a6cd97e_68cc_4800_a5c0_4e73dfe2dab0]
2026-10-05 08:02:15.747 [0-0-0-reader] INFO  CommonRdbmsReader$Task - Finished read record by Sql: [SELECT * FROM payment_info WHERE date(create_time)='2026-10-01' 
] jdbcUrl:[jdbc:mysql://192.168.110.131:3306/cloud_ecommerce?useUnicode=true&characterEncoding=utf-8&yearIsDateType=false&zeroDateTimeBehavior=convertToNull&tinyInt1isBit=false&rewriteBatchedStatements=true].
2026-10-05 08:02:15.755 [0-0-0-writer] INFO  HdfsWriter$Task - end do write
2026-10-05 08:02:15.811 [taskGroup-0] INFO  TaskGroupContainer - taskGroup[0] taskId[0] is successed, used[908]ms
2026-10-05 08:02:15.812 [taskGroup-0] INFO  TaskGroupContainer - taskGroup[0] completed it's tasks.
2026-10-05 08:02:24.893 [job-0] INFO  StandAloneJobContainerCommunicator - Total 70989 records, 5752498 bytes | Speed 561.77KB/s, 7098 records/s | Error 0 records, 0 bytes |  All Task WaitWriterTime 0.197s |  All Task WaitReaderTime 0.128s | Percentage 100.00%
2026-10-05 08:02:24.893 [job-0] INFO  AbstractScheduler - Scheduler accomplished all tasks.
2026-10-05 08:02:24.893 [job-0] INFO  JobContainer - DataX Writer.Job [hdfswriter] do post work.
2026-10-05 08:02:24.894 [job-0] INFO  HdfsWriter$Job - start rename file [hdfs://192.168.42.101:8020/hive3/warehouse/ods.db/ods_payment_info/dt=2026-10-01__c44b9776_13f2_4c02_88ea_6965fdbfb7ce/payment_info__2a6cd97e_68cc_4800_a5c0_4e73dfe2dab0] to file [hdfs://192.168.42.101:8020/hive3/warehouse/ods.db/ods_payment_info/dt=2026-10-01/payment_info__2a6cd97e_68cc_4800_a5c0_4e73dfe2dab0].
2026-10-05 08:02:24.898 [job-0] INFO  HdfsWriter$Job - finish rename file [hdfs://192.168.42.101:8020/hive3/warehouse/ods.db/ods_payment_info/dt=2026-10-01__c44b9776_13f2_4c02_88ea_6965fdbfb7ce/payment_info__2a6cd97e_68cc_4800_a5c0_4e73dfe2dab0] to file [hdfs://192.168.42.101:8020/hive3/warehouse/ods.db/ods_payment_info/dt=2026-10-01/payment_info__2a6cd97e_68cc_4800_a5c0_4e73dfe2dab0].
2026-10-05 08:02:24.899 [job-0] INFO  HdfsWriter$Job - start delete tmp dir [hdfs://192.168.42.101:8020/hive3/warehouse/ods.db/ods_payment_info/dt=2026-10-01__c44b9776_13f2_4c02_88ea_6965fdbfb7ce] .
2026-10-05 08:02:24.903 [job-0] INFO  HdfsWriter$Job - finish delete tmp dir [hdfs://192.168.42.101:8020/hive3/warehouse/ods.db/ods_payment_info/dt=2026-10-01__c44b9776_13f2_4c02_88ea_6965fdbfb7ce] .
2026-10-05 08:02:24.903 [job-0] INFO  JobContainer - DataX Reader.Job [mysqlreader] do post work.
2026-10-05 08:02:24.903 [job-0] INFO  JobContainer - DataX jobId [0] completed successfully.
2026-10-05 08:02:24.904 [job-0] INFO  HookInvoker - No hook invoked, because base dir not exists or is a file: /opt/datax/hook
2026-10-05 08:02:25.005 [job-0] INFO  JobContainer - 
	 [total cpu info] => 
		averageCpu                     | maxDeltaCpu                    | minDeltaCpu                    
		-1.00%                         | -1.00%                         | -1.00%
                        

	 [total gc info] => 
		 NAME                 | totalGCCount       | maxDeltaGCCount    | minDeltaGCCount    | totalGCTime        | maxDeltaGCTime     | minDeltaGCTime     
		 PS MarkSweep         | 1                  | 1                  | 1                  | 0.020s             | 0.020s             | 0.020s             
		 PS Scavenge          | 4                  | 4                  | 4                  | 0.029s             | 0.029s             | 0.029s             

2026-10-05 08:02:25.006 [job-0] INFO  JobContainer - PerfTrace not enable!
2026-10-05 08:02:25.006 [job-0] INFO  StandAloneJobContainerCommunicator - Total 70989 records, 5752498 bytes | Speed 561.77KB/s, 7098 records/s | Error 0 records, 0 bytes |  All Task WaitWriterTime 0.197s |  All Task WaitReaderTime 0.128s | Percentage 100.00%
2026-10-05 08:02:25.007 [job-0] INFO  JobContainer - 
任务启动时刻                    : 2026-10-05 08:02:13
任务结束时刻                    : 2026-10-05 08:02:25
任务总计耗时                    :                 11s
任务平均流量                    :          561.77KB/s
记录写入速度                    :           7098rec/s
读出记录总数                    :               70989
读写失败总数                    :                   0

======================datax开始抽取 payment_info的分区2026-10-02==============================

DataX (DATAX-OPENSOURCE-3.0), From Alibaba !
Copyright (C) 2010-2017, Alibaba Group. All Rights Reserved.


2026-10-05 08:02:26.654 [main] INFO  MessageSource - JVM TimeZone: GMT+08:00, Locale: zh_CN
2026-10-05 08:02:26.655 [main] INFO  MessageSource - use Locale: zh_CN timeZone: sun.util.calendar.ZoneInfo[id="GMT+08:00",offset=28800000,dstSavings=0,useDaylight=false,transitions=0,lastRule=null]
2026-10-05 08:02:26.663 [main] INFO  VMInfo - VMInfo# operatingSystem class => sun.management.OperatingSystemImpl
2026-10-05 08:02:26.666 [main] INFO  Engine - the machine info  => 

	osInfo:	Oracle Corporation 1.8 25.212-b10
	jvmInfo:	Linux amd64 5.4.0-216-generic
	cpu num:	4

	totalPhysicalMemory:	-0.00G
	freePhysicalMemory:	-0.00G
	maxFileDescriptorCount:	-1
	currentOpenFileDescriptorCount:	-1

	GC Names	[PS MarkSweep, PS Scavenge]

	MEMORY_NAME                    | allocation_size                | init_size                      
	PS Eden Space                  | 256.00MB                       | 256.00MB                       
	Code Cache                     | 240.00MB                       | 2.44MB                         
	Compressed Class Space         | 1,024.00MB                     | 0.00MB                         
	PS Survivor Space              | 42.50MB                        | 42.50MB                        
	PS Old Gen                     | 683.00MB                       | 683.00MB                       
	Metaspace                      | -0.00MB                        | 0.00MB                         


2026-10-05 08:02:26.676 [main] INFO  Engine - 
{
	"content":[
		{
			"reader":{
				"name":"mysqlreader",
				"parameter":{
					"connection":[
						{
							"jdbcUrl":[
								"jdbc:mysql://192.168.110.131:3306/cloud_ecommerce?useUnicode=true&characterEncoding=utf-8"
							],
							"querySql":[
								"SELECT * FROM payment_info WHERE date(create_time)='2026-10-02' "
							]
						}
					],
					"password":"*******",
					"username":"bigdata"
				}
			},
			"writer":{
				"name":"hdfswriter",
				"parameter":{
					"column":[
						{
							"name":"pay_id",
							"type":"BIGINT"
						},
						{
							"name":"order_id",
							"type":"BIGINT"
						},
						{
							"name":"pay_amount",
							"type":"STRING"
						},
						{
							"name":"payment_method",
							"type":"STRING"
						},
						{
							"name":"payment_status",
							"type":"TINYINT"
						},
						{
							"name":"transaction_id",
							"type":"STRING"
						},
						{
							"name":"pay_time",
							"type":"STRING"
						},
						{
							"name":"create_time",
							"type":"STRING"
						},
						{
							"name":"update_time",
							"type":"STRING"
						}
					],
					"defaultFS":"hdfs://192.168.42.101:8020",
					"fieldDelimiter":"\t",
					"fileName":"payment_info",
					"fileType":"text",
					"path":"/hive3/warehouse/ods.db/ods_payment_info/dt=2026-10-02",
					"writeMode":"truncate"
				}
			}
		}
	],
	"setting":{
		"speed":{
			"channel":1
		}
	}
}

2026-10-05 08:02:26.686 [main] WARN  Engine - prioriy set to 0, because NumberFormatException, the value is: null
2026-10-05 08:02:26.688 [main] INFO  PerfTrace - PerfTrace traceId=job_-1, isEnable=false, priority=0
2026-10-05 08:02:26.688 [main] INFO  JobContainer - DataX jobContainer starts job.
2026-10-05 08:02:26.689 [main] INFO  JobContainer - Set jobId = 0
2026-10-05 08:02:27.065 [job-0] INFO  OriginalConfPretreatmentUtil - Available jdbcUrl:jdbc:mysql://192.168.110.131:3306/cloud_ecommerce?useUnicode=true&characterEncoding=utf-8&yearIsDateType=false&zeroDateTimeBehavior=convertToNull&tinyInt1isBit=false&rewriteBatchedStatements=true.
2026-10-05 08:02:27.605 [job-0] INFO  JobContainer - jobContainer starts to do prepare ...
2026-10-05 08:02:27.605 [job-0] INFO  JobContainer - DataX Reader.Job [mysqlreader] do prepare work .
2026-10-05 08:02:27.605 [job-0] INFO  JobContainer - DataX Writer.Job [hdfswriter] do prepare work .
2026-10-05 08:02:27.655 [job-0] INFO  JobContainer - jobContainer starts to do split ...
2026-10-05 08:02:27.657 [job-0] INFO  JobContainer - Job set Channel-Number to 1 channels.
2026-10-05 08:02:27.659 [job-0] INFO  JobContainer - DataX Reader.Job [mysqlreader] splits to [1] tasks.
2026-10-05 08:02:27.659 [job-0] INFO  HdfsWriter$Job - begin do split...
2026-10-05 08:02:27.663 [job-0] INFO  HdfsWriter$Job - splited write file name:[hdfs://192.168.42.101:8020/hive3/warehouse/ods.db/ods_payment_info/dt=2026-10-02__790dedaf_4ed3_495e_913e_d05befce0227/payment_info__bc8b5cd5_94ca_48be_abd2_d562e09ec9c6]
2026-10-05 08:02:27.664 [job-0] INFO  HdfsWriter$Job - end do split.
2026-10-05 08:02:27.665 [job-0] INFO  JobContainer - DataX Writer.Job [hdfswriter] splits to [1] tasks.
2026-10-05 08:02:27.674 [job-0] INFO  JobContainer - jobContainer starts to do schedule ...
2026-10-05 08:02:27.677 [job-0] INFO  JobContainer - Scheduler starts [1] taskGroups.
2026-10-05 08:02:27.678 [job-0] INFO  JobContainer - Running by standalone Mode.
2026-10-05 08:02:27.681 [taskGroup-0] INFO  TaskGroupContainer - taskGroupId=[0] start [1] channels for [1] tasks.
2026-10-05 08:02:27.685 [taskGroup-0] INFO  Channel - Channel set byte_speed_limit to -1, No bps activated.
2026-10-05 08:02:27.685 [taskGroup-0] INFO  Channel - Channel set record_speed_limit to -1, No tps activated.
2026-10-05 08:02:27.696 [taskGroup-0] INFO  TaskGroupContainer - taskGroup[0] taskId[0] attemptCount[1] is started
2026-10-05 08:02:27.698 [0-0-0-reader] INFO  CommonRdbmsReader$Task - Begin to read record by Sql: [SELECT * FROM payment_info WHERE date(create_time)='2026-10-02' 
] jdbcUrl:[jdbc:mysql://192.168.110.131:3306/cloud_ecommerce?useUnicode=true&characterEncoding=utf-8&yearIsDateType=false&zeroDateTimeBehavior=convertToNull&tinyInt1isBit=false&rewriteBatchedStatements=true].
2026-10-05 08:02:27.718 [0-0-0-writer] INFO  HdfsWriter$Task - begin do write...
2026-10-05 08:02:27.718 [0-0-0-writer] INFO  HdfsWriter$Task - write to file : [hdfs://192.168.42.101:8020/hive3/warehouse/ods.db/ods_payment_info/dt=2026-10-02__790dedaf_4ed3_495e_913e_d05befce0227/payment_info__bc8b5cd5_94ca_48be_abd2_d562e09ec9c6]
2026-10-05 08:02:28.519 [0-0-0-reader] INFO  CommonRdbmsReader$Task - Finished read record by Sql: [SELECT * FROM payment_info WHERE date(create_time)='2026-10-02' 
] jdbcUrl:[jdbc:mysql://192.168.110.131:3306/cloud_ecommerce?useUnicode=true&characterEncoding=utf-8&yearIsDateType=false&zeroDateTimeBehavior=convertToNull&tinyInt1isBit=false&rewriteBatchedStatements=true].
2026-10-05 08:02:28.528 [0-0-0-writer] INFO  HdfsWriter$Task - end do write
2026-10-05 08:02:28.607 [taskGroup-0] INFO  TaskGroupContainer - taskGroup[0] taskId[0] is successed, used[916]ms
2026-10-05 08:02:28.607 [taskGroup-0] INFO  TaskGroupContainer - taskGroup[0] completed it's tasks.
2026-10-05 08:02:37.688 [job-0] INFO  StandAloneJobContainerCommunicator - Total 71058 records, 5758737 bytes | Speed 562.38KB/s, 7105 records/s | Error 0 records, 0 bytes |  All Task WaitWriterTime 0.095s |  All Task WaitReaderTime 0.141s | Percentage 100.00%
2026-10-05 08:02:37.688 [job-0] INFO  AbstractScheduler - Scheduler accomplished all tasks.
2026-10-05 08:02:37.689 [job-0] INFO  JobContainer - DataX Writer.Job [hdfswriter] do post work.
2026-10-05 08:02:37.689 [job-0] INFO  HdfsWriter$Job - start rename file [hdfs://192.168.42.101:8020/hive3/warehouse/ods.db/ods_payment_info/dt=2026-10-02__790dedaf_4ed3_495e_913e_d05befce0227/payment_info__bc8b5cd5_94ca_48be_abd2_d562e09ec9c6] to file [hdfs://192.168.42.101:8020/hive3/warehouse/ods.db/ods_payment_info/dt=2026-10-02/payment_info__bc8b5cd5_94ca_48be_abd2_d562e09ec9c6].
2026-10-05 08:02:37.693 [job-0] INFO  HdfsWriter$Job - finish rename file [hdfs://192.168.42.101:8020/hive3/warehouse/ods.db/ods_payment_info/dt=2026-10-02__790dedaf_4ed3_495e_913e_d05befce0227/payment_info__bc8b5cd5_94ca_48be_abd2_d562e09ec9c6] to file [hdfs://192.168.42.101:8020/hive3/warehouse/ods.db/ods_payment_info/dt=2026-10-02/payment_info__bc8b5cd5_94ca_48be_abd2_d562e09ec9c6].
2026-10-05 08:02:37.693 [job-0] INFO  HdfsWriter$Job - start delete tmp dir [hdfs://192.168.42.101:8020/hive3/warehouse/ods.db/ods_payment_info/dt=2026-10-02__790dedaf_4ed3_495e_913e_d05befce0227] .
2026-10-05 08:02:37.696 [job-0] INFO  HdfsWriter$Job - finish delete tmp dir [hdfs://192.168.42.101:8020/hive3/warehouse/ods.db/ods_payment_info/dt=2026-10-02__790dedaf_4ed3_495e_913e_d05befce0227] .
2026-10-05 08:02:37.696 [job-0] INFO  JobContainer - DataX Reader.Job [mysqlreader] do post work.
2026-10-05 08:02:37.696 [job-0] INFO  JobContainer - DataX jobId [0] completed successfully.
2026-10-05 08:02:37.696 [job-0] INFO  HookInvoker - No hook invoked, because base dir not exists or is a file: /opt/datax/hook
2026-10-05 08:02:37.798 [job-0] INFO  JobContainer - 
	 [total cpu info] => 
		averageCpu                     | maxDeltaCpu                    | minDeltaCpu                    
		-1.00%                         | -1.00%                         | -1.00%
                        

	 [total gc info] => 
		 NAME                 | totalGCCount       | maxDeltaGCCount    | minDeltaGCCount    | totalGCTime        | maxDeltaGCTime     | minDeltaGCTime     
		 PS MarkSweep         | 1                  | 1                  | 1                  | 0.020s             | 0.020s             | 0.020s             
		 PS Scavenge          | 4                  | 4                  | 4                  | 0.021s             | 0.021s             | 0.021s             

2026-10-05 08:02:37.798 [job-0] INFO  JobContainer - PerfTrace not enable!
2026-10-05 08:02:37.799 [job-0] INFO  StandAloneJobContainerCommunicator - Total 71058 records, 5758737 bytes | Speed 562.38KB/s, 7105 records/s | Error 0 records, 0 bytes |  All Task WaitWriterTime 0.095s |  All Task WaitReaderTime 0.141s | Percentage 100.00%
2026-10-05 08:02:37.799 [job-0] INFO  JobContainer - 
任务启动时刻                    : 2026-10-05 08:02:26
任务结束时刻                    : 2026-10-05 08:02:37
任务总计耗时                    :                 11s
任务平均流量                    :          562.38KB/s
记录写入速度                    :           7105rec/s
读出记录总数                    :               71058
读写失败总数                    :                   0

======================datax开始抽取 payment_info的分区2026-10-03==============================

DataX (DATAX-OPENSOURCE-3.0), From Alibaba !
Copyright (C) 2010-2017, Alibaba Group. All Rights Reserved.


2026-10-05 08:02:39.345 [main] INFO  MessageSource - JVM TimeZone: GMT+08:00, Locale: zh_CN
2026-10-05 08:02:39.346 [main] INFO  MessageSource - use Locale: zh_CN timeZone: sun.util.calendar.ZoneInfo[id="GMT+08:00",offset=28800000,dstSavings=0,useDaylight=false,transitions=0,lastRule=null]
2026-10-05 08:02:39.354 [main] INFO  VMInfo - VMInfo# operatingSystem class => sun.management.OperatingSystemImpl
2026-10-05 08:02:39.356 [main] INFO  Engine - the machine info  => 

	osInfo:	Oracle Corporation 1.8 25.212-b10
	jvmInfo:	Linux amd64 5.4.0-216-generic
	cpu num:	4

	totalPhysicalMemory:	-0.00G
	freePhysicalMemory:	-0.00G
	maxFileDescriptorCount:	-1
	currentOpenFileDescriptorCount:	-1

	GC Names	[PS MarkSweep, PS Scavenge]

	MEMORY_NAME                    | allocation_size                | init_size                      
	PS Eden Space                  | 256.00MB                       | 256.00MB                       
	Code Cache                     | 240.00MB                       | 2.44MB                         
	Compressed Class Space         | 1,024.00MB                     | 0.00MB                         
	PS Survivor Space              | 42.50MB                        | 42.50MB                        
	PS Old Gen                     | 683.00MB                       | 683.00MB                       
	Metaspace                      | -0.00MB                        | 0.00MB                         


2026-10-05 08:02:39.367 [main] INFO  Engine - 
{
	"content":[
		{
			"reader":{
				"name":"mysqlreader",
				"parameter":{
					"connection":[
						{
							"jdbcUrl":[
								"jdbc:mysql://192.168.110.131:3306/cloud_ecommerce?useUnicode=true&characterEncoding=utf-8"
							],
							"querySql":[
								"SELECT * FROM payment_info WHERE date(create_time)='2026-10-03' "
							]
						}
					],
					"password":"*******",
					"username":"bigdata"
				}
			},
			"writer":{
				"name":"hdfswriter",
				"parameter":{
					"column":[
						{
							"name":"pay_id",
							"type":"BIGINT"
						},
						{
							"name":"order_id",
							"type":"BIGINT"
						},
						{
							"name":"pay_amount",
							"type":"STRING"
						},
						{
							"name":"payment_method",
							"type":"STRING"
						},
						{
							"name":"payment_status",
							"type":"TINYINT"
						},
						{
							"name":"transaction_id",
							"type":"STRING"
						},
						{
							"name":"pay_time",
							"type":"STRING"
						},
						{
							"name":"create_time",
							"type":"STRING"
						},
						{
							"name":"update_time",
							"type":"STRING"
						}
					],
					"defaultFS":"hdfs://192.168.42.101:8020",
					"fieldDelimiter":"\t",
					"fileName":"payment_info",
					"fileType":"text",
					"path":"/hive3/warehouse/ods.db/ods_payment_info/dt=2026-10-03",
					"writeMode":"truncate"
				}
			}
		}
	],
	"setting":{
		"speed":{
			"channel":1
		}
	}
}

2026-10-05 08:02:39.377 [main] WARN  Engine - prioriy set to 0, because NumberFormatException, the value is: null
2026-10-05 08:02:39.378 [main] INFO  PerfTrace - PerfTrace traceId=job_-1, isEnable=false, priority=0
2026-10-05 08:02:39.378 [main] INFO  JobContainer - DataX jobContainer starts job.
2026-10-05 08:02:39.378 [main] INFO  JobContainer - Set jobId = 0
2026-10-05 08:02:39.740 [job-0] INFO  OriginalConfPretreatmentUtil - Available jdbcUrl:jdbc:mysql://192.168.110.131:3306/cloud_ecommerce?useUnicode=true&characterEncoding=utf-8&yearIsDateType=false&zeroDateTimeBehavior=convertToNull&tinyInt1isBit=false&rewriteBatchedStatements=true.
2026-10-05 08:02:40.330 [job-0] INFO  JobContainer - jobContainer starts to do prepare ...
2026-10-05 08:02:40.330 [job-0] INFO  JobContainer - DataX Reader.Job [mysqlreader] do prepare work .
2026-10-05 08:02:40.331 [job-0] INFO  JobContainer - DataX Writer.Job [hdfswriter] do prepare work .
2026-10-05 08:02:40.388 [job-0] INFO  JobContainer - jobContainer starts to do split ...
2026-10-05 08:02:40.389 [job-0] INFO  JobContainer - Job set Channel-Number to 1 channels.
2026-10-05 08:02:40.390 [job-0] INFO  JobContainer - DataX Reader.Job [mysqlreader] splits to [1] tasks.
2026-10-05 08:02:40.391 [job-0] INFO  HdfsWriter$Job - begin do split...
2026-10-05 08:02:40.395 [job-0] INFO  HdfsWriter$Job - splited write file name:[hdfs://192.168.42.101:8020/hive3/warehouse/ods.db/ods_payment_info/dt=2026-10-03__399f627e_ab65_46c7_9ef6_8a852deb626e/payment_info__e3dab4f7_7533_4748_99d8_2df33c09c998]
2026-10-05 08:02:40.395 [job-0] INFO  HdfsWriter$Job - end do split.
2026-10-05 08:02:40.395 [job-0] INFO  JobContainer - DataX Writer.Job [hdfswriter] splits to [1] tasks.
2026-10-05 08:02:40.404 [job-0] INFO  JobContainer - jobContainer starts to do schedule ...
2026-10-05 08:02:40.406 [job-0] INFO  JobContainer - Scheduler starts [1] taskGroups.
2026-10-05 08:02:40.407 [job-0] INFO  JobContainer - Running by standalone Mode.
2026-10-05 08:02:40.411 [taskGroup-0] INFO  TaskGroupContainer - taskGroupId=[0] start [1] channels for [1] tasks.
2026-10-05 08:02:40.414 [taskGroup-0] INFO  Channel - Channel set byte_speed_limit to -1, No bps activated.
2026-10-05 08:02:40.414 [taskGroup-0] INFO  Channel - Channel set record_speed_limit to -1, No tps activated.
2026-10-05 08:02:40.420 [taskGroup-0] INFO  TaskGroupContainer - taskGroup[0] taskId[0] attemptCount[1] is started
2026-10-05 08:02:40.421 [0-0-0-reader] INFO  CommonRdbmsReader$Task - Begin to read record by Sql: [SELECT * FROM payment_info WHERE date(create_time)='2026-10-03' 
] jdbcUrl:[jdbc:mysql://192.168.110.131:3306/cloud_ecommerce?useUnicode=true&characterEncoding=utf-8&yearIsDateType=false&zeroDateTimeBehavior=convertToNull&tinyInt1isBit=false&rewriteBatchedStatements=true].
2026-10-05 08:02:40.438 [0-0-0-writer] INFO  HdfsWriter$Task - begin do write...
2026-10-05 08:02:40.438 [0-0-0-writer] INFO  HdfsWriter$Task - write to file : [hdfs://192.168.42.101:8020/hive3/warehouse/ods.db/ods_payment_info/dt=2026-10-03__399f627e_ab65_46c7_9ef6_8a852deb626e/payment_info__e3dab4f7_7533_4748_99d8_2df33c09c998]
2026-10-05 08:02:41.245 [0-0-0-reader] INFO  CommonRdbmsReader$Task - Finished read record by Sql: [SELECT * FROM payment_info WHERE date(create_time)='2026-10-03' 
] jdbcUrl:[jdbc:mysql://192.168.110.131:3306/cloud_ecommerce?useUnicode=true&characterEncoding=utf-8&yearIsDateType=false&zeroDateTimeBehavior=convertToNull&tinyInt1isBit=false&rewriteBatchedStatements=true].
2026-10-05 08:02:41.254 [0-0-0-writer] INFO  HdfsWriter$Task - end do write
2026-10-05 08:02:41.321 [taskGroup-0] INFO  TaskGroupContainer - taskGroup[0] taskId[0] is successed, used[903]ms
2026-10-05 08:02:41.322 [taskGroup-0] INFO  TaskGroupContainer - taskGroup[0] completed it's tasks.
2026-10-05 08:02:50.417 [job-0] INFO  StandAloneJobContainerCommunicator - Total 70686 records, 5727344 bytes | Speed 559.31KB/s, 7068 records/s | Error 0 records, 0 bytes |  All Task WaitWriterTime 0.148s |  All Task WaitReaderTime 0.093s | Percentage 100.00%
2026-10-05 08:02:50.417 [job-0] INFO  AbstractScheduler - Scheduler accomplished all tasks.
2026-10-05 08:02:50.417 [job-0] INFO  JobContainer - DataX Writer.Job [hdfswriter] do post work.
2026-10-05 08:02:50.417 [job-0] INFO  HdfsWriter$Job - start rename file [hdfs://192.168.42.101:8020/hive3/warehouse/ods.db/ods_payment_info/dt=2026-10-03__399f627e_ab65_46c7_9ef6_8a852deb626e/payment_info__e3dab4f7_7533_4748_99d8_2df33c09c998] to file [hdfs://192.168.42.101:8020/hive3/warehouse/ods.db/ods_payment_info/dt=2026-10-03/payment_info__e3dab4f7_7533_4748_99d8_2df33c09c998].
2026-10-05 08:02:50.421 [job-0] INFO  HdfsWriter$Job - finish rename file [hdfs://192.168.42.101:8020/hive3/warehouse/ods.db/ods_payment_info/dt=2026-10-03__399f627e_ab65_46c7_9ef6_8a852deb626e/payment_info__e3dab4f7_7533_4748_99d8_2df33c09c998] to file [hdfs://192.168.42.101:8020/hive3/warehouse/ods.db/ods_payment_info/dt=2026-10-03/payment_info__e3dab4f7_7533_4748_99d8_2df33c09c998].
2026-10-05 08:02:50.421 [job-0] INFO  HdfsWriter$Job - start delete tmp dir [hdfs://192.168.42.101:8020/hive3/warehouse/ods.db/ods_payment_info/dt=2026-10-03__399f627e_ab65_46c7_9ef6_8a852deb626e] .
2026-10-05 08:02:50.425 [job-0] INFO  HdfsWriter$Job - finish delete tmp dir [hdfs://192.168.42.101:8020/hive3/warehouse/ods.db/ods_payment_info/dt=2026-10-03__399f627e_ab65_46c7_9ef6_8a852deb626e] .
2026-10-05 08:02:50.425 [job-0] INFO  JobContainer - DataX Reader.Job [mysqlreader] do post work.
2026-10-05 08:02:50.425 [job-0] INFO  JobContainer - DataX jobId [0] completed successfully.
2026-10-05 08:02:50.425 [job-0] INFO  HookInvoker - No hook invoked, because base dir not exists or is a file: /opt/datax/hook
2026-10-05 08:02:50.527 [job-0] INFO  JobContainer - 
	 [total cpu info] => 
		averageCpu                     | maxDeltaCpu                    | minDeltaCpu                    
		-1.00%                         | -1.00%                         | -1.00%
                        

	 [total gc info] => 
		 NAME                 | totalGCCount       | maxDeltaGCCount    | minDeltaGCCount    | totalGCTime        | maxDeltaGCTime     | minDeltaGCTime     
		 PS MarkSweep         | 1                  | 1                  | 1                  | 0.022s             | 0.022s             | 0.022s             
		 PS Scavenge          | 4                  | 4                  | 4                  | 0.023s             | 0.023s             | 0.023s             

2026-10-05 08:02:50.527 [job-0] INFO  JobContainer - PerfTrace not enable!
2026-10-05 08:02:50.528 [job-0] INFO  StandAloneJobContainerCommunicator - Total 70686 records, 5727344 bytes | Speed 559.31KB/s, 7068 records/s | Error 0 records, 0 bytes |  All Task WaitWriterTime 0.148s |  All Task WaitReaderTime 0.093s | Percentage 100.00%
2026-10-05 08:02:50.528 [job-0] INFO  JobContainer - 
任务启动时刻                    : 2026-10-05 08:02:39
任务结束时刻                    : 2026-10-05 08:02:50
任务总计耗时                    :                 11s
任务平均流量                    :          559.31KB/s
记录写入速度                    :           7068rec/s
读出记录总数                    :               70686
读写失败总数                    :                   0

======================datax开始抽取 payment_info的分区2026-10-04==============================

DataX (DATAX-OPENSOURCE-3.0), From Alibaba !
Copyright (C) 2010-2017, Alibaba Group. All Rights Reserved.


2026-10-05 08:02:52.042 [main] INFO  MessageSource - JVM TimeZone: GMT+08:00, Locale: zh_CN
2026-10-05 08:02:52.043 [main] INFO  MessageSource - use Locale: zh_CN timeZone: sun.util.calendar.ZoneInfo[id="GMT+08:00",offset=28800000,dstSavings=0,useDaylight=false,transitions=0,lastRule=null]
2026-10-05 08:02:52.050 [main] INFO  VMInfo - VMInfo# operatingSystem class => sun.management.OperatingSystemImpl
2026-10-05 08:02:52.053 [main] INFO  Engine - the machine info  => 

	osInfo:	Oracle Corporation 1.8 25.212-b10
	jvmInfo:	Linux amd64 5.4.0-216-generic
	cpu num:	4

	totalPhysicalMemory:	-0.00G
	freePhysicalMemory:	-0.00G
	maxFileDescriptorCount:	-1
	currentOpenFileDescriptorCount:	-1

	GC Names	[PS MarkSweep, PS Scavenge]

	MEMORY_NAME                    | allocation_size                | init_size                      
	PS Eden Space                  | 256.00MB                       | 256.00MB                       
	Code Cache                     | 240.00MB                       | 2.44MB                         
	Compressed Class Space         | 1,024.00MB                     | 0.00MB                         
	PS Survivor Space              | 42.50MB                        | 42.50MB                        
	PS Old Gen                     | 683.00MB                       | 683.00MB                       
	Metaspace                      | -0.00MB                        | 0.00MB                         


2026-10-05 08:02:52.063 [main] INFO  Engine - 
{
	"content":[
		{
			"reader":{
				"name":"mysqlreader",
				"parameter":{
					"connection":[
						{
							"jdbcUrl":[
								"jdbc:mysql://192.168.110.131:3306/cloud_ecommerce?useUnicode=true&characterEncoding=utf-8"
							],
							"querySql":[
								"SELECT * FROM payment_info WHERE date(create_time)='2026-10-04' "
							]
						}
					],
					"password":"*******",
					"username":"bigdata"
				}
			},
			"writer":{
				"name":"hdfswriter",
				"parameter":{
					"column":[
						{
							"name":"pay_id",
							"type":"BIGINT"
						},
						{
							"name":"order_id",
							"type":"BIGINT"
						},
						{
							"name":"pay_amount",
							"type":"STRING"
						},
						{
							"name":"payment_method",
							"type":"STRING"
						},
						{
							"name":"payment_status",
							"type":"TINYINT"
						},
						{
							"name":"transaction_id",
							"type":"STRING"
						},
						{
							"name":"pay_time",
							"type":"STRING"
						},
						{
							"name":"create_time",
							"type":"STRING"
						},
						{
							"name":"update_time",
							"type":"STRING"
						}
					],
					"defaultFS":"hdfs://192.168.42.101:8020",
					"fieldDelimiter":"\t",
					"fileName":"payment_info",
					"fileType":"text",
					"path":"/hive3/warehouse/ods.db/ods_payment_info/dt=2026-10-04",
					"writeMode":"truncate"
				}
			}
		}
	],
	"setting":{
		"speed":{
			"channel":1
		}
	}
}

2026-10-05 08:02:52.072 [main] WARN  Engine - prioriy set to 0, because NumberFormatException, the value is: null
2026-10-05 08:02:52.074 [main] INFO  PerfTrace - PerfTrace traceId=job_-1, isEnable=false, priority=0
2026-10-05 08:02:52.074 [main] INFO  JobContainer - DataX jobContainer starts job.
2026-10-05 08:02:52.075 [main] INFO  JobContainer - Set jobId = 0
2026-10-05 08:02:52.430 [job-0] INFO  OriginalConfPretreatmentUtil - Available jdbcUrl:jdbc:mysql://192.168.110.131:3306/cloud_ecommerce?useUnicode=true&characterEncoding=utf-8&yearIsDateType=false&zeroDateTimeBehavior=convertToNull&tinyInt1isBit=false&rewriteBatchedStatements=true.
2026-10-05 08:02:52.965 [job-0] INFO  JobContainer - jobContainer starts to do prepare ...
2026-10-05 08:02:52.965 [job-0] INFO  JobContainer - DataX Reader.Job [mysqlreader] do prepare work .
2026-10-05 08:02:52.966 [job-0] INFO  JobContainer - DataX Writer.Job [hdfswriter] do prepare work .
2026-10-05 08:02:53.023 [job-0] INFO  JobContainer - jobContainer starts to do split ...
2026-10-05 08:02:53.024 [job-0] INFO  JobContainer - Job set Channel-Number to 1 channels.
2026-10-05 08:02:53.025 [job-0] INFO  JobContainer - DataX Reader.Job [mysqlreader] splits to [1] tasks.
2026-10-05 08:02:53.025 [job-0] INFO  HdfsWriter$Job - begin do split...
2026-10-05 08:02:53.029 [job-0] INFO  HdfsWriter$Job - splited write file name:[hdfs://192.168.42.101:8020/hive3/warehouse/ods.db/ods_payment_info/dt=2026-10-04__d68af3f9_fedd_457a_ae64_46d7f1c57b33/payment_info__fe08050b_abf6_4c8a_b466_52a1ee3c619a]
2026-10-05 08:02:53.029 [job-0] INFO  HdfsWriter$Job - end do split.
2026-10-05 08:02:53.029 [job-0] INFO  JobContainer - DataX Writer.Job [hdfswriter] splits to [1] tasks.
2026-10-05 08:02:53.041 [job-0] INFO  JobContainer - jobContainer starts to do schedule ...
2026-10-05 08:02:53.043 [job-0] INFO  JobContainer - Scheduler starts [1] taskGroups.
2026-10-05 08:02:53.044 [job-0] INFO  JobContainer - Running by standalone Mode.
2026-10-05 08:02:53.048 [taskGroup-0] INFO  TaskGroupContainer - taskGroupId=[0] start [1] channels for [1] tasks.
2026-10-05 08:02:53.051 [taskGroup-0] INFO  Channel - Channel set byte_speed_limit to -1, No bps activated.
2026-10-05 08:02:53.051 [taskGroup-0] INFO  Channel - Channel set record_speed_limit to -1, No tps activated.
2026-10-05 08:02:53.060 [taskGroup-0] INFO  TaskGroupContainer - taskGroup[0] taskId[0] attemptCount[1] is started
2026-10-05 08:02:53.063 [0-0-0-reader] INFO  CommonRdbmsReader$Task - Begin to read record by Sql: [SELECT * FROM payment_info WHERE date(create_time)='2026-10-04' 
] jdbcUrl:[jdbc:mysql://192.168.110.131:3306/cloud_ecommerce?useUnicode=true&characterEncoding=utf-8&yearIsDateType=false&zeroDateTimeBehavior=convertToNull&tinyInt1isBit=false&rewriteBatchedStatements=true].
2026-10-05 08:02:53.077 [0-0-0-writer] INFO  HdfsWriter$Task - begin do write...
2026-10-05 08:02:53.077 [0-0-0-writer] INFO  HdfsWriter$Task - write to file : [hdfs://192.168.42.101:8020/hive3/warehouse/ods.db/ods_payment_info/dt=2026-10-04__d68af3f9_fedd_457a_ae64_46d7f1c57b33/payment_info__fe08050b_abf6_4c8a_b466_52a1ee3c619a]
2026-10-05 08:02:53.560 [0-0-0-reader] INFO  CommonRdbmsReader$Task - Finished read record by Sql: [SELECT * FROM payment_info WHERE date(create_time)='2026-10-04' 
] jdbcUrl:[jdbc:mysql://192.168.110.131:3306/cloud_ecommerce?useUnicode=true&characterEncoding=utf-8&yearIsDateType=false&zeroDateTimeBehavior=convertToNull&tinyInt1isBit=false&rewriteBatchedStatements=true].
2026-10-05 08:02:53.767 [0-0-0-writer] INFO  HdfsWriter$Task - end do write
2026-10-05 08:02:53.862 [taskGroup-0] INFO  TaskGroupContainer - taskGroup[0] taskId[0] is successed, used[806]ms
2026-10-05 08:02:53.862 [taskGroup-0] INFO  TaskGroupContainer - taskGroup[0] completed it's tasks.
2026-10-05 08:03:03.055 [job-0] INFO  StandAloneJobContainerCommunicator - Total 0 records, 0 bytes | Speed 0B/s, 0 records/s | Error 0 records, 0 bytes |  All Task WaitWriterTime 0.000s |  All Task WaitReaderTime 0.000s | Percentage 100.00%
2026-10-05 08:03:03.056 [job-0] INFO  AbstractScheduler - Scheduler accomplished all tasks.
2026-10-05 08:03:03.056 [job-0] INFO  JobContainer - DataX Writer.Job [hdfswriter] do post work.
2026-10-05 08:03:03.056 [job-0] INFO  HdfsWriter$Job - start rename file [hdfs://192.168.42.101:8020/hive3/warehouse/ods.db/ods_payment_info/dt=2026-10-04__d68af3f9_fedd_457a_ae64_46d7f1c57b33/payment_info__fe08050b_abf6_4c8a_b466_52a1ee3c619a] to file [hdfs://192.168.42.101:8020/hive3/warehouse/ods.db/ods_payment_info/dt=2026-10-04/payment_info__fe08050b_abf6_4c8a_b466_52a1ee3c619a].
2026-10-05 08:03:03.057 [job-0] INFO  HdfsWriter$Job - 文件［hdfs://192.168.42.101:8020/hive3/warehouse/ods.db/ods_payment_info/dt=2026-10-04__d68af3f9_fedd_457a_ae64_46d7f1c57b33/payment_info__fe08050b_abf6_4c8a_b466_52a1ee3c619a］内容为空,请检查写入是否正常！
2026-10-05 08:03:03.058 [job-0] INFO  HdfsWriter$Job - start delete tmp dir [hdfs://192.168.42.101:8020/hive3/warehouse/ods.db/ods_payment_info/dt=2026-10-04__d68af3f9_fedd_457a_ae64_46d7f1c57b33] .
2026-10-05 08:03:03.062 [job-0] INFO  HdfsWriter$Job - finish delete tmp dir [hdfs://192.168.42.101:8020/hive3/warehouse/ods.db/ods_payment_info/dt=2026-10-04__d68af3f9_fedd_457a_ae64_46d7f1c57b33] .
2026-10-05 08:03:03.063 [job-0] INFO  JobContainer - DataX Reader.Job [mysqlreader] do post work.
2026-10-05 08:03:03.063 [job-0] INFO  JobContainer - DataX jobId [0] completed successfully.
2026-10-05 08:03:03.064 [job-0] INFO  HookInvoker - No hook invoked, because base dir not exists or is a file: /opt/datax/hook
2026-10-05 08:03:03.165 [job-0] INFO  JobContainer - 
	 [total cpu info] => 
		averageCpu                     | maxDeltaCpu                    | minDeltaCpu                    
		-1.00%                         | -1.00%                         | -1.00%
                        

	 [total gc info] => 
		 NAME                 | totalGCCount       | maxDeltaGCCount    | minDeltaGCCount    | totalGCTime        | maxDeltaGCTime     | minDeltaGCTime     
		 PS MarkSweep         | 1                  | 1                  | 1                  | 0.019s             | 0.019s             | 0.019s             
		 PS Scavenge          | 1                  | 1                  | 1                  | 0.009s             | 0.009s             | 0.009s             

2026-10-05 08:03:03.165 [job-0] INFO  JobContainer - PerfTrace not enable!
2026-10-05 08:03:03.166 [job-0] INFO  StandAloneJobContainerCommunicator - Total 0 records, 0 bytes | Speed 0B/s, 0 records/s | Error 0 records, 0 bytes |  All Task WaitWriterTime 0.000s |  All Task WaitReaderTime 0.000s | Percentage 100.00%
2026-10-05 08:03:03.166 [job-0] INFO  JobContainer - 
任务启动时刻                    : 2026-10-05 08:02:52
任务结束时刻                    : 2026-10-05 08:03:03
任务总计耗时                    :                 11s
任务平均流量                    :                0B/s
记录写入速度                    :              0rec/s
读出记录总数                    :                   0
读写失败总数                    :                   0

======================修复 payment_info 分区======================
Partitions not in metastore:	ods_payment_info:dt=2026-09-26	ods_payment_info:dt=2026-09-27	ods_payment_info:dt=2026-09-28	ods_payment_info:dt=2026-09-29	ods_payment_info:dt=2026-09-30	ods_payment_info:dt=2026-10-01	ods_payment_info:dt=2026-10-02	ods_payment_info:dt=2026-10-03	ods_payment_info:dt=2026-10-04
Repair: Added partition to metastore ods_payment_info:dt=2026-10-01
Repair: Added partition to metastore ods_payment_info:dt=2026-09-27
Repair: Added partition to metastore ods_payment_info:dt=2026-10-02
Repair: Added partition to metastore ods_payment_info:dt=2026-10-04
Repair: Added partition to metastore ods_payment_info:dt=2026-10-03
Repair: Added partition to metastore ods_payment_info:dt=2026-09-30
Repair: Added partition to metastore ods_payment_info:dt=2026-09-28
Repair: Added partition to metastore ods_payment_info:dt=2026-09-26
Repair: Added partition to metastore ods_payment_info:dt=2026-09-29
======================全量抽取 code_value==================================
======================datax开始抽取 code_value==============================

DataX (DATAX-OPENSOURCE-3.0), From Alibaba !
Copyright (C) 2010-2017, Alibaba Group. All Rights Reserved.


2026-10-05 08:08:47.094 [main] INFO  MessageSource - JVM TimeZone: GMT+08:00, Locale: zh_CN
2026-10-05 08:08:47.095 [main] INFO  MessageSource - use Locale: zh_CN timeZone: sun.util.calendar.ZoneInfo[id="GMT+08:00",offset=28800000,dstSavings=0,useDaylight=false,transitions=0,lastRule=null]
2026-10-05 08:08:47.102 [main] INFO  VMInfo - VMInfo# operatingSystem class => sun.management.OperatingSystemImpl
2026-10-05 08:08:47.105 [main] INFO  Engine - the machine info  => 

	osInfo:	Oracle Corporation 1.8 25.212-b10
	jvmInfo:	Linux amd64 5.4.0-216-generic
	cpu num:	4

	totalPhysicalMemory:	-0.00G
	freePhysicalMemory:	-0.00G
	maxFileDescriptorCount:	-1
	currentOpenFileDescriptorCount:	-1

	GC Names	[PS MarkSweep, PS Scavenge]

	MEMORY_NAME                    | allocation_size                | init_size                      
	PS Eden Space                  | 256.00MB                       | 256.00MB                       
	Code Cache                     | 240.00MB                       | 2.44MB                         
	Compressed Class Space         | 1,024.00MB                     | 0.00MB                         
	PS Survivor Space              | 42.50MB                        | 42.50MB                        
	PS Old Gen                     | 683.00MB                       | 683.00MB                       
	Metaspace                      | -0.00MB                        | 0.00MB                         


2026-10-05 08:08:47.116 [main] INFO  Engine - 
{
	"content":[
		{
			"reader":{
				"name":"mysqlreader",
				"parameter":{
					"connection":[
						{
							"jdbcUrl":[
								"jdbc:mysql://192.168.110.131:3306/cloud_ecommerce?useUnicode=true&characterEncoding=utf-8"
							],
							"querySql":[
								"SELECT * FROM code_value "
							]
						}
					],
					"password":"*******",
					"username":"bigdata"
				}
			},
			"writer":{
				"name":"hdfswriter",
				"parameter":{
					"column":[
						{
							"name":"code_id",
							"type":"INT"
						},
						{
							"name":"code_group",
							"type":"STRING"
						},
						{
							"name":"code_group_name",
							"type":"STRING"
						},
						{
							"name":"code_value",
							"type":"STRING"
						},
						{
							"name":"code_label",
							"type":"STRING"
						},
						{
							"name":"sort_order",
							"type":"INT"
						},
						{
							"name":"status",
							"type":"TINYINT"
						},
						{
							"name":"create_time",
							"type":"STRING"
						}
					],
					"defaultFS":"hdfs://192.168.42.101:8020",
					"fieldDelimiter":"\t",
					"fileName":"code_value",
					"fileType":"text",
					"path":"/hive3/warehouse/dim.db/dim_code_value",
					"writeMode":"truncate"
				}
			}
		}
	],
	"setting":{
		"speed":{
			"channel":1
		}
	}
}

2026-10-05 08:08:47.126 [main] WARN  Engine - prioriy set to 0, because NumberFormatException, the value is: null
2026-10-05 08:08:47.127 [main] INFO  PerfTrace - PerfTrace traceId=job_-1, isEnable=false, priority=0
2026-10-05 08:08:47.127 [main] INFO  JobContainer - DataX jobContainer starts job.
2026-10-05 08:08:47.128 [main] INFO  JobContainer - Set jobId = 0
2026-10-05 08:08:47.503 [job-0] INFO  OriginalConfPretreatmentUtil - Available jdbcUrl:jdbc:mysql://192.168.110.131:3306/cloud_ecommerce?useUnicode=true&characterEncoding=utf-8&yearIsDateType=false&zeroDateTimeBehavior=convertToNull&tinyInt1isBit=false&rewriteBatchedStatements=true.
2026-10-05 08:08:48.042 [job-0] INFO  JobContainer - jobContainer starts to do prepare ...
2026-10-05 08:08:48.042 [job-0] INFO  JobContainer - DataX Reader.Job [mysqlreader] do prepare work .
2026-10-05 08:08:48.043 [job-0] INFO  JobContainer - DataX Writer.Job [hdfswriter] do prepare work .
2026-10-05 08:08:48.096 [job-0] INFO  JobContainer - jobContainer starts to do split ...
2026-10-05 08:08:48.096 [job-0] INFO  JobContainer - Job set Channel-Number to 1 channels.
2026-10-05 08:08:48.098 [job-0] INFO  JobContainer - DataX Reader.Job [mysqlreader] splits to [1] tasks.
2026-10-05 08:08:48.098 [job-0] INFO  HdfsWriter$Job - begin do split...
2026-10-05 08:08:48.102 [job-0] INFO  HdfsWriter$Job - splited write file name:[hdfs://192.168.42.101:8020/hive3/warehouse/dim.db/dim_code_value__5e3f2f00_2932_414a_991a_0566492adc1f/code_value__732cd3ec_1542_4ed0_a5b5_c7f44d388eff]
2026-10-05 08:08:48.102 [job-0] INFO  HdfsWriter$Job - end do split.
2026-10-05 08:08:48.102 [job-0] INFO  JobContainer - DataX Writer.Job [hdfswriter] splits to [1] tasks.
2026-10-05 08:08:48.113 [job-0] INFO  JobContainer - jobContainer starts to do schedule ...
2026-10-05 08:08:48.115 [job-0] INFO  JobContainer - Scheduler starts [1] taskGroups.
2026-10-05 08:08:48.116 [job-0] INFO  JobContainer - Running by standalone Mode.
2026-10-05 08:08:48.122 [taskGroup-0] INFO  TaskGroupContainer - taskGroupId=[0] start [1] channels for [1] tasks.
2026-10-05 08:08:48.125 [taskGroup-0] INFO  Channel - Channel set byte_speed_limit to -1, No bps activated.
2026-10-05 08:08:48.125 [taskGroup-0] INFO  Channel - Channel set record_speed_limit to -1, No tps activated.
2026-10-05 08:08:48.138 [taskGroup-0] INFO  TaskGroupContainer - taskGroup[0] taskId[0] attemptCount[1] is started
2026-10-05 08:08:48.141 [0-0-0-reader] INFO  CommonRdbmsReader$Task - Begin to read record by Sql: [SELECT * FROM code_value 
] jdbcUrl:[jdbc:mysql://192.168.110.131:3306/cloud_ecommerce?useUnicode=true&characterEncoding=utf-8&yearIsDateType=false&zeroDateTimeBehavior=convertToNull&tinyInt1isBit=false&rewriteBatchedStatements=true].
2026-10-05 08:08:48.148 [0-0-0-writer] INFO  HdfsWriter$Task - begin do write...
2026-10-05 08:08:48.148 [0-0-0-writer] INFO  HdfsWriter$Task - write to file : [hdfs://192.168.42.101:8020/hive3/warehouse/dim.db/dim_code_value__5e3f2f00_2932_414a_991a_0566492adc1f/code_value__732cd3ec_1542_4ed0_a5b5_c7f44d388eff]
2026-10-05 08:08:48.278 [0-0-0-reader] INFO  CommonRdbmsReader$Task - Finished read record by Sql: [SELECT * FROM code_value 
] jdbcUrl:[jdbc:mysql://192.168.110.131:3306/cloud_ecommerce?useUnicode=true&characterEncoding=utf-8&yearIsDateType=false&zeroDateTimeBehavior=convertToNull&tinyInt1isBit=false&rewriteBatchedStatements=true].
2026-10-05 08:08:48.392 [0-0-0-writer] INFO  HdfsWriter$Task - end do write
2026-10-05 08:08:48.439 [taskGroup-0] INFO  TaskGroupContainer - taskGroup[0] taskId[0] is successed, used[310]ms
2026-10-05 08:08:48.440 [taskGroup-0] INFO  TaskGroupContainer - taskGroup[0] completed it's tasks.
2026-10-05 08:08:58.127 [job-0] INFO  StandAloneJobContainerCommunicator - Total 31 records, 1036 bytes | Speed 103B/s, 3 records/s | Error 0 records, 0 bytes |  All Task WaitWriterTime 0.000s |  All Task WaitReaderTime 0.000s | Percentage 100.00%
2026-10-05 08:08:58.128 [job-0] INFO  AbstractScheduler - Scheduler accomplished all tasks.
2026-10-05 08:08:58.128 [job-0] INFO  JobContainer - DataX Writer.Job [hdfswriter] do post work.
2026-10-05 08:08:58.128 [job-0] INFO  HdfsWriter$Job - start rename file [hdfs://192.168.42.101:8020/hive3/warehouse/dim.db/dim_code_value__5e3f2f00_2932_414a_991a_0566492adc1f/code_value__732cd3ec_1542_4ed0_a5b5_c7f44d388eff] to file [hdfs://192.168.42.101:8020/hive3/warehouse/dim.db/dim_code_value/code_value__732cd3ec_1542_4ed0_a5b5_c7f44d388eff].
2026-10-05 08:08:58.134 [job-0] INFO  HdfsWriter$Job - finish rename file [hdfs://192.168.42.101:8020/hive3/warehouse/dim.db/dim_code_value__5e3f2f00_2932_414a_991a_0566492adc1f/code_value__732cd3ec_1542_4ed0_a5b5_c7f44d388eff] to file [hdfs://192.168.42.101:8020/hive3/warehouse/dim.db/dim_code_value/code_value__732cd3ec_1542_4ed0_a5b5_c7f44d388eff].
2026-10-05 08:08:58.134 [job-0] INFO  HdfsWriter$Job - start delete tmp dir [hdfs://192.168.42.101:8020/hive3/warehouse/dim.db/dim_code_value__5e3f2f00_2932_414a_991a_0566492adc1f] .
2026-10-05 08:08:58.139 [job-0] INFO  HdfsWriter$Job - finish delete tmp dir [hdfs://192.168.42.101:8020/hive3/warehouse/dim.db/dim_code_value__5e3f2f00_2932_414a_991a_0566492adc1f] .
2026-10-05 08:08:58.139 [job-0] INFO  JobContainer - DataX Reader.Job [mysqlreader] do post work.
2026-10-05 08:08:58.139 [job-0] INFO  JobContainer - DataX jobId [0] completed successfully.
2026-10-05 08:08:58.140 [job-0] INFO  HookInvoker - No hook invoked, because base dir not exists or is a file: /opt/datax/hook
2026-10-05 08:08:58.242 [job-0] INFO  JobContainer - 
	 [total cpu info] => 
		averageCpu                     | maxDeltaCpu                    | minDeltaCpu                    
		-1.00%                         | -1.00%                         | -1.00%
                        

	 [total gc info] => 
		 NAME                 | totalGCCount       | maxDeltaGCCount    | minDeltaGCCount    | totalGCTime        | maxDeltaGCTime     | minDeltaGCTime     
		 PS MarkSweep         | 1                  | 1                  | 1                  | 0.020s             | 0.020s             | 0.020s             
		 PS Scavenge          | 1                  | 1                  | 1                  | 0.009s             | 0.009s             | 0.009s             

2026-10-05 08:08:58.242 [job-0] INFO  JobContainer - PerfTrace not enable!
2026-10-05 08:08:58.242 [job-0] INFO  StandAloneJobContainerCommunicator - Total 31 records, 1036 bytes | Speed 103B/s, 3 records/s | Error 0 records, 0 bytes |  All Task WaitWriterTime 0.000s |  All Task WaitReaderTime 0.000s | Percentage 100.00%
2026-10-05 08:08:58.244 [job-0] INFO  JobContainer - 
任务启动时刻                    : 2026-10-05 08:08:47
任务结束时刻                    : 2026-10-05 08:08:58
任务总计耗时                    :                 11s
任务平均流量                    :              103B/s
记录写入速度                    :              3rec/s
读出记录总数                    :                  31
读写失败总数                    :                   0

=======================全量抽数 code_value完成==============================
